{
  "swagger": "2.0",
  "info": {
    "version": "v1",
    "title": "Client Demographics API",
    "description": "By using the protected APIs that follow, you can send updates to a client's demographics details from an external system to Merative Integrated Care, which includes a clients's date of birth and death, gender, and marital status. The client is identified when Merative Integrated Care receives the Merative Integrated Care client ID or the external ID and type. The client’s demographics  record is identified when Merative Integrated Care receives an identifier type and record id for each data type."
  },
  "host": "host",
  "basePath": "/Rest",
  "produces": [
    "application/json"
  ],
  "consumes": [
    "application/json"
  ],
  "paths": {
    "/v1/ees/individual_headers/{id}": {
      "put": {
        "tags": [
          "Update a client's demographic details (by ID)"
        ],
        "parameters": [
          {
            "in": "header",
            "name": "Referer",
            "type": "string",
            "enum": [
              "curam://foundational.app"
            ],
            "required": true
          },
          {
            "in": "header",
            "name": "X-WCM-TENANT-ID",
            "type": "string",
            "enum": [
              "The tenant ID."
            ],
            "required": true
          },
          {
            "in": "header",
            "name": "X-WCM-TENANT-INSTANCE",
            "type": "string",
            "enum": [
              "The tenant instance."
            ],
            "required": true
          },
          {
            "in": "header",
            "name": "Authorization",
            "type": "string",
            "enum": [
              "The Access Token."
            ],
            "required": true
          },
          {
            "in": "header",
            "name": "X-GRANT-TYPE",
            "type": "string",
            "enum": [
              "client_credentials"
            ],
            "required": true
          },
          {
            "name": "body",
            "in": "body",
            "description": "The inbound message that contains the information required to update a client's demographic details.",
            "required": true,
            "schema": {
              "$ref": "#/definitions/PatientUpdateExt"
            }
          },
          {
            "name": "id",
            "in": "path",
            "required": true,
            "description": "Mandatory. \n\nThe \"id\" attribute holds the Individual resource ID. This corresponds to the Merative Integrated Care Client Reference Number.",
            "type": "string",
            "maxLength": 900
          }
        ],
        "description": "Updates a client's date of birth/death, gender, and marital status records assuming that a matching record is found when the external system initiates a transfer of valid data to Merative Integrated Care.  Merative Integrated Care identifies the record to be updated based on the individual's resource ID that the external system provides in the path and the body. \n\n Example request\n \n    cURL\n    \n    curl -X PUT \"https://host:port/Rest/v1/ees/individual_headers/375476597\" -H  \"X-WCM-TENANT-ID: Tenant ID\" -H  \"X-WCM-TENANT-INSTANCE: Tenant Instance\" -H  \"Referer: curam://foundational.app\" -H  \"Authorization: access_token\" -H  \"X-GRANT-TYPE: client_credentials\" -H  \"accept: application/json\" -H  \"Content-Type: application/json\" -d \"{  \\\"id\\\": \\\"375476597\\\",  \\\"active\\\": true,  \\\"birthDate\\\": \\\"1999-03-03\\\",  \\\"deceasedBoolean\\\": false,  \\\"deceasedDate\\\": \\\"\\\",  \\\"resourceType\\\": \\\"Patient\\\",  \\\"source\\\": \\\"Reported by Care Assistant\\\",  \\\"originalSource\\\": \\\"Self reported\\\",  \\\"maritalStatus\\\": {    \\\"coding\\\": [      {        \\\"system\\\": \\\"http://hl7.org/fhir/v3/MaritalStatus\\\",        \\\"code\\\": \\\"D\\\"      }    ],    \\\"period\\\": {      \\\"start\\\": \\\"2018-02-03\\\",      \\\"end\\\": \\\"\\\"    }  },  \\\"gender\\\": {    \\\"gender\\\": \\\"male\\\",    \\\"period\\\": {      \\\"start\\\": \\\"\\\",      \\\"end\\\": \\\"\\\"    }  }}\"\n    \n    \n    JAVA\n\n    HttpResponse response = Unirest.put(\"https://host:port/Rest/v1/ees/individual_headers/375476597\")\n\n        .header(\"accept\", \"application/json\")\n\n        .header(\"Authorization\", \"access_token\")\n\n        .header(\"X-GRANT-TYPE\", \"client_credentials\")\n\n        .header(\"X-WCM-TENANT-INSTANCE\", \"Tenant Instance\")\n\n     .header(\"X-WCM-TENANT-ID\", \"Tenant ID\")\n\n        .header(\"Referer\", \"curam://foundational.app\")\n\n        .header(\"Content-Type\", \"application/json\")\n\n        .body(\"{  \\\"id\\\": \\\"375476597\\\",  \\\"active\\\": true,  \\\"birthDate\\\": \\\"1999-03-03\\\",  \\\"deceasedBoolean\\\": false,  \\\"deceasedDate\\\": \\\"\\\",  \\\"resourceType\\\": \\\"Patient\\\",  \\\"source\\\": \\\"Reported by Care Assistant\\\",  \\\"originalSource\\\": \\\"Self reported\\\",  \\\"maritalStatus\\\": {    \\\"coding\\\": [      {        \\\"system\\\": \\\"http://hl7.org/fhir/v3/MaritalStatus\\\",        \\\"code\\\": \\\"D\\\"      }    ],    \\\"period\\\": {      \\\"start\\\": \\\"2018-02-03\\\",      \\\"end\\\": \\\"\\\"    }  },  \\\"gender\\\": {    \\\"gender\\\": \\\"male\\\",    \\\"period\\\": {      \\\"start\\\": \\\"\\\",      \\\"end\\\": \\\"\\\"    }  }}\")\n\n        .asString();",
        "summary": "Update the demographic details of a client who is registered in Merative Integrated Care.",
        "responses": {
          "200": {
            "description": "The put request was successful.",
            "schema": {
              "$ref": "#/definitions/PatientUpdateExt"
            }
          },
          "400": {
            "description": "The data request is invalid. Check the error message for more information and resend the request with the corrected data.\n\nPossible error messages:\n\nEESERR359 - Resource ... is locked by another process.\n\nEESERR355 - Concurrent processing, please retry.\n\nEESERR636 - Failed to retrieve case ID for the patient.\n\nEESERR647 - Error reading the existing record .\n\nEESERR481 - Period start date must be before today's date.\n\nEESERR482 - Period end date must be after start date.\n\nEESERR483 - Period start date must be provide if end is provided.\n\nEESERR484 - Period start date must be after patient's birth date.\n\nEESERR610 - Expected resourceType is Patient.\n\nEESERR503 - Patien's status must be active.\n\nEESERR485 - Patient's birth date must be provided.\n\nEESERR486 - Patien's birth date must be before today's date.\n\nEESERR488 - Deceased date can't be before date of birth.\n\nEESERR489 - Deceased date can't be in the future.\n\nEESERR493 - Only accepted system for marital status code is fhir Marital status.\n\nEESERR494 - A marital status code must be provided when Marital status is provided.\n\nEESERR495 - Invalid code provided for 'marital status'.\n\nEESERR501 - A gender value must be provided.\n\nEESERR502 - Invalid code provided for 'gender'.\n\nEESERR633 - ... record can't be updated or created if the care manager doesn't add an end date.\n\nEESERR634 - Invalid request.\n\nEESERR644 - Failed to map values provided to Merative Integrated Care gender type.\n\nEESERR645 - Failed to map values provided to Merative Integrated Care marital status type.\n\nEESERR635 - Failed to create a record.\n\nEESERR651 - Failed to create a record:  ...\n\nEESERR640 - Failed to map values provided to Merative Integrated Care birth/death type.\n\nEESERR623 - The record was updated by a Care manager, so it can't be udpated by an external system.\n\nEESERR637 - Failed to update a record.\n\nEESERR652 - Failed to update a record:  ...\n\nEESERR648 - Error reading the existing record .",
            "schema": {
              "$ref": "#/definitions/DefaultErrorModel"
            }
          },
          "401": {
            "description": "Invalid authentication credentials for the target resource entered.",
            "schema": {
              "$ref": "#/definitions/DefaultErrorModel"
            }
          },
          "500": {
            "description": "An internal server error occurred. Contact your administrator for more information.",
            "schema": {
              "$ref": "#/definitions/DefaultErrorModel"
            }
          },
          "default": {
            "description": "An unexpected error occurred. Check the error message for more information.",
            "schema": {
              "$ref": "#/definitions/DefaultErrorModel"
            }
          }
        }
      }
    },
    "/v1/ees/individual_headers": {
      "put": {
        "tags": [
          "Update a client's demographic details"
        ],
        "parameters": [
          {
            "in": "header",
            "name": "Referer",
            "type": "string",
            "enum": [
              "curam://foundational.app"
            ],
            "required": true
          },
          {
            "in": "header",
            "name": "X-WCM-TENANT-ID",
            "type": "string",
            "enum": [
              "The tenant ID."
            ],
            "required": true
          },
          {
            "in": "header",
            "name": "X-WCM-TENANT-INSTANCE",
            "type": "string",
            "enum": [
              "The tenant instance."
            ],
            "required": true
          },
          {
            "in": "header",
            "name": "Authorization",
            "type": "string",
            "enum": [
              "The Access Token."
            ],
            "required": true
          },
          {
            "in": "header",
            "name": "X-GRANT-TYPE",
            "type": "string",
            "enum": [
              "client_credentials"
            ],
            "required": true
          },
          {
            "name": "body",
            "in": "body",
            "description": "The inbound message that contains the information required to update a client's demographic details.",
            "required": true,
            "schema": {
              "$ref": "#/definitions/PatientUpdate"
            }
          }
        ],
        "description": "Updates a client's date of birth/death, gender, and marital status records assuming that a matching record is found when the external system initiates a transfer of valid data to Merative Integrated Care.  Merative Integrated Care identifies the record to be updated based on the individual's identification details that the external system provides in the Subject reference field. \n\n Example request\n \n    cURL\n    \n    curl -X PUT \"https://host:port/Rest/v1/ees/individual_headers\" -H  \"X-WCM-TENANT-ID: Tenant ID\" -H  \"X-																																												-TENANT-INSTANCE: Tenant Instance\" -H  \"accept: application/json\" -H  \"Referer: curam://foundational.app\" -H  \"Authorization: access_token\" -H  \"X-GRANT-TYPE: client_credentials\" -H  \"Content-Type: application/json\" -d \"{  \\\"resourceType\\\": \\\"Patient\\\",  \\\"active\\\": true,  \\\"birthDate\\\": \\\"1998-09-01\\\",  \\\"deceasedBoolean\\\": false,  \\\"deceasedDate\\\": \\\"\\\",  \\\"source\\\": \\\"Self reported\\\",  \\\"originalSource\\\": \\\"N.a.\\\",  \\\"maritalStatus\\\": {    \\\"coding\\\": [      {        \\\"system\\\": \\\"http://hl7.org/fhir/v3/MaritalStatus\\\",        \\\"code\\\": \\\"D\\\"      }    ],    \\\"period\\\": {      \\\"start\\\": \\\"2018-03-01\\\",      \\\"end\\\": \\\"\\\"    }  },  \\\"gender\\\": {    \\\"gender\\\": \\\"male\\\",    \\\"period\\\": {      \\\"start\\\": \\\"\\\",      \\\"end\\\": \\\"\\\"    }  },  \\\"subject\\\": {    \\\"reference\\\": \\\"patient/identifiercode=YUTR\\\", identifiervalue=7838984  }}\"\n    \n    \n    JAVA\n\n    HttpResponse response = Unirest.put(\"https://host:port/Rest/v1/ees/individual_headers/375476597\")\n\n        .header(\"accept\", \"application/json\")\n\n        .header(\"Authorization\", \"access_token\")\n\n        .header(\"X-GRANT-TYPE\", \"client_credentials\")\n\n        .header(\"X-WCM-TENANT-INSTANCE\", \"Tenant Instance\")\n\n     .header(\"X-WCM-TENANT-ID\", \"Tenant ID\")\n\n        .header(\"Referer\", \"curam://foundational.app\")\n\n        .header(\"Content-Type\", \"application/json\")\n\n        .body(\"{  \\\"resourceType\\\": \\\"Patient\\\",  \\\"active\\\": true,  \\\"birthDate\\\": \\\"1998-09-01\\\",  \\\"deceasedBoolean\\\": false,  \\\"deceasedDate\\\": \\\"\\\",  \\\"source\\\": \\\"Self reported\\\",  \\\"originalSource\\\": \\\"N.a.\\\",  \\\"maritalStatus\\\": {    \\\"coding\\\": [      {        \\\"system\\\": \\\"http://hl7.org/fhir/v3/MaritalStatus\\\",        \\\"code\\\": \\\"D\\\"      }    ],    \\\"period\\\": {      \\\"start\\\": \\\"2018-03-01\\\",      \\\"end\\\": \\\"\\\"    }  },  \\\"gender\\\": {    \\\"gender\\\": \\\"male\\\",    \\\"period\\\": {      \\\"start\\\": \\\"\\\",      \\\"end\\\": \\\"\\\"    }  },  \\\"subject\\\": {    \\\"reference\\\": \\\"patient/identifiercode=YUTR\\\", identifiervalue=7838984  }}\")\n\n        .asString();",
        "summary": "Update the demographic details of a client who is registered in Merative Integrated Care.",
        "responses": {
          "200": {
            "description": "The put request was successful.",
            "schema": {
              "$ref": "#/definitions/PatientUpdateRet"
            }
          },
          "400": {
            "description": "The data request is invalid. Check the error message for more information and resend the request with the corrected data.\n\nPossible error messages:\n\nEESERR161 - There are no matching individuals based on the ID entered.\n\nEESERR193 - A valid reference number or 'identifier' and 'identifierValue' or or 'identifiercode' and 'identifierValue' must be provided.\n\nEESERR182 - The date value provided, %1s, is invalid and not in the correct format.\n\nEESERR183 - The date value provided, %1s, is invalid.\n\nEESERR165 - The individual ID value provided, %1s, is invalid and not in the correct format.\n\nEESERR180 - The identification details provided match multiple clients.\n\nEESERR359 - Resource %1s is locked by another process.\n\nEESERR355 - Concurrent processing, please retry.\n\nEESERR636 - Failed to retrieve case ID for the patient.\n\nEESERR647 - Error reading the existing record .\n\nEESERR481 - Period start date must be before today's date.\n\nEESERR482 - Period end date must be after start date.\n\nEESERR483 - Period start date must be provide if end is provided.\n\nEESERR484 - Period start date must be after patient's birth date.\n\nEESERR610 - Expected resourceType is Patient.\n\nEESERR503 - Patient's status must be active.\n\nEESERR485 - Patient's birth date must be provided.\n\nEESERR486 - Patient's birth date must be before today's date.\n\nEESERR488 - Deceased date can't be before date of birth.\n\nEESERR489 - Deceased date can't be in the future.\n\nEESERR493 - Only accepted system for marital status code is fhir Marital status.\n\nEESERR494 - A marital status code must be provided when Marital status is provided.\n\nEESERR495 - Invalid code provided for 'marital status'.\n\nEESERR501 - A gender value must be provided.\n\nEESERR502 - Invalid code provided for 'gender'.\n\nEESERR633 - ... record can't be updated or created if the care manager doesn't add an end date.\n\nEESERR634 - Invalid request.\n\nEESERR644 - Failed to map values provided to Merative Integrated Care gender type.\n\nEESERR645 - Failed to map values provided to Merative Integrated Care marital status type.\n\nEESERR635 - Failed to create a record.\n\nEESERR651 - Failed to create a record:  ...\n\nEESERR640 - Failed to map values provided to Merative Integrated Care birth/death type.\n\nEESERR623 - The record was updated by a Care manager, so it can't be udpated by an external system.\n\nEESERR637 - Failed to update a record.\n\nEESERR652 - Failed to update a record:  ...\n\nEESERR648 - Error reading the existing record .",
            "schema": {
              "$ref": "#/definitions/DefaultErrorModel"
            }
          },
          "401": {
            "description": "Invalid authentication credentials for the target resource entered.",
            "schema": {
              "$ref": "#/definitions/DefaultErrorModel"
            }
          },
          "500": {
            "description": "An internal server error occurred. Contact your administrator for more information.",
            "schema": {
              "$ref": "#/definitions/DefaultErrorModel"
            }
          },
          "default": {
            "description": "An unexpected error occurred. Check the error message for more information.",
            "schema": {
              "$ref": "#/definitions/DefaultErrorModel"
            }
          }
        }
      }
    }
  },
  "definitions": {
    "PatientUpdateExt": {
      "type": "object",
      "properties": {
        "resourceType": {
          "description": "Mandatory. \n\nFor updates, the expected resource type is \"Patient\". Any other value is rejected.",
          "type": "string",
          "enum": [
            "Patient"
          ]
        },
        "id": {
          "description": "Mandatory. \n\nThe \"id\" attribute stores the individual resource ID.  This corresponds to the Merative Integrated Care Client Reference Number.",
          "type": "string",
          "maxLength": 900
        },
        "active": {
          "description": "Mandatory. \n\n\nThe \"active\" boolean attribute stores the status of the individual. Only updates with an active status are accepted. ",
          "type": "boolean",
          "default": true
        },
        "birthDate": {
          "description": "Mandatory. \n\nThe \"birthDate\" represents the date of birth of the individual. Accepted format is yyyy-MM-dd.",
          "type": "string",
          "format": "date"
        },
        "deceasedBoolean": {
          "description": "Optional. \n\nThe \"deceasedBoolean\" boolean attribute communicates the deceased status of an individual. If a \"true\" value is received and no deceasedDate is provided, the date of death is set to the date of the received update.",
          "type": "boolean"
        },
        "deceasedDate": {
          "description": "Optional. \n\nThe \"deceasedDate\" is the date of death of the individual.  Accepted format is yyyy-MM-dd.",
          "type": "string",
          "format": "date"
        },
        "source": {
          "description": "Optional. \n\nThe \"source\" attribute stores the source value for birth date, gender, marital status records.",
          "type": "string",
          "maxLength": 100
        },
        "originalSource": {
          "description": "Optional. \n\nThe \"originalSource\" attribute stores the source value for birth date, gender, marital status records.",
          "type": "string",
          "maxLength": 100
        },
        "maritalStatus": {
          "type": "object",
          "description": "Marital (civil) status of a Patient.",
          "$ref": "#/definitions/CodeableConceptMS"
        },
        "gender": {
          "type": "object",
          "$ref": "#/definitions/Gender"
        }
      },
      "required": [
        "id",
        "active",
        "birthDate",
        "resourceType",
        "gender"
      ]
    },
    "PatientUpdateRet": {
      "type": "object",
      "properties": {
        "resourceType": {
          "description": "Mandatory. \n\nFor updates, the expected resource type is \"Patient\". Any other value is rejected.",
          "type": "string",
          "enum": [
            "Patient"
          ]
        },
        "active": {
          "description": "Mandatory. \n\n\nThe \"active\" boolean attribute stores the status of the individual. Only updates with an active status are accepted. ",
          "type": "boolean",
          "default": true
        },
        "birthDate": {
          "description": "Mandatory. \n\nThe \"birthDate\" represents the date of birth of the individual. Accepted format is yyyy-MM-dd.",
          "type": "string",
          "format": "date"
        },
        "deceasedBoolean": {
          "description": "Optional. \n\nThe \"deceasedBoolean\" boolean attribute communicates the deceased status of an individual. If a \"true\" value is received and no deceasedDate is provided, the date of death is set to the date of the received update.",
          "type": "boolean"
        },
        "deceasedDate": {
          "description": "Optional. \n\nThe \"deceasedDate\" is the date of death of the individual.  Accepted format is yyyy-MM-dd.",
          "type": "string",
          "format": "date"
        },
        "source": {
          "description": "Optional. \n\nThe \"source\" attribute stores the source value for birth date, gender, marital status records.",
          "type": "string",
          "maxLength": 100
        },
        "originalSource": {
          "description": "Optional. \n\nThe \"originalSource\" attribute stores the source value for birth date, gender, marital status records.",
          "type": "string",
          "maxLength": 100
        },
        "maritalStatus": {
          "type": "object",
          "description": "Marital (civil) status of an individual.",
          "$ref": "#/definitions/CodeableConceptMS"
        },
        "gender": {
          "type": "object",
          "$ref": "#/definitions/Gender"
        },
        "subject": {
          "type": "object",
          "description": "A Subject object stores the reference to the individual the record belongs to.",
          "$ref": "#/definitions/Subject"
        }
      },
      "required": [
        "active",
        "birthDate",
        "resourceType",
        "gender",
        "subject"
      ]
    },
    "PatientUpdate": {
      "type": "object",
      "properties": {
        "resourceType": {
          "description": "Mandatory. \n\nFor updates, the expected resource type is \"Patient\". Any other value is rejected.",
          "type": "string",
          "enum": [
            "Patient"
          ]
        },
        "active": {
          "description": "Mandatory. \n\n\nThe \"active\" boolean attribute stores the status of the individual. Only updates with an active status are accepted. ",
          "type": "boolean",
          "default": true
        },
        "birthDate": {
          "description": "Mandatory. \n\nThe \"birthDate\" represents the date of birth of the individual. Accepted format is yyyy-MM-dd.",
          "type": "string",
          "format": "date"
        },
        "deceasedBoolean": {
          "description": "Optional. \n\nThe \"deceasedBoolean\" boolean attribute communicates the deceased status of an individual. If a \"true\" value is received and no deceasedDate is provided, the date of death is set to the date of the received update.",
          "type": "boolean"
        },
        "deceasedDate": {
          "description": "Optional. \n\nThe \"deceasedDate\" is the date of death of the individual.  Accepted format is yyyy-MM-dd.",
          "type": "string",
          "format": "date"
        },
        "source": {
          "description": "Optional. \n\nThe \"source\" attribute stores the source value for birth date, gender, marital status records.",
          "type": "string",
          "maxLength": 100
        },
        "originalSource": {
          "description": "Optional. \n\nThe \"originalSource\" attribute stores the source value for birth date, gender, marital status records.",
          "type": "string",
          "maxLength": 100
        },
        "maritalStatus": {
          "type": "object",
          "description": "\n\nMarital (civil) status of an individual.",
          "$ref": "#/definitions/CodeableConceptMS"
        },
        "gender": {
          "type": "object",
          "$ref": "#/definitions/Gender"
        },
        "subject": {
          "type": "object",
          "description": "A Subject object holds the reference to the individual the record belongs to.",
          "$ref": "#/definitions/Subject"
        }
      },
      "required": [
        "active",
        "birthDate",
        "resourceType",
        "gender",
        "subject"
      ]
    },
    "Period": {
      "type": "object",
      "properties": {
        "start": {
          "description": "Optional. \n\nThe start date of the record. \n\nThe expected format is yyyy-MM-dd.",
          "type": "string",
          "format": "date"
        },
        "end": {
          "description": "Optional. \n\nThe end date of the record.\n\nIf provided, the start date must also be provided.  \n\nThe expected format is yyyy-MM-dd.",
          "type": "string",
          "format": "date"
        }
      }
    },
    "CodeableConceptMS": {
      "type": "object",
      "properties": {
        "coding": {
          "type": "array",
          "maxItems": 1,
          "items": {
            "$ref": "#/definitions/CodingMS"
          }
        },
        "period": {
          "type": "object",
          "description": "Optional. \n\nA Period object stores the start and the end date of the enclosing record.",
          "$ref": "#/definitions/Period"
        }
      }
    },
    "CodingMS": {
      "type": "object",
      "properties": {
        "system": {
          "description": "Optional. \n\nIf provided, it must be \"http://hl7.org/fhir/v3/MaritalStatus\" .",
          "type": "string",
          "enum": [
            "http://hl7.org/fhir/v3/MaritalStatus"
          ]
        },
        "code": {
          "description": "Optional. \n\nThe \"code\" value describes the civil marital status of the individual.\n\nThe value provided maps to Merative Integrated Care Marital Status attribute, as follows:\n\n\"D\" > Divorced\n\n\"L\" > Legally Separated\n\n\"M\" > Married\n\n\"T\" > Life Partner\n\n\"S\" > Single\n\n\"U\" > Single\n\n\"W\" > Widowed\n\n\"UNK\" > Not Disclosed / Unknown\n\n\"A\" > Annulled\n\n\"I\" > Interlocutory\n\n\"P\" > Polygamous",
          "type": "string",
          "enum": [
            "D",
            "L",
            "M",
            "T",
            "S",
            "U",
            "W",
            "UNK",
            "A",
            "I",
            "P"
          ]
        }
      }
    },
    "Gender": {
      "type": "object",
      "properties": {
        "gender": {
          "description": "Mandatory. \n\nThe \"gender\" attribute is used to submit the individual's gender. ",
          "type": "string",
          "enum": [
            "male",
            "female",
            "other",
            "unknown"
          ]
        },
        "period": {
          "type": "object",
          "description": "Optional. \n\nA Period object stores the start and the end date of the enclosing record.",
          "$ref": "#/definitions/Period"
        }
      },
      "required": [
        "gender"
      ]
    },
    "DefaultErrorModel": {
      "type": "object",
      "properties": {
        "Error": {
          "type": "array",
          "items": {
            "$ref": "#/definitions/Error"
          }
        }
      }
    },
    "Error": {
      "type": "object",
      "properties": {
        "code": {
          "type": "integer",
          "format": "int32",
          "description": "A machine-readable code that identifies the problem. This does vary with the Accept-Language setting."
        },
        "message": {
          "type": "string",
          "description": "A human-readable message. This message text is localized based on the Accept-Language setting of the request. The contents of this message text may change over time."
        },
        "level": {
          "type": "string",
          "description": "The level of the error."
        }
      },
      "required": [
        "code",
        "message",
        "level"
      ]
    },
    "Subject": {
      "type": "object",
      "properties": {
        "reference": {
          "description": "The Subject object is used to identify the individual using identification details.\n\nThe \"reference\" String is expected to contain details that are used to match an individual in Merative Integrated Care.\n\n\n The string is parsed to extract query parameters and associated values. It can contain a combination of\n\n(1) Merative Integrated Care Individual ID (i.e. Merative Integrated Care Reference Number),\n\n(2) Merative Integrated Care Identification External System Reference and Identification number,\n\n(3) Merative Integrated Care Identification Type and Identification number,\n\n(4) Merative Integrated Care Identification External System Reference and Identification number and birthDate, \n\n(5) Merative Integrated Care Identification Type and Identification number and birthDate.\n\n\nFor example:\n\n(1) Merative Integrated Care Individual ID\n\n    \"subject\":{\n\n        \"reference\" : \"patient/123    \" }   \n\n\n\n(2) Merative Integrated Care Identification External System Reference and Identification number\n\n    \"subject\":{\n\n         \"reference\" : \"patient/identifiercode=xwz, identifiervalue=239\"}  \n\n\n (3) Merative Integrated Care Identification External System Reference and Identification number,\n\n    \"subject\":{\n\n         \"reference\" : \"patient/identifier=Passport, identifiervalue=239\" } \n\n\n(4) Merative Integrated Care Identification External System Reference and Identification number and birthDate,\n\n      \"subject\":{\n\n         \"reference\" : \"patient/identifiercode=xwz, identifiervalue=239, birthDate=19380821\" }    \n\n\n(5) Merative Integrated Care Identification Type and Identification number and birthDate,\n\n       \"subject\":{\n\n         \"reference\" : \"patient/identifiercode=Passport, identifiervalue=239, birthDate=19380821\"  }   ",
          "type": "string",
          "maxLength": 150
        }
      },
      "required": [
        "reference"
      ]
    }
  }
}
