{
  "swagger": "2.0",
  "info": {
    "description": "By using the protected APIs that follow, you can create, update, or close provider service offering, unit, and fee information in Merative Integrated Care so that Merative Integrated Care accurately reflects the external system data. All units that are created by using the API are created as unit list page entries in the tenant admin service library (if they do not already exist). Fee and unit information can influence the provider service offering that is added to a client’s plan. For example, Provider A offers home help at $30 per hour and Provider B offers home help at $17 per half hour. As the client needs two half hour sessions per week, Provider B is more suitable for the client. The unit and fee records that the API creates are read-only in the Merative Integrated Care Tenant Administration application.",
    "version": "1.0",
    "title": "(External Provider) Fees API",
    "contact": {
      "name": "you@your-company.com"
    }
  },
  "host": "host",
  "basePath": "/api",
  "schemes": [
    "http",
    "https"
  ],
  "paths": {
    "/v1/epa/fee": {
      "post": {
        "tags": [
          "Fee"
        ],
        "summary": "Create unit and fee records for provider service offerings in Merative Integrated Care.",
        "description": "Creates unit and fee records for a provider service offering based on an update in the external system that initiates a transfer of valid data to Merative Integrated Care. Merative Integrated Care identifies the record to update based on the provider ID and service ID (if applicable) that the external system provides in the path and the body. The units that the API creates are also mapped to the Merative Integrated Care Tenant Admin Services library to create unit type records (if they do not already exist).\n \n    cURL\n    \n    curl -X POST \"https://host:port/Rest/v1/epa/fee\" -H  \"accept: application/json\" -H  \"Content-Type: application/json\" -d \" { \"messageID\" : \"123\", \"id\" : \"extFeeESR2\", \"organization_id\": \"extProvider466000\", \"service_id\": \"extService466000\", \"fees\": \"21\", \"unit\" : { \"id\": \"extUnitESR2\", \"name\": \"ext Unit2 name\" }, \"start_date\": \"2012-02-21\", \"end_date\": \"\", \"source\": { \"coding\": [{ \"system\": \"http://wcm/source\", \"code\": \"ExtSS466000\" }], \"text\": \"Acme Systems\" }, \"originalSource\": { \"coding\": [{ \"system\": \"http://wcm/originalsource\", \"code\": \"ExtSS466001\" }], \"text\": \"Acme Systems\" }}  \"     \n  \n      \n    \n    JAVA\n\n    HttpResponse response = Unirest.post(\"https://host:port/Rest/v1/epa/fee\")\n\n        .header(\"accept\", \"application/json\")\n\n       .header(\"Content-Type\", \"application/json\")\n\n    .body(\" { \"messageID\" : \"123\", \"id\" : \"extFeeESR2\", \"organization_id\": \"extProvider466000\", \"service_id\": \"extService466000\", \"fees\": \"21\", \"unit\" : { \"id\": \"extUnitESR2\", \"name\": \"ext Unit2 name\" }, \"start_date\": \"2012-02-21\", \"end_date\": \"\", \"source\": { \"coding\": [{ \"system\": \"http://wcm/source\", \"code\": \"ExtSS466000\" }], \"text\": \"Acme Systems\" }, \"originalSource\": { \"coding\": [{ \"system\": \"http://wcm/originalsource\", \"code\": \"ExtSS466001\" }], \"text\": \"Acme Systems\" }}  \")     \n\n        .asString();",
        "operationId": "createFee",
        "consumes": [
          "application/json"
        ],
        "produces": [
          "application/json"
        ],
        "parameters": [
          {
            "in": "body",
            "name": "body",
            "description": "<b>The request body in the JSON format.</b>",
            "required": true,
            "schema": {
              "$ref": "#/definitions/NewFeeInfo"
            }
          }
        ],
        "responses": {
          "201": {
            "description": "The post request was successful.",
            "headers": {
              "Location": {
                "type": "string",
                "description": "The location of the new resource."
              }
            }
          },
          "400": {
            "description": "The data request is invalid. Check the error message for further information and resend the request with the corrected data.",
            "schema": {
              "$ref": "#/definitions/DefaultErrorModel"
            }
          },
          "500": {
            "description": "An internal server error occurred. Contact your administrator for more information.",
            "schema": {
              "$ref": "#/definitions/DefaultErrorModel"
            }
          },
          "default": {
            "description": "An unexpected error occurred. Check the error message for further information.",
            "schema": {
              "$ref": "#/definitions/DefaultErrorModel"
            }
          }
        }
      },
      "put": {
        "tags": [
          "Fee"
        ],
        "summary": "Update unit and fee records for provider service offerings in Merative Integrated Care.",
        "description": "Updates unit and fee records for provider service offerings based on an update in the external system that initiates a transfer of valid data to Merative Integrated Care. Merative Integrated Care identifies the record to update based on the provider ID and service ID (if applicable) that the external system provides in the path and the body.\n \n    cURL\n    \n    curl -X POST \"https://host:port/Rest/v1/epa/fee\" -H  \"accept: application/json\" -H  \"Content-Type: application/json\" -d \" { \"messageID\" : \"123\", \"id\" : \"extFeeESR2\", \"organization_id\": \"extProvider466000\", \"service_id\": \"extService466000\", \"fees\": \"21\", \"unit\" : { \"id\": \"extUnitESR2\", \"name\": \"ext Unit2 name\" }, \"start_date\": \"2012-02-21\", \"end_date\": \"\"}  \"     \n  \n      \n    \n    JAVA\n\n    HttpResponse response = Unirest.post(\"https://host:port/Rest/v1/epa/fee\")\n\n        .header(\"accept\", \"application/json\")\n\n       .header(\"Content-Type\", \"application/json\")\n\n    .body(\" { \"messageID\" : \"123\", \"id\" : \"extFeeESR2\", \"organization_id\": \"extProvider466000\", \"service_id\": \"extService466000\", \"fees\": \"21\", \"unit\" : { \"id\": \"extUnitESR2\", \"name\": \"ext Unit2 name\" }, \"start_date\": \"2012-02-21\", \"end_date\": \"\"}  \")     \n\n        .asString();",
        "operationId": "updateFee",
        "consumes": [
          "application/json"
        ],
        "produces": [
          "application/json"
        ],
        "parameters": [
          {
            "in": "body",
            "name": "body",
            "description": "<b>The request body in the JSON format.</b>",
            "required": true,
            "schema": {
              "$ref": "#/definitions/ModifiedFeeInfo"
            }
          }
        ],
        "responses": {
          "200": {
            "description": "The put request was successful.",
            "schema": {
              "$ref": "#/definitions/UpdateFeeResponse"
            }
          },
          "400": {
            "description": "The data request is invalid. Check the error message for further information and resend the request with the corrected data.",
            "schema": {
              "$ref": "#/definitions/DefaultErrorModel"
            }
          },
          "500": {
            "description": "An internal server error occurred. Contact your administrator for more information.",
            "schema": {
              "$ref": "#/definitions/DefaultErrorModel"
            }
          },
          "default": {
            "description": "An unexpected error occurred. Check the error message for further information.",
            "schema": {
              "$ref": "#/definitions/DefaultErrorModel"
            }
          }
        }
      }
    },
    "/v1/epa/fee/close": {
      "post": {
        "tags": [
          "Fee"
        ],
        "summary": "Delete unit and fee records for provider service offerings in Merative Integrated Care.",
        "description": "Deletes unit and fee records for provider service offerings based on an update in the external system that initiates a transfer of valid data to Merative Integrated Care. Merative Integrated Care identifies the record to update based on the provider ID and service ID (if applicable) that the external system provides in the path and the body. \n \n    cURL\n    \n    curl -X POST \"https://host:port/Rest/v1/epa/fee/close\" -H  \"accept: application/json\" -H  \"Content-Type: application/json\" -d \" { \"messageID\" : \"123\", \"id\" : \"extFeeESR2\", \"organization_id\": \"extProvider466000\", \"service_id\": \"extService466000\"}  \"     \n  \n      \n    \n    JAVA\n\n    HttpResponse response = Unirest.post(\"https://host:port/Rest/v1/epa/fee/close\")\n\n        .header(\"accept\", \"application/json\")\n\n       .header(\"Content-Type\", \"application/json\")\n\n    .body(\" { \"messageID\" : \"123\", \"id\" : \"extFeeESR2\", \"organization_id\": \"extProvider466000\", \"service_id\": \"extService466000\"}  \")     \n\n        .asString();",
        "operationId": "deleteFee",
        "consumes": [
          "application/json"
        ],
        "produces": [
          "application/json"
        ],
        "parameters": [
          {
            "name": "serviceID",
            "in": "body",
            "description": "<b>The JSON object that contains the reference ID of a service.</b>.",
            "required": true,
            "schema": {
              "$ref": "#/definitions/DeleteFeeDetails"
            }
          }
        ],
        "responses": {
          "200": {
            "description": "The post request was successful.",
            "schema": {
              "type": "array",
              "items": {
                "$ref": "#/definitions/ActionCountResponse"
              }
            }
          },
          "500": {
            "description": "An internal server error occurred. Contact your administrator for more information.",
            "schema": {
              "$ref": "#/definitions/DefaultErrorModel"
            }
          },
          "default": {
            "description": "An unexpected error occurred. Check the error message for further information.",
            "schema": {
              "$ref": "#/definitions/DefaultErrorModel"
            }
          }
        }
      }
    }
  },
  "definitions": {
    "NewFeeInfo": {
      "type": "object",
      "properties": {
        "messageID": {
          "type": "integer",
          "format": "int64",
          "example": "1552641913250",
          "description": "The internal record ID for a location. The field is optional."
        },
        "id": {
          "type": "string",
          "example": "extFeeESR1",
          "description": "The unique identifier of the location. The field is mandatory.",
          "minLength": 0,
          "maxLength": 20
        },
        "organization_id": {
          "type": "string",
          "example": "extOrgID466000",
          "description": "The reference identifier for an organization. The field is mandatory.",
          "minLength": 0,
          "maxLength": 20
        },
        "service_id": {
          "type": "string",
          "example": "extServiceID466000",
          "description": "The service identifier for a location. The field is mandatory.",
          "minLength": 0,
          "maxLength": 20
        },
        "fees": {
          "type": "string",
          "format": "money",
          "description": "The fee for the service. The field is mandatory."
        },
        "unit": {
          "$ref": "#/definitions/NewUnitList"
        },
        "start_date": {
          "type": "string",
          "format": "date",
          "example": "2012-02-21",
          "description": "The start date. The field is optional."
        },
        "end_date": {
          "type": "string",
          "format": "date",
          "example": "2012-02-21",
          "description": "The end date. The field is optional."
        },
        "originalSource": {
          "type": "object",
          "description": "Contains the original source system details. The system and code that corresponds to the original source system of the note. The external reference of the original source system is http://wcm/originalsourcecode. The field is optional.",
          "$ref": "#/definitions/ExternalFeesSource"
        },
        "source": {
          "type": "object",
          "description": "Contains the source details. The system and code that corresponds to the   source of the note. The external reference of the original system is http://wcm/sourcecode. The field is optional.",
          "$ref": "#/definitions/ExternalFeesSource"
        }
      }
    },
    "ModifiedFeeInfo": {
      "type": "object",
      "properties": {
        "messageID": {
          "type": "integer",
          "format": "int64",
          "example": "1552641913250",
          "description": "The internal record ID for a location. The field is optional."
        },
        "id": {
          "type": "string",
          "example": "extFeeESR1",
          "description": "The unique identifier of the location. The field is mandatory.",
          "minLength": 0,
          "maxLength": 20
        },
        "organization_id": {
          "type": "string",
          "example": "extOrgID466000",
          "description": "The reference identifier for an organization. The field is mandatory.",
          "minLength": 0,
          "maxLength": 20
        },
        "service_id": {
          "type": "string",
          "example": "extServiceID466000",
          "description": "The service identifier for a location. The field is mandatory.",
          "minLength": 0,
          "maxLength": 20
        },
        "fees": {
          "type": "string",
          "format": "money",
          "description": "The fee for the service. The field is mandatory."
        },
        "unit": {
          "$ref": "#/definitions/ModifiedUnitList"
        },
        "start_date": {
          "type": "string",
          "format": "date",
          "example": "2012-02-21",
          "description": "The start date. The field is optional."
        },
        "end_date": {
          "type": "string",
          "format": "date",
          "example": "2012-02-21",
          "description": "The end date. The field is optional."
        }
      }
    },
    "UpdateFeeResponse": {
      "type": "object",
      "properties": {
        "message": {
          "type": "string",
          "example": "OK",
          "description": "The response message from the API."
        },
        "entries": {
          "type": "array",
          "description": "The list of fee details.",
          "uniqueItems": true,
          "items": {
            "$ref": "#/definitions/ModifiedFeeInfo"
          }
        }
      }
    },
    "NewUnitList": {
      "type": "object",
      "properties": {
        "id": {
          "type": "string",
          "example": "extFeeUnitESR1",
          "description": "The unique identifier of a category. The field is mandatory.",
          "maxLength": 20
        },
        "name": {
          "type": "string",
          "example": "ext unit name ",
          "description": "The name of the unit. The field is mandatory.",
          "maxLength": 2000
        }
      }
    },
    "ModifiedUnitList": {
      "type": "object",
      "properties": {
        "id": {
          "type": "string",
          "example": "extFeeUnitESR1",
          "description": "The unique identifier of a category. The field is mandatory.",
          "maxLength": 20
        },
        "name": {
          "type": "string",
          "example": "ext unit name updated ",
          "description": "The name of the unit. The field is mandatory.",
          "maxLength": 2000
        }
      }
    },
    "ExternalFeesSource": {
      "type": "object",
      "properties": {
        "text": {
          "type": "string",
          "example": "Acme Systems",
          "description": "Source details",
          "maxLength": 100
        },
        "coding": {
          "$ref": "#/definitions/SourceCoding"
        }
      }
    },
    "DeleteFeeDetails": {
      "type": "object",
      "properties": {
        "messageID": {
          "type": "integer",
          "format": "int64",
          "example": "1552641913250",
          "description": "The internal record ID for reference. The field is optional."
        },
        "id": {
          "type": "string",
          "example": "extLocationESR1",
          "description": "The unique identifier of the fee service. The field is mandatory.",
          "minLength": 0,
          "maxLength": 20
        },
        "organization_id": {
          "type": "string",
          "example": "extOrgID466000",
          "description": "The reference identifier for an organization. The field is mandatory.",
          "minLength": 0,
          "maxLength": 20
        },
        "service_id": {
          "type": "string",
          "example": "extServiceID466000",
          "description": "The service identifier for a location. The field is mandatory.",
          "minLength": 0,
          "maxLength": 20
        }
      }
    },
    "SourceCoding": {
      "type": "object",
      "properties": {
        "system": {
          "type": "string",
          "example": "http://wcm/originalsource",
          "description": "The FHIR system details.",
          "maxLength": 100
        },
        "code": {
          "type": "string",
          "example": "ExtSS466001",
          "description": "The FHIR code reference details.",
          "maxLength": 100
        }
      }
    },
    "ActionCountResponse": {
      "type": "object",
      "properties": {
        "successCount": {
          "type": "integer",
          "format": "int32",
          "example": "8",
          "description": "The success count."
        },
        "failureCount": {
          "type": "integer",
          "format": "int32",
          "example": "2",
          "description": "The failure count."
        },
        "totalCount": {
          "type": "integer",
          "format": "int32",
          "example": "10",
          "description": "The total number of entries."
        }
      }
    },
    "DefaultErrorModel": {
      "type": "object",
      "properties": {
        "Error": {
          "type": "array",
          "items": {
            "$ref": "#/definitions/Error"
          }
        }
      }
    },
    "Error": {
      "type": "object",
      "properties": {
        "code": {
          "type": "integer",
          "format": "int32",
          "description": "A machine-readable code that identifies the problem. This code does not vary with the Accept-Language setting."
        },
        "message": {
          "type": "string",
          "description": "A human-readable message. This message text is localized based on the Accept-Language setting of the request. The contents of this message text can change over time."
        },
        "level": {
          "type": "string",
          "description": "The level of the error."
        }
      },
      "required": [
        "code",
        "message",
        "level"
      ]
    }
  }
}
