{
  "swagger": "2.0",
  "info": {
    "description": "By using the protected APIs that follow, you can send  unassigned referrals (with program suggestions) from an external system to Merative Integrated Care, for individuals who are registered in Merative Integrated Care. When received in Merative Integrated Care, the supervisor or a care team member can process the referrals and use the suggested program as a reference to assign or enroll the client on a program. In addition, you can  retrieve a client referral so that extended care team members (who are not Merative Integrated Care users) can view and manage the referral in an external system.",
    "version": "v1",
    "title": "Referrals API"
  },
  "host": "host",
  "basePath": "/Rest",
  "schemes": [
    "https"
  ],
  "produces": [
    "application/json"
  ],
  "consumes": [
    "application/json"
  ],
  "paths": {
    "/v1/ees/referralrequests": {
      "post": {
        "description": "Create client referral based on an event in the external system that initiates a transfer of valid data to Merative Integrated Care. A referral reason value must be provided using the text, referralReasonEsr, or otherReferralReason fields. \n\n  \n \n    cURL\n    \n    curl -X POST \"https://host:port/Rest/v1/ees/referralrequest\" -H  \"X-WCM-TENANT-ID: Tenant ID\" -H  \"X-WCM-TENANT-INSTANCE: Tenant Instance\" -H  \"Authorization: access_token\" -H  \"X-GRANT-TYPE: client_credentials\" -H  \"accept: application/json\" -H  \"Referer: curam://foundational.app\" -H  \"Authorization: access_token\" -H  \"X-GRANT-TYPE: client_credentials\" -H  \"Content-Type: application/json\" -d \" { \"resourceType\": \"ReferralRequest\", \"source\": { \"coding\": [{ \"system\": \"http://wcm/source\", \"code\": \"T123\" }], \"text\": \"Source\" }, \"originalSource\": { \"coding\": [{ \"system\": \"http://wcm/originalsource\", \"code\": \"wcm123\" }], \"text\": \"OriginalSource\" }, \"date\": \"2018-01-01\", \"identifier\": [{ \"value\": \"1234\", \"type\": { \"text\": \"PHQ9\" } }], \"referredToOrgUnit\": \"extiD123\", \"referredFromOrgUnit\": \"extid123\", \"reason\": { \"text\": \"Hypertension\", \"referralReasonEsr\": \"Hypertension\", \"otherReferralReason\": \"Hypertension\" }, \"description\": \"\", \"subject\": { \"reference\": \"PatientIdentifier=Passport&PatientIdentifierValue=P101\" },  \"priority\": \"medium\", \"date\": \"2018-02-02\", \"serviceRequested\": { \"text\": \"Fitness Management Program\" }\" } }  \")\n      \n    \n)\n      \n    \n    JAVA\n\n    HttpResponse response = Unirest.post(\"https://host:port/Rest/v1/ees/referralrequest\")\n\n        .header(\"accept\", \"application/json\")\n\n        .header(\"Authorization\", \"access_token\")\n\n        .header(\"X-GRANT-TYPE\", \"client_credentials\")\n\n        .header(\"X-WCM-TENANT-INSTANCE\", \"Tenant Instance\")\n\n     .header(\"X-WCM-TENANT-ID\", \"Tenant ID\")\n\n        .header(\"Referer\", \"curam://foundational.app\")\n\n        .header(\"Content-Type\", \"application/json\")\n\n    .body(\" { \"resourceType\": \"ReferralRequest\", \"source\": { \"coding\": [{ \"system\": \"http://wcm/source\", \"code\": \"T123\" }], \"text\": \"Source\" }, \"originalSource\": { \"coding\": [{ \"system\": \"http://wcm/originalsource\", \"code\": \"wcm123\" }], \"text\": \"OriginalSource\" }, \"date\": \"2018-01-01\", \"identifier\": [{ \"value\": \"1234\", \"type\": { \"text\": \"PHQ9\" } }], \"referredToOrgUnit\": \"extiD123\", \"referredFromOrgUnit\": \"extid123\", \"reason\": { \"text\": \"Hypertension\", \"referralReasonEsr\": \"Hypertension\", \"otherReferralReason\": \"Hypertension\" }, \"description\": \"\", \"subject\": { \"reference\": \"PatientIdentifier=Passport&PatientIdentifierValue=P101\" },  \"priority\": \"medium\", \"date\": \"2018-02-02\", \"serviceRequested\": { \"text\": \"Fitness Management Program\" }\" } }  \")     \n\n        .asString();",
        "tags": [
          "Create referral"
        ],
        "summary": "Create a referral for a client who is registered in Merative Integrated Care.",
        "parameters": [
          {
            "in": "header",
            "name": "Referer",
            "type": "string",
            "enum": [
              "curam://foundational.app"
            ],
            "required": true
          },
          {
            "in": "header",
            "name": "X-WCM-TENANT-ID",
            "type": "string",
            "enum": [
              "The tenant ID."
            ],
            "required": true
          },
          {
            "in": "header",
            "name": "X-WCM-TENANT-INSTANCE",
            "type": "string",
            "enum": [
              "The tenant instance."
            ],
            "required": true
          },
          {
            "in": "header",
            "name": "Authorization",
            "type": "string",
            "enum": [
              "The Access Token."
            ],
            "required": true
          },
          {
            "in": "header",
            "name": "X-GRANT-TYPE",
            "type": "string",
            "enum": [
              "client_credentials"
            ],
            "required": true
          },
          {
            "name": "body",
            "in": "body",
            "description": "The referral details.",
            "required": true,
            "schema": {
              "$ref": "#/definitions/NewReferralMessage"
            }
          }
        ],
        "responses": {
          "201": {
            "description": "The post request was successful",
            "headers": {
              "Location": {
                "type": "string",
                "description": "The location of the new resource"
              }
            }
          },
          "400": {
            "description": "The data request is invalid. Check the error message for further information and resend the request with the corrected data.",
            "schema": {
              "$ref": "#/definitions/DefaultErrorModel"
            }
          },
          "500": {
            "description": "An internal server error occurred. Contact your administrator for more information",
            "schema": {
              "$ref": "#/definitions/DefaultErrorModel"
            }
          },
          "default": {
            "description": "An unexpected error occurred. Check the error message for further information",
            "schema": {
              "$ref": "#/definitions/DefaultErrorModel"
            }
          }
        }
      },
      "put": {
        "summary": "Update a referral for a client who is registered in Merative Integrated Care.",
        "description": "Updates a specific client referral in Merative Integrated Care. Merative Integrated Care identifies the record to be updated based on the external identifiers that the external system provides in the body. A referral reason value must be provided using the text, referralReasonEsr, or otherReferralReason fields.\n\n  \n \n    cURL\n    \n    curl -X POST \"https://host:port/Rest/v1/ees/referralrequest\" -H  \"X-WCM-TENANT-ID: Tenant ID\" -H  \"X-WCM-TENANT-INSTANCE: Tenant Instance\" -H  \"Authorization: access_token\" -H  \"X-GRANT-TYPE: client_credentials\" -H  \"accept: application/json\" -H  \"Referer: curam://foundational.app\" -H  \"Authorization: access_token\" -H  \"X-GRANT-TYPE: client_credentials\" -H  \"Content-Type: application/json\" -d \" { \"resourceType\": \"ReferralRequest\", \"source\": { \"coding\": [{ \"system\": \"http://wcm/source\", \"code\": \"T123\" }], \"text\": \"Source\" }, \"originalSource\": { \"coding\": [{ \"system\": \"http://wcm/originalsource\", \"code\": \"wcm123\" }], \"text\": \"OriginalSource\" }, \"date\": \"2018-01-01\", \"identifier\": [{ \"value\": \"1234\", \"type\": { \"text\": \"PHQ9\" } }], \"referredToOrgUnit\": \"extiD123\", \"referredFromOrgUnit\": \"extid123\", \"reason\": { \"text\": \"Hypertension\", \"referralReasonEsr\": \"Hypertension\", \"otherReferralReason\": \"Hypertension\" }, \"description\": \"\", \"subject\": { \"reference\": \"PatientIdentifier=Passport&PatientIdentifierValue=P101\" },  \"priority\": \"medium\", \"date\": \"2018-02-02\", \"serviceRequested\": { \"text\": \"Fitness Management Program\" }\" } }  \")\n      \n    \n\n      \n    \n    JAVA\n\n    HttpResponse response = Unirest.post(\"https://host:port/Rest/v1/ees/referralrequest\")\n\n        .header(\"accept\", \"application/json\")\n\n        .header(\"Authorization\", \"access_token\")\n\n        .header(\"X-GRANT-TYPE\", \"client_credentials\")\n\n        .header(\"X-WCM-TENANT-INSTANCE\", \"Tenant Instance\")\n\n     .header(\"X-WCM-TENANT-ID\", \"Tenant ID\")\n\n        .header(\"Referer\", \"curam://foundational.app\")\n\n        .header(\"Content-Type\", \"application/json\")\n       \n        .asString();",
        "tags": [
          "Update referral"
        ],
        "parameters": [
          {
            "in": "header",
            "name": "Referer",
            "type": "string",
            "enum": [
              "curam://foundational.app"
            ],
            "required": true
          },
          {
            "in": "header",
            "name": "X-WCM-TENANT-ID",
            "type": "string",
            "enum": [
              "The tenant ID."
            ],
            "required": true
          },
          {
            "in": "header",
            "name": "X-WCM-TENANT-INSTANCE",
            "type": "string",
            "enum": [
              "The tenant instance."
            ],
            "required": true
          },
          {
            "in": "header",
            "name": "Authorization",
            "type": "string",
            "enum": [
              "The Access Token."
            ],
            "required": true
          },
          {
            "in": "header",
            "name": "X-GRANT-TYPE",
            "type": "string",
            "enum": [
              "client_credentials"
            ],
            "required": true
          },
          {
            "name": "body",
            "in": "body",
            "description": "The referral details.",
            "required": true,
            "schema": {
              "$ref": "#/definitions/ModifiedReferralMessage"
            }
          }
        ],
        "responses": {
          "200": {
            "description": "The put request was successful",
            "schema": {
              "$ref": "#/definitions/ModifiedReferralMessage"
            }
          },
          "400": {
            "description": "The data request is invalid. Check the error message for further information and resend the request with the corrected data.",
            "schema": {
              "$ref": "#/definitions/DefaultErrorModel"
            }
          },
          "500": {
            "description": "An internal server error occurred. Contact your administrator for more information",
            "schema": {
              "$ref": "#/definitions/DefaultErrorModel"
            }
          },
          "default": {
            "description": "An unexpected error occurred. Check the error message for further information",
            "schema": {
              "$ref": "#/definitions/DefaultErrorModel"
            }
          }
        }
      }
    },
    "/v1/ees/referralrequests/{id}": {
      "put": {
        "summary": "Update a referral for a client who is registered in Merative Integrated Care.",
        "description": "Updates a specific client referral in Merative Integrated Care that matches the record ID sent from an external system. A referral reason value must be provided using the text, referralReasonEsr, or otherReferralReason fields. \n\nExample request\n\n    cURL\n  \n    curl PUT -v -k -H\n\n    'Content-Type: application/json' -H  \"X-WCM-TENANT-ID: Tenant ID\" -H  \"X-WCM-TENANT-INSTANCE: Tenant Instance\" -H  \"Authorization: access_token\" -H  \"X-GRANT-TYPE: client_credentials\" -H 'Referer: curam//foundational.app'\n\n    http://host:port/Rest/v1/ees/referralrequest/{id}\n  \n    JAVA\n  \n    HttpResponse response = Unirest.put(https://host:port/Rest/v1/ees/referralrequest/{id}\n\n      .header(\"accept\", \"application/json\")\n\n        .header(\"Authorization\", \"access_token\")\n\n        .header(\"X-GRANT-TYPE\", \"client_credentials\")\n\n        .header(\"Referer\", \"curam.//foundationalapp\")\n\n    .body(\" { \"resourceType\": \"ReferralRequest\", \"source\": { \"coding\": [{ \"system\": \"http://wcm/source\", \"code\": \"T123\" }], \"text\": \"Source\" }, \"originalSource\": { \"coding\": [{ \"system\": \"http://wcm/originalsource\", \"code\": \"wcm123\" }], \"text\": \"OriginalSource\" }, \"date\": \"2018-01-01\", \"identifier\": [{ \"value\": \"1234\", \"type\": { \"text\": \"PHQ9\" } }], \"referredToOrgUnit\": \"extiD123\", \"referredFromOrgUnit\": \"extid123\", \"reason\": { \"text\": \"Hypertension\", \"referralReasonEsr\": \"Hypertension\", \"otherReferralReason\": \"Hypertension\" }, \"description\": \"\", \"subject\": { \"reference\": \"PatientIdentifier=Passport&PatientIdentifierValue=P101\" },  \"priority\": \"medium\", \"date\": \"2018-02-02\", \"serviceRequested\": { \"text\": \"Fitness Management Program\" }\" } }  \")      .asString();",
        "tags": [
          "Update referral (by ID)"
        ],
        "parameters": [
          {
            "in": "header",
            "name": "Referer",
            "type": "string",
            "enum": [
              "curam://foundational.app"
            ],
            "required": true
          },
          {
            "in": "header",
            "name": "X-WCM-TENANT-ID",
            "type": "string",
            "enum": [
              "The tenant ID."
            ],
            "required": true
          },
          {
            "in": "header",
            "name": "X-WCM-TENANT-INSTANCE",
            "type": "string",
            "enum": [
              "The tenant instance."
            ],
            "required": true
          },
          {
            "in": "header",
            "name": "Authorization",
            "type": "string",
            "enum": [
              "The Access Token."
            ],
            "required": true
          },
          {
            "in": "header",
            "name": "X-GRANT-TYPE",
            "type": "string",
            "enum": [
              "client_credentials"
            ],
            "required": true
          },
          {
            "name": "body",
            "in": "body",
            "description": "The referral details.",
            "required": true,
            "schema": {
              "$ref": "#/definitions/ModifiedReferralMessage"
            }
          },
          {
            "name": "id",
            "in": "path",
            "required": true,
            "description": "Internal record ID/Merative Integrated Care ID of the referral.",
            "type": "string"
          }
        ],
        "responses": {
          "200": {
            "description": "The put request was successful",
            "schema": {
              "$ref": "#/definitions/ModifiedReferralMessage"
            }
          },
          "400": {
            "description": "The data request is invalid. Check the error message for further information and resend the request with the corrected data.",
            "schema": {
              "$ref": "#/definitions/DefaultErrorModel"
            }
          },
          "500": {
            "description": "An internal server error occurred. Contact your administrator for more information",
            "schema": {
              "$ref": "#/definitions/DefaultErrorModel"
            }
          },
          "default": {
            "description": "An unexpected error occurred. Check the error message for further information",
            "schema": {
              "$ref": "#/definitions/DefaultErrorModel"
            }
          }
        }
      },
      "get": {
        "summary": "Get external referral details for a client who is registered in Merative Integrated Care.",
        "description": "Retrieves a specific client referral in Merative Integrated Care that matches the record ID sent from an external system.\n\nExample request\n\n    cURL\n  \n    curl GET -v -k -H\n\n    'Content-Type: application/json' -H  \"X-WCM-TENANT-ID: Tenant ID\" -H  \"X-WCM-TENANT-INSTANCE: Tenant Instance\" -H  \"Authorization: access_token\" -H  \"X-GRANT-TYPE: client_credentials\" -H 'Referer: curam//foundational.app'\n\n    http://host:port/Rest/v1/ees/referralrequest/{id}\n  \n    JAVA\n  \n    HttpResponse response = Unirest.put(https://host:port/Rest/v1/ees/referralrequest/{id}\n\n      .header(\"accept\", \"application/json\")\n\n        .header(\"X-WCM-TENANT-ID\", \"Tenant ID\")\n\n  .header(\"X-WCM-TENANT-INSTANCE\", \"Tenant Instance\")\n\n  .header(\"Authorization\", \"access_token\")\n\n        .header(\"X-GRANT-TYPE\", \"client_credentials\")\n\n        .header(\"Referer\", \"curam.//foundationalapp\")    .asString();",
        "tags": [
          "Get referral (by ID)"
        ],
        "parameters": [
          {
            "in": "header",
            "name": "Referer",
            "type": "string",
            "enum": [
              "curam://foundational.app"
            ],
            "required": true
          },
          {
            "in": "header",
            "name": "X-WCM-TENANT-ID",
            "type": "string",
            "enum": [
              "The tenant ID."
            ],
            "required": true
          },
          {
            "in": "header",
            "name": "X-WCM-TENANT-INSTANCE",
            "type": "string",
            "enum": [
              "The tenant instance."
            ],
            "required": true
          },
          {
            "in": "header",
            "name": "Authorization",
            "type": "string",
            "enum": [
              "The Access Token."
            ],
            "required": true
          },
          {
            "in": "header",
            "name": "X-GRANT-TYPE",
            "type": "string",
            "enum": [
              "client_credentials"
            ],
            "required": true
          },
          {
            "name": "id",
            "in": "path",
            "required": true,
            "description": "Internal record ID/Merative Integrated Care ID of the referral.",
            "type": "string"
          }
        ],
        "responses": {
          "200": {
            "description": "The get request was successful",
            "schema": {
              "$ref": "#/definitions/GetReferralMessage"
            }
          },
          "400": {
            "description": "The data request is invalid. Check the error message for further information and resend the request with the corrected data.",
            "schema": {
              "$ref": "#/definitions/DefaultErrorModel"
            }
          },
          "500": {
            "description": "An internal server error occurred. Contact your administrator for more information",
            "schema": {
              "$ref": "#/definitions/DefaultErrorModel"
            }
          },
          "default": {
            "description": "An unexpected error occurred. Check the error message for further information",
            "schema": {
              "$ref": "#/definitions/DefaultErrorModel"
            }
          }
        }
      }
    }
  },
  "definitions": {
    "NewReferralMessage": {
      "type": "object",
      "properties": {
        "resourceType": {
          "description": "All referrals are of resource type ReferralRequest. This is a mandatory field.",
          "type": "string",
          "maxLength": 300
        },
        "id": {
          "description": "Internal record ID/Merative Integrated Care ID of the referral. This is an optional field.",
          "type": "string"
        },
        "priority": {
          "description": "Priority of the referral - not set, high, medium, low. This is a mandatory field.",
          "type": "string",
          "maxLength": 300
        },
        "referredFromOrgUnit ": {
          "description": "External system reference of the organization unit from where the referral was received. This is a mandatory field if organization units are enabled.",
          "type": "string",
          "maxLength": 100
        },
        "referredToOrgUnit": {
          "description": "External system reference of the organization unit to where the referral is sent. This is a mandatory field if organization units are enabled.",
          "type": "string",
          "maxLength": 100
        },
        "date": {
          "description": "The referral date. This is a mandatory field.",
          "type": "string",
          "format": "date"
        },
        "description": {
          "description": "Comments. This is an optional field.",
          "type": "string",
          "maxLength": 2000
        },
        "source": {
          "type": "object",
          "description": "Contains the   source   details.System and code corresponding to the   Source   of the note.System would be http://wcm/sourcecode would be the external system reference of the   Source. This is a mandatory field.",
          "$ref": "#/definitions/NewCodeableConceptPR"
        },
        "originalSource": {
          "type": "object",
          "description": "Contains the original source system details.System and code corresponding to the Original Source System of the note.System would be http://wcm/originalsourcecode would be the external system reference of the Original Source System. This is an optional field.",
          "$ref": "#/definitions/NewCodeableConceptPR"
        },
        "identifier": {
          "type": "array",
          "description": "The external ID of the referral record. This is an optional field.",
          "items": {
            "$ref": "#/definitions/NewIdentifier"
          }
        },
        "reason": {
          "type": "object",
          "description": "The referral reason. This is a mandatory field.",
          "$ref": "#/definitions/NewReferralReason"
        },
        "serviceRequested": {
          "type": "object",
          "description": "The program suggestion for the referral. This is an optional field.",
          "$ref": "#/definitions/NewServiceRequested"
        },
        "subject": {
          "type": "object",
          "description": "A Subject object holds the reference to the Patient the record belongs to.",
          "$ref": "#/definitions/NewSubject"
        }
      }
    },
    "GetReferralMessage": {
      "type": "object",
      "properties": {
        "referralID": {
          "description": "The referral resource id. This id uniquely identifies referral record for which the details are requested.",
          "type": "string"
        },
        "priority": {
          "description": "Priority of the referral - not set, high, medium, low.",
          "type": "string",
          "maxLength": 300
        },
        "referredFromOrgUnit ": {
          "description": "External system reference of the organization unit from where the referral was received.",
          "type": "string",
          "maxLength": 100
        },
        "referredToOrgUnit": {
          "description": "External system reference of the organization unit to where the referral is sent.",
          "type": "string",
          "maxLength": 100
        },
        "referredOn": {
          "description": "The referral date.",
          "type": "string",
          "format": "date"
        },
        "comments": {
          "description": "Comments.",
          "type": "string",
          "maxLength": 2000
        },
        "otherReferralReason": {
          "description": "Other referral reason.",
          "type": "string",
          "maxLength": 200
        },
        "source": {
          "type": "object",
          "description": "Contains the source details. System and code corresponding to the Source of the note. System would be http://wcm/sourcecode would be the external system reference of the Source.",
          "$ref": "#/definitions/NewCodeableConceptPR"
        },
        "originalSource": {
          "type": "object",
          "description": "Contains the original source system details. System and code corresponding to the Original Source System of the note. System would be http://wcm/originalsourcecode would be the external system reference of the Original Source System.",
          "$ref": "#/definitions/NewCodeableConceptPR"
        },
        "referralReason": {
          "type": "object",
          "description": "The referral reason. System and code corresponding to the referral reason. System would be http://wcm/referralreason would be the external system reference of the referral reason.",
          "$ref": "#/definitions/NewCodeableConceptPR"
        },
        "externalReferral": {
          "type": "object",
          "description": "The external referral. System and code corresponding to the external referral. System would be http://wcm/externalreferral would be the external system reference of the external referral.",
          "$ref": "#/definitions/NewCodeableConceptPR"
        },
        "subject": {
          "type": "object",
          "description": "A Subject object holds the reference to the Patient the record belongs to.",
          "$ref": "#/definitions/NewSubject"
        }
      }
    },
    "NewIdentifier": {
      "type": "object",
      "properties": {
        "value": {
          "description": "Optional. This attribute holds the external identifier value. \n\nIf provided, a type text value must be provided.",
          "type": "string",
          "maxLength": 900
        },
        "type": {
          "type": "object",
          "description": "Optional. This object holds the value for the Identifier type.",
          "$ref": "#/definitions/NewCodeableConcept"
        }
      }
    },
    "NewCodeableConcept": {
      "type": "object",
      "properties": {
        "text": {
          "description": "Optional. This attribute holds the value for the Identification type. \n\nIt must be provided if an identifier value is provided.",
          "type": "string",
          "maxLength": 900
        }
      }
    },
    "NewReferralReason": {
      "type": "object",
      "properties": {
        "text": {
          "description": "The referral reason. This field is currently available to support existing integrations. New integrations should use only the referralReasonEsr or otherReferralReason fields. If you use this field, any values that you provide in the referralReasonEsr or otherReferralReason fields are ignored. In addition, the Other Referral Reason in Merative Integrated Care is set to the value that you provide in this field and the Referral Reason field is set to 'Other'.",
          "type": "string",
          "maxLength": 200
        },
        "referralReasonEsr": {
          "description": "External system reference of the referral reason configured in Merative Integrated Care.",
          "type": "string",
          "maxLength": 20
        },
        "otherReferralReason": {
          "description": "Another reason for the referral if no external system reference is provided, or if the provided external system reference is associated with the default Other referral reason configured in Merative Integrated Care. Use this field to provide the other referral reason text.",
          "type": "string",
          "maxLength": 200
        }
      }
    },
    "NewSubject": {
      "type": "object",
      "properties": {
        "reference": {
          "type": "string",
          "maxLength": 150
        }
      }
    },
    "NewCodeableConceptPR": {
      "type": "object",
      "properties": {
        "text": {
          "type": "string",
          "maxLength": 900
        },
        "coding": {
          "type": "array",
          "items": {
            "$ref": "#/definitions/NewCodingPR"
          }
        }
      }
    },
    "NewCodingPR": {
      "type": "object",
      "properties": {
        "system": {
          "type": "string",
          "maxLength": 900
        },
        "code": {
          "type": "string",
          "maxLength": 900
        }
      }
    },
    "NewServiceRequested": {
      "type": "object",
      "properties": {
        "text": {
          "description": "The suggested program.",
          "type": "string",
          "maxLength": 200
        }
      }
    },
    "ModifiedReferralMessage": {
      "type": "object",
      "properties": {
        "resourceType": {
          "description": "All referrals are of resource type ReferralRequest. This is a mandatory field.",
          "type": "string",
          "maxLength": 300
        },
        "id": {
          "description": "Internal record ID/Merative Integrated Care ID of the referral. This is an optional  field if identifier is specified.",
          "type": "string"
        },
        "priority": {
          "description": "Priority of the referral - not set, high, medium, low. This is a mandatory field.",
          "type": "string",
          "maxLength": 300
        },
        "referredFromOrgUnit ": {
          "description": "External system reference of the organization unit from where the referral was received. This is a mandatory field if organization units are enabled.",
          "type": "string",
          "maxLength": 100
        },
        "referredToOrgUnit": {
          "description": "External system reference of the organization unit to where the referral is sent. This is a mandatory field if organization units are enabled.",
          "type": "string",
          "maxLength": 100
        },
        "date": {
          "description": "Referral date. This is a mandatory field.",
          "type": "string",
          "format": "date"
        },
        "description": {
          "description": "Comments. This is an optional field.",
          "type": "string",
          "maxLength": 2000
        },
        "source": {
          "type": "object",
          "description": "Contains the   source   details.System and code corresponding to the   Source   of the note.System would be http://wcm/sourcecode would be the external system reference of the   Source. This is a mandatory field.",
          "$ref": "#/definitions/ModifiedCodeableConceptPR"
        },
        "originalSource": {
          "type": "object",
          "description": "Contains the original source system details.System and code corresponding to the Original Source System of the note.System would be http://wcm/originalsourcecode would be the external system reference of the Original Source System. This is an optional field.",
          "$ref": "#/definitions/ModifiedCodeableConceptPR"
        },
        "identifier": {
          "type": "array",
          "description": "The external ID of the referral record. This is an optional field if id is specified.",
          "items": {
            "$ref": "#/definitions/ModifiedIdentifier"
          }
        },
        "reason": {
          "type": "object",
          "description": "The referral reason. This is a mandatory field.",
          "$ref": "#/definitions/ModifiedReferralReason"
        },
        "serviceRequested": {
          "type": "object",
          "description": "The program suggestion for the referral. This is an optional field.",
          "$ref": "#/definitions/ModifiedServiceRequested"
        },
        "subject": {
          "type": "object",
          "description": "A Subject object holds the reference to the Patient the record belongs to.",
          "$ref": "#/definitions/ModifiedSubject"
        }
      }
    },
    "ModifiedIdentifier": {
      "type": "object",
      "properties": {
        "value": {
          "description": "Optional This attribute holds the external identifier value. \n\nIf provided, a type.text value must be provided.",
          "type": "string",
          "maxLength": 900
        },
        "type": {
          "type": "object",
          "description": "Opional. This object holds the value for the Identifier type.",
          "$ref": "#/definitions/ModifiedCodeableConcept"
        }
      }
    },
    "ModifiedCodeableConcept": {
      "type": "object",
      "properties": {
        "text": {
          "description": "Optional. This attribute holds the value for the Identification type. \n\nIt must be provided if an identifier value is provided.",
          "type": "string",
          "maxLength": 900
        }
      }
    },
    "ModifiedReferralReason": {
      "type": "object",
      "properties": {
        "text": {
          "description": "The referral reason. This field is currently available to support existing integrations. New integrations should use only the referralReasonEsr or otherReferralReason fields. If you use this field, any values that you provide in the referralReasonEsr or otherReferralReason fields are ignored. In addition, the Other Referral Reason in Merative Integrated Care is set to the value that you provide in this field and the Referral Reason field is set to 'Other'.",
          "type": "string",
          "maxLength": 200
        },
        "referralReasonEsr": {
          "description": "External system reference of the referral reason configured in Merative Integrated Care.",
          "type": "string",
          "maxLength": 20
        },
        "otherReferralReason": {
          "description": "Another reason for the referral if no external system reference is provided, or if the provided external system reference is associated with the default Other referral reason configured in Merative Integrated Care. Use this field to provide the other referral reason text.",
          "type": "string",
          "maxLength": 200
        }
      }
    },
    "ModifiedSubject": {
      "type": "object",
      "properties": {
        "reference": {
          "description": "The Subject object is used to identify an individual in  Merative Integrated Care.\n\nThe \"reference\" String is expected to contain identifier  details that will be used to match an individual in Merative Integrated Care.\n\nThe string is parsed to extract query parameters and   associated values. It can contain a combination of\n\n(1) Merative Integrated Care Patient ID (i.e. Merative Integrated Care Reference Number),\n\n(2) Merative Integrated Care Identification External System Reference and Identification number,\n\n(3) Merative Integrated Care Identification Type and Identification number,\n\n(4) Merative Integrated Care Identification External System Reference and Identification number and birthDate, \n\n(5) Merative Integrated Care Identification Type and Identification number and birthDate.\n\n\nFor example:\n\n(1) Merative Integrated Care Patient ID\n\n    \"subject\":{\n\n        \"reference\" : \"patient/123    \" }   \n\n\n\n(2) Merative Integrated Care Identification External System Reference and Identification number\n\n    \"subject\":{\n\n         \"reference\" : \"patient/identifiercode=xwz, identifiervalue=239\"}  \n\n\n (3) Merative Integrated Care Identification External System Reference and Identification number,\n\n    \"subject\":{\n\n         \"reference\" : \"patient/identifier=Passport, identifiervalue=239\" } \n\n\n(4) Merative Integrated Care Identification External System Reference and Identification number and birthDate,\n\n      \"subject\":{\n\n         \"reference\" : \"patient/identifiercode=xwz, identifiervalue=239, birthDate=19380821\" }    \n\n\n(5) Merative Integrated Care Identification Type and Identification number and birthDate,\n\n       \"subject\":{\n\n         \"reference\" : \"patient/identifiercode=Passport, identifiervalue=239, birthDate=19380821\"  }   ",
          "type": "string",
          "maxLength": 150
        }
      }
    },
    "ModifiedCodeableConceptPR": {
      "type": "object",
      "properties": {
        "text": {
          "type": "string",
          "maxLength": 900
        },
        "coding": {
          "type": "array",
          "items": {
            "$ref": "#/definitions/ModifiedCodingPR"
          }
        }
      }
    },
    "ModifiedCodingPR": {
      "type": "object",
      "properties": {
        "system": {
          "type": "string",
          "maxLength": 900
        },
        "code": {
          "type": "string",
          "maxLength": 900
        }
      }
    },
    "ModifiedServiceRequested": {
      "type": "object",
      "properties": {
        "text": {
          "description": "The suggested program.",
          "type": "string",
          "maxLength": 200
        }
      }
    },
    "DefaultErrorModel": {
      "type": "object",
      "properties": {
        "Error": {
          "type": "array",
          "items": {
            "$ref": "#/definitions/Error"
          }
        }
      }
    },
    "Error": {
      "type": "object",
      "properties": {
        "code": {
          "type": "integer",
          "format": "int32",
          "description": "A machine-readable code that identifies the problem. This code does not vary with the Accept-Language setting."
        },
        "message": {
          "type": "string",
          "description": "A human-readable message. This message text is localized based on the Accept-Language setting of the request. The contents of this message text may change over time."
        },
        "level": {
          "type": "string",
          "description": "The level of the error."
        }
      },
      "required": [
        "code",
        "message",
        "level"
      ]
    }
  }
}
