{
  "swagger": "2.0",
  "info": {
    "description": "By using the protected APIs that follow, you can enable external messaging between Merative Integrated Care and external systems, for example, the client's external portal. Care team members can send messages associated with clients through Merative Integrated Care, and the external messaging API makes the messages available to the client's external portal. Similarly, clients can send messages from their external portals, and the external messaging API makes the messages available for viewing in Merative Integrated Care to clients' care teams. Outbound messages from Merative Integrated Care to external systems can be sent with or without attachments.\n\n ",
    "version": "v1",
    "title": "External Messaging API"
  },
  "host": "host",
  "basePath": "/Rest",
  "schemes": [
    "https"
  ],
  "produces": [
    "application/json"
  ],
  "consumes": [
    "application/json"
  ],
  "paths": {
    "/v1/ees/externalmessaging/{id}": {
      "get": {
        "summary": "Share messaging records associated with a client and make them available to an external system, for example, the client's external portal.",
        "description": "Retrieves a specific message in Merative Integrated Care that matches the record ID sent from an external system.\n\nExample request\n\n    cURL\n  \n    curl GET -v -k -H\n\n    'Content-Type: application/json' -H  \"X-WCM-TENANT-ID: Tenant ID\" -H  \"X-WCM-TENANT-INSTANCE: Tenant Instance\" -H  \"Authorization: access_token\" -H  \"X-GRANT-TYPE: client_credentials\" -H 'Referer: curam//foundational.app'\n\n    http://host:port/Rest/v1/ees/externalmessaging{id}\n  \n    JAVA\n  \n    HttpResponse response = Unirest.put(https://host:port/Rest/v1/ees/externalmessaging/{id}\n\n      .header(\"accept\", \"application/json\")\n\n        .header(\"X-WCM-TENANT-ID\", \"Tenant ID\")\n\n      .header(\"X-WCM-TENANT-INSTANCE\", \"Tenant Instance\")\n\n    .header(\"Authorization\", \"access_token\")\n\n        .header(\"X-GRANT-TYPE\", \"client_credentials\")\n\n        .header(\"Referer\", \"curam.//foundationalapp\")    .asString();",
        "tags": [
          "Get message (by ID)"
        ],
        "parameters": [
          {
            "in": "header",
            "name": "Referer",
            "type": "string",
            "enum": [
              "curam://foundational.app"
            ],
            "required": true
          },
          {
            "in": "header",
            "name": "X-WCM-TENANT-ID",
            "type": "string",
            "enum": [
              "The tenant ID."
            ],
            "required": true
          },
          {
            "in": "header",
            "name": "X-WCM-TENANT-INSTANCE",
            "type": "string",
            "enum": [
              "The tenant instance."
            ],
            "required": true
          },
          {
            "in": "header",
            "name": "Authorization",
            "type": "string",
            "enum": [
              "The Access Token."
            ],
            "required": true
          },
          {
            "in": "header",
            "name": "X-GRANT-TYPE",
            "type": "string",
            "enum": [
              "client_credentials"
            ],
            "required": true
          },
          {
            "name": "id",
            "in": "path",
            "required": true,
            "description": "The internal record ID of the message.",
            "type": "string"
          }
        ],
        "responses": {
          "200": {
            "description": "The get request was successful.",
            "schema": {
              "$ref": "#/definitions/GetExternalMessage"
            }
          },
          "400": {
            "description": "The data request is invalid. Check the error message for more information and resend the request with the corrected data.\n\nPossible error message:\n\nEESERR2107 - External message not found.",
            "schema": {
              "$ref": "#/definitions/DefaultErrorModel"
            }
          },
          "404": {
            "description": "The data request is invalid. Check the error message for further information and resend the request with the corrected data.\n\n Possible error messages:\n\nEESERR2107  - External message not found.",
            "schema": {
              "$ref": "#/definitions/DefaultErrorModel"
            }
          },
          "500": {
            "description": "An internal server error occurred. Contact your administrator for more information.",
            "schema": {
              "$ref": "#/definitions/DefaultErrorModel"
            }
          },
          "default": {
            "description": "An unexpected error occurred. Check the error message for further information.",
            "schema": {
              "$ref": "#/definitions/DefaultErrorModel"
            }
          }
        }
      }
    },
    "/v1/ees/externalmessage_attachment/{id}": {
      "get": {
        "description": "Views the attachment linked to the message by using the message ID.\n\n\n\nExample request\n \n    cURL\n    \n    curl -X GET \"https://host:port/Rest/v1/ees/externalmessage_attachment/1234\" -H  \"X-WCM-TENANT-ID: Tenant ID\" -H  \"X-WCM-TENANT-INSTANCE: Tenant Instance\" -H  \"Authorization: access_token\" -H  \"X-GRANT-TYPE: client_credentials\"  -H  \"accept: application/octet-stream\" --output xyz.pdf\n    \n    \n    JAVA\n\n    HttpResponse<InputStream> response = Unirest.get(\"https://host:port/Rest/v1/ees/externalmessage_attachment/123\")\n\n      .header(\"accept\", \"application/octet-stream\")\n\n     .header(\"X-WCM-TENANT-INSTANCE\", \"Tenant Instance\")\n\n     .header(\"X-WCM-TENANT-ID\", \"Tenant ID\")\n\n      .asBinary();",
        "tags": [
          "Get an attachment linked to the message"
        ],
        "summary": "Get an attachment linked to the message.",
        "produces": [
          "application/octet-stream"
        ],
        "parameters": [
          {
            "in": "header",
            "name": "Referer",
            "type": "string",
            "enum": [
              "curam://foundational.app"
            ],
            "required": true
          },
          {
            "in": "header",
            "name": "X-WCM-TENANT-ID",
            "type": "string",
            "enum": [
              "The tenant ID."
            ],
            "required": true
          },
          {
            "in": "header",
            "name": "X-WCM-TENANT-INSTANCE",
            "type": "string",
            "enum": [
              "The tenant instance."
            ],
            "required": true
          },
          {
            "in": "header",
            "name": "Authorization",
            "type": "string",
            "enum": [
              "The Access Token."
            ],
            "required": true
          },
          {
            "in": "header",
            "name": "X-GRANT-TYPE",
            "type": "string",
            "enum": [
              "client_credentials"
            ],
            "required": true
          },
          {
            "name": "id",
            "in": "path",
            "required": true,
            "description": "The internal record ID of the message.",
            "type": "integer"
          }
        ],
        "responses": {
          "200": {
            "description": "The get request was successful.",
            "schema": {
              "$ref": "#/definitions/GetMessageAttachment"
            }
          },
          "400": {
            "description": "The data request is invalid. Check the error message for more information and resend the request with the corrected data.\n\nPossible error message:\n\nEESERR2116 - External message attachment not found.",
            "schema": {
              "$ref": "#/definitions/DefaultErrorModel"
            }
          },
          "404": {
            "description": "The resource requested was not found. Check the error message for more information and resend the request with a valid resource ID.\n\nPossible error message:\n\nEESERR2107  - External message not found."
          },
          "500": {
            "description": "An internal server error occurred. Contact your administrator for more information.",
            "schema": {
              "$ref": "#/definitions/DefaultErrorModel"
            }
          },
          "default": {
            "description": "An unexpected error occurred. Check the error message for more information.",
            "schema": {
              "$ref": "#/definitions/DefaultErrorModel"
            }
          }
        }
      }
    },
    "/v1/ees/client_externalmessage": {
      "post": {
        "description": "Creates a message for a client who is registered in Merative Integrated Care.\n\nMerative Integrated Care identifies the client record to create the message based on the client reference number that the external system provides in the body.\n\n  \n \n    cURL\n    \n    curl -X POST \"https://host:port/Rest/v1/ees/client_externalmessage\" -H  \"X-WCM-TENANT-ID: Tenant ID\" -H  \"X-WCM-TENANT-INSTANCE: Tenant Instance\" -H  \"Authorization: access_token\" -H  \"X-GRANT-TYPE: client_credentials\" -H  \"accept: application/json\" -H  \"Referer: curam://foundational.app\" -H  \"Authorization: access_token\" -H  \"X-GRANT-TYPE: client_credentials\" -H  \"Content-Type: application/json\" -d \" { \"resourceType\": \"externalmessaging\", \"messageText\": \"message\", \"createdDateTime\": \"20230112T085000\", \"identifier\": \"12345\" } }  \")\n      \n    \n)\n      \n    \n    JAVA\n\n    HttpResponse response = Unirest.post(\"https://host:port/Rest/v1/ees/client_externalmessage\")\n\n        .header(\"accept\", \"application/json\")\n\n        .header(\"Authorization\", \"access_token\")\n\n        .header(\"X-GRANT-TYPE\", \"client_credentials\")\n\n        .header(\"X-WCM-TENANT-INSTANCE\", \"Tenant Instance\")\n\n     .header(\"X-WCM-TENANT-ID\", \"Tenant ID\")\n\n        .header(\"Referer\", \"curam://foundational.app\")\n\n        .header(\"Content-Type\", \"application/json\")\n\n    .body(\" { \"resourceType\": \"externalmessaging\", \"messageText\": \"message\", \"createdDateTime\": \"20230112T085000\", \"identifier\": \"12345\"} }  \")     \n\n        .asString();",
        "tags": [
          "Create an external message"
        ],
        "summary": "Create a message for a client who is registered in Merative Integrated Care.",
        "parameters": [
          {
            "in": "header",
            "name": "Referer",
            "type": "string",
            "enum": [
              "curam://foundational.app"
            ],
            "required": true
          },
          {
            "in": "header",
            "name": "X-WCM-TENANT-ID",
            "type": "string",
            "enum": [
              "The tenant ID."
            ],
            "required": true
          },
          {
            "in": "header",
            "name": "X-WCM-TENANT-INSTANCE",
            "type": "string",
            "enum": [
              "The tenant instance."
            ],
            "required": true
          },
          {
            "in": "header",
            "name": "Authorization",
            "type": "string",
            "enum": [
              "The Access Token."
            ],
            "required": true
          },
          {
            "in": "header",
            "name": "X-GRANT-TYPE",
            "type": "string",
            "enum": [
              "client_credentials"
            ],
            "required": true
          },
          {
            "name": "body",
            "in": "body",
            "description": "Create external message details.",
            "required": true,
            "schema": {
              "$ref": "#/definitions/CreateExternalMessage"
            }
          }
        ],
        "responses": {
          "201": {
            "description": "The post request was successful.",
            "headers": {
              "Location": {
                "type": "string",
                "description": "The location of the new resource."
              }
            }
          },
          "400": {
            "description": "The data request is invalid. Check the error message for further information and resend the request with the corrected data. \n\nThe possible error codes are: \n\nEESERR2100 - Invalid 'resourceType' entered.\n\nEESERR2101 - The date value provided, %1s, is invalid and not in the correct format.\n\nEESERR2102 - The 'createdDateTime' is in the future.  \n\nEESERR2103 - A 'senderUserName' must be provided for this operation. \n\nEESERR2104 - Maximum size for the 'MessageText' field is 4000 characters. \n\nEEESERR2105 - It is mandatory to specify 'createdDateTime'. \n\nEESERR2114  - Identifier not found.\n\nEESERR2115 - It is mandatory to specify 'messageText'.",
            "schema": {
              "$ref": "#/definitions/DefaultErrorModel"
            }
          },
          "500": {
            "description": "An internal server error occurred. Contact your administrator for more information.",
            "schema": {
              "$ref": "#/definitions/DefaultErrorModel"
            }
          },
          "default": {
            "description": "An unexpected error occurred. Check the error message for further information.",
            "schema": {
              "$ref": "#/definitions/DefaultErrorModel"
            }
          }
        }
      }
    }
  },
  "definitions": {
    "GetExternalMessage": {
      "type": "object",
      "properties": {
        "id": {
          "description": "The unique identifier of the message.",
          "type": "integer"
        },
        "createdDateTime": {
          "description": "The date and time when a message record is submitted.",
          "type": "string"
        },
        "messageText": {
          "description": "The message text.",
          "type": "string",
          "maxLength": 4000
        },
        "senderUserName": {
          "description": "The user name of the message's sender.",
          "type": "string"
        },
        "fileName": {
          "description": "The filename of the attachment included in the message.",
          "type": "string"
        },
        "attachmentURL": {
          "description": "The attachment URL of the message to retrieve the attachment content.",
          "type": "string"
        },
        "identifier": {
          "description": "The client reference number.",
          "type": "string"
        },
        "source": {
          "$ref": "#/definitions/Source"
        },
        "originalSource": {
          "$ref": "#/definitions/OriginalSource"
        },
        "senderType": {
          "$ref": "#/definitions/SenderType"
        }
      }
    },
    "OriginalSource": {
      "description": "The name of the original source system where the message first originated. The external system identifies the original source system by its external system reference.",
      "type": "object",
      "properties": {
        "text": {
          "description": "Description of the original source system.",
          "type": "string",
          "maxLength": 300
        },
        "coding": {
          "type": "array",
          "items": {
            "$ref": "#/definitions/CodingPR"
          }
        }
      }
    },
    "Source": {
      "description": "The source of the message. The external system identifies the source by its external system reference.",
      "type": "object",
      "properties": {
        "text": {
          "description": "Description of the source.",
          "type": "string",
          "maxLength": 300
        },
        "coding": {
          "type": "array",
          "items": {
            "$ref": "#/definitions/CodingPR"
          }
        }
      }
    },
    "SenderType": {
      "type": "object",
      "properties": {
        "text": {
          "description": "The type of sender who created the message in Merative Integrated Care, for example, care team.",
          "type": "string",
          "maxLength": 300
        },
        "coding": {
          "type": "array",
          "items": {
            "$ref": "#/definitions/CodingPR"
          }
        }
      }
    },
    "CodingPR": {
      "type": "object",
      "properties": {
        "system": {
          "type": "string",
          "maxLength": 900
        },
        "code": {
          "type": "string",
          "maxLength": 900
        }
      }
    },
    "GetMessageAttachment": {
      "type": "object",
      "properties": {
        "id": {
          "description": "The unique identifier of the message.",
          "type": "integer"
        }
      }
    },
    "CreateExternalMessage": {
      "type": "object",
      "properties": {
        "resourceType": {
          "description": "External message as a resource type. This is a mandatory field.",
          "type": "string",
          "maxLength": 300
        },
        "createdDateTime": {
          "description": "The date and time when a message record is submitted. This is a mandatory field.",
          "type": "string"
        },
        "messageText": {
          "description": "The message text. This is a mandatory field.",
          "type": "string",
          "maxLength": 4000
        },
        "identifier": {
          "description": "The client reference number. This is a mandatory field.",
          "type": "string",
          "maxLength": 10
        }
      }
    },
    "DefaultErrorModel": {
      "type": "object",
      "properties": {
        "Error": {
          "type": "array",
          "items": {
            "$ref": "#/definitions/Error"
          }
        }
      }
    },
    "Error": {
      "type": "object",
      "properties": {
        "code": {
          "type": "integer",
          "format": "int32",
          "description": "A machine-readable code that identifies the problem. This code does not vary with the Accept-Language setting."
        },
        "message": {
          "type": "string",
          "description": "A human-readable message. This message text is localized based on the Accept-Language setting of the request. The contents of this message text may change over time."
        },
        "level": {
          "type": "string",
          "description": "The level of the error."
        }
      },
      "required": [
        "code",
        "message",
        "level"
      ]
    }
  }
}
