{
  "swagger": "2.0",
  "info": {
    "version": "v1",
    "title": "Program ",
    "description": "By using the protected API that follows, you can retrieve a client's program details so that extended care team members (who are not Merative Integrated Care users) can view the information in external systems. The API sends program assignment details and updates like program status changes. The Get Program Details call returns the program details along with a URL to get the information. Merative Integrated Care uses webhooks to notify subscribers so that they can call back for the updated program details."
  },
  "host": "host",
  "basePath": "/Rest",
  "schemes": [
    "http"
  ],
  "produces": [
    "application/json"
  ],
  "consumes": [
    "application/json"
  ],
  "paths": {
    "/v1/ees/programstatus/{id}": {
      "get": {
        "description": "When a care team member assigns a program to a client, updates a  program status, or updates program details in Merative Integrated Care, a notification is sent to the external systems that are subscribed to the program data type in Merative Integrated Care. The external system receives a notification with a URL that contains the ID of the program record. For example, if the ID of the program record is 123, the URL contained in the notification is /Rest/v1/ees/programstatus/123. The external system must call this URL to retrieve the program details. \n \n Example request\n \n     cURL \n \n \n      curl -X GET   https://host:port/Rest/v1/ees/programstatus/123 -H  \"X-WCM-TENANT-ID: Tenant ID\" -H  \"X-WCM-TENANT-INSTANCE: Tenant Instance\" -H  \"Authorization: access_token\" -H  \"X-GRANT-TYPE: client_credentials\" -H \"accept: application/json\"\n   \n     JAVA\n\n     HttpResponse response = Unirest.get(\"https://host:port/Rest/v1/ees/programstatus/123\")\n\n         .header(\"accept\", \"application/json\")\n\n        .header(\"Authorization\", \"access_token\")\n\n        .header(\"X-GRANT-TYPE\", \"client_credentials\")\n\n        .header(\"X-WCM-TENANT-INSTANCE\", \"Tenant Instance\")\n\n     .header(\"X-WCM-TENANT-ID\", \"Tenant ID\")\n\n         .asString();\n\n         ",
        "tags": [
          "Get program"
        ],
        "summary": " Get client program details.",
        "parameters": [
          {
            "in": "header",
            "name": "Referer",
            "type": "string",
            "enum": [
              "curam://foundational.app"
            ],
            "required": true
          },
          {
            "in": "header",
            "name": "X-WCM-TENANT-ID",
            "type": "string",
            "enum": [
              "The tenant ID."
            ],
            "required": true
          },
          {
            "in": "header",
            "name": "X-WCM-TENANT-INSTANCE",
            "type": "string",
            "enum": [
              "The tenant instance."
            ],
            "required": true
          },
          {
            "in": "header",
            "name": "Authorization",
            "type": "string",
            "enum": [
              "The Access Token."
            ],
            "required": true
          },
          {
            "in": "header",
            "name": "X-GRANT-TYPE",
            "type": "string",
            "enum": [
              "client_credentials"
            ],
            "required": true
          },
          {
            "name": "id",
            "in": "path",
            "required": true,
            "description": "The resource id, which uniquely identifies the program record.",
            "type": "string"
          }
        ],
        "responses": {
          "200": {
            "description": "The get request was successful.",
            "schema": {
              "$ref": "#/definitions/ProgramDetailsResponse"
            }
          },
          "400": {
            "description": "The data request is invalid. Check the error message for further information and resend the request with the corrected data.",
            "schema": {
              "$ref": "#/definitions/DefaultErrorModel"
            }
          },
          "401": {
            "description": "Invalid authentication credentials for the target resource entered.",
            "schema": {
              "$ref": "#/definitions/DefaultErrorModel"
            }
          },
          "404": {
            "description": "The resource requested was not found. Check the error message for further information and resend the request with a valid resource id. Possible error message: EESERR1030 - Program not found",
            "schema": {
              "$ref": "#/definitions/DefaultErrorModel"
            }
          },
          "500": {
            "description": "An internal server error occurred. Contact your administrator for more information",
            "schema": {
              "$ref": "#/definitions/DefaultErrorModel"
            }
          },
          "default": {
            "description": "An unexpected error occurred. Check the error message for further information",
            "schema": {
              "$ref": "#/definitions/DefaultErrorModel"
            }
          }
        }
      }
    }
  },
  "definitions": {
    "ProgramDetailsResponse": {
      "type": "object",
      "properties": {
        "id": {
          "description": "The program resource id. This id uniquely identifies program record for which the details are requested.",
          "type": "string"
        },
        "program": {
          "type": "object",
          "$ref": "#/definitions/CodeableConceptPR"
        },
        "description": {
          "description": "Description of the program.",
          "type": "string",
          "maxLength": 5000
        },
        "created": {
          "description": "The date of the program update or program status update.",
          "type": "string",
          "format": "datetime",
          "maximum": 99991231
        },
        "graduationDate": {
          "description": "The date of the client's graduation from the program.",
          "type": "string",
          "maxLength": 30
        },
        "note": {
          "description": "Comments added by a user when updating the program status or editing the program details.",
          "type": "string",
          "maxLength": 300
        },
        "status": {
          "description": "The status of the program, Assigned, Pending, Enrolled, Not Enrolled, Disenrolled, Completed.",
          "type": "string",
          "maxLength": 200
        },
        "programStatusReason": {
          "type": "object",
          "$ref": "#/definitions/CodeableConceptPR"
        },
        "otherReason": {
          "description": "The reason entered by a user for changing the program status.",
          "type": "string",
          "maxLength": 100
        },
        "source": {
          "type": "object",
          "$ref": "#/definitions/CodeableConceptPR"
        },
        "originalSource": {
          "type": "object",
          "$ref": "#/definitions/CodeableConceptPR"
        },
        "subject": {
          "type": "object",
          "description": "A Subject object holds the reference to the Patient the record belongs to.",
          "$ref": "#/definitions/Subject"
        }
      }
    },
    "Subject": {
      "type": "object",
      "properties": {
        "reference": {
          "type": "string",
          "maxLength": 150
        }
      }
    },
    "CodeableConceptPR": {
      "type": "object",
      "properties": {
        "text": {
          "type": "string",
          "maxLength": 900
        },
        "coding": {
          "type": "array",
          "items": {
            "$ref": "#/definitions/CodingPR"
          }
        }
      }
    },
    "CodingPR": {
      "type": "object",
      "properties": {
        "system": {
          "type": "string",
          "maxLength": 900
        },
        "code": {
          "type": "string",
          "maxLength": 900
        }
      }
    },
    "DefaultErrorModel": {
      "type": "object",
      "properties": {
        "Error": {
          "type": "array",
          "items": {
            "$ref": "#/definitions/Error"
          }
        }
      }
    },
    "Error": {
      "type": "object",
      "properties": {
        "code": {
          "type": "integer",
          "format": "int32",
          "description": "A machine readable code identifying the problem. This will not vary with the Accept-Language setting."
        },
        "message": {
          "type": "string",
          "description": "A human readable message. This message text is localized based on the Accept-Language setting of the request. The contents of this message text may change over time."
        },
        "level": {
          "type": "string",
          "description": "The level of the error."
        }
      },
      "required": [
        "code",
        "message",
        "level"
      ]
    }
  }
}
