
{
  "swagger": "2.0",
  "info": {
    "description": "By using the protected APIs that follow, you can create, update, or delete provider location records in Merative Integrated Care so that Merative Integrated Care accurately reflects the external system data. When a location is created, an external identifier is provided as part of the API. The identifier is then used to identify the location whose records are to be updated or closed. The location records that the API creates are read-only in the Merative Integrated Care Tenant Administration application.\n\nA location can be associated with a provider. For example, the location of an organization’s headquarters. If only the provider identifier is provided, only the location is associated with the provider. A location can be associated with a provider and a service offering for that provider. For example, the location where a service is offered, such as a food bank. If the provider external identifier and the service external identifier are provided, the location is associated with the provider and the service offering.",
    "version": "1.0",
    "title": "(External Provider) Location API",
    "contact": {
      "name": "you@your-company.com"
    }
  },
  "host": "host",
  "basePath": "/Rest",
  "schemes": [
    "http",
    "https"
  ],
  "paths": {
    "/v1/epa/location": {
      "post": {
        "tags": [
          "Location"
        ],
        "summary": "Create location records for providers and provider service offerings in Merative Integrated Care.",
        "description": "Creates location records for providers and provider service offerings based on an update in the external system that initiates a transfer of valid data to Merative Integrated Care. Merative Integrated Care identifies the record to update based on the provider ID and service ID (if applicable) that the external system provides in the path and the body. \n\n  \n \n    cURL\n    \n    curl -X POST \"https://host:port/Rest/v1/epa/location\" -H  \"accept: application/json\" -H  \"Content-Type: application/json\" -d \"  { \"messageID\" : \"123\", \"id\" : \"extLocationESR1\", \"organization_id\": \"extProvider466000\", \"service_id\": \"extService466000\", \"address_1\": \"1645 Corinth Ave # 201\",  \"city\": \"Los Angeles\", \"state_province\": \"CA\", \"postal_code\": \"90021\", \"country\": \"US\", \"location\": { \"id\": \"extGeoCodeRef1\", \"latitude\": \"\", \"longitude\": \"\" }, \"source\": { \"coding\": [{ \"system\": \"http://wcm/source\",\"code\": \"ExtSS466000\"  }], \"text\": \"Acme Systems\" }, \"originalSource\": { \"coding\": [{ \"system\": \"http://wcm/originalsource\", \"code\": \"ExtSS466001\" }], \"text\": \"Acme Systems\" }} \"     \n  \n      \n    \n    JAVA\n\n    HttpResponse response = Unirest.post(\"https://host:port/Rest/v1/epa/location\")\n\n        .header(\"accept\", \"application/json\")\n\n       .header(\"Content-Type\", \"application/json\")\n\n    .body(\" { \"messageID\" : \"123\", \"id\" : \"extLocationESR1\", \"organization_id\": \"extProvider466000\", \"service_id\": \"extService466000\", \"address_1\": \"1645 Corinth Ave # 201\",  \"city\": \"Los Angeles\", \"state_province\": \"CA\", \"postal_code\": \"90021\", \"country\": \"US\", \"location\": { \"id\": \"extGeoCodeRef1\", \"latitude\": \"\", \"longitude\": \"\" }, \"source\": { \"coding\": [{ \"system\": \"http://wcm/source\",\"code\": \"ExtSS466000\"  }], \"text\": \"Acme Systems\" }, \"originalSource\": { \"coding\": [{ \"system\": \"http://wcm/originalsource\", \"code\": \"ExtSS466001\" }], \"text\": \"Acme Systems\" }}  \")     \n\n        .asString();",
        "operationId": "createLocation",
        "consumes": [
          "application/json"
        ],
        "produces": [
          "application/json"
        ],
        "parameters": [
          {
            "in": "body",
            "name": "body",
            "description": "<b>The request body in the JSON format.</b>",
            "required": true,
            "schema": {
              "$ref": "#/definitions/NewLocationInfo"
            }
          }
        ],
        "responses": {
          "201": {
            "description": "The post request was successful.",
            "headers": {
              "Location": {
                "type": "string",
                "description": "The location of the new resource."
              }
            }
          },
          "400": {
            "description": "The data request is invalid. Check the error message for further information and resend the request with the corrected data. \n\nThe following list outlines the possible error messages:\n\nEPAERR3401 - The location ID is invalid.\n\nEPAERR3402 - The location ID exists. \n\nEPAERR3403 - It is mandatory to specify 'address_1'. \n\nEPAERR3405 - It is mandatory to specify 'city'.\n\nEPAERR3407 - It is mandatory to specify 'state_province'.\n\nEPAERR3409 - It is mandatory to specify 'postal_code'.\n\nEPAERR3411 - It is mandatory to specify 'country'. \n\nEPAERR3404 - The 'address_1' entered is too long. The maximum characters that is allowed is 65.\n\nEPAERR3406 - The 'city' entered is too long. The maximum characters that is allowed is 256.\n\nEPAERR3412 - The 'country' entered is too long. The maximum characters that is allowed is 20.\n\nEPAERR3410 - The 'postal_code' entered is too long. The maximum characters that is allowed is 100.\n\nEPAERR3408 - The 'state_province' entered is too long. The maximum characters that is allowed is 256.",
            "schema": {
              "$ref": "#/definitions/DefaultErrorModel"
            }
          },
          "500": {
            "description": "An internal server error occurred. Contact your administrator for more information.",
            "schema": {
              "$ref": "#/definitions/DefaultErrorModel"
            }
          },
          "default": {
            "description": "An unexpected error occurred. Check the error message for further information.",
            "schema": {
              "$ref": "#/definitions/DefaultErrorModel"
            }
          }
        }
      },
      "put": {
        "tags": [
          "Location"
        ],
        "summary": "Update location records for providers and provider service offerings in Merative Integrated Care.",
        "description": "Updates location records for providers and provider service offerings based on an update in the external system that initiates a transfer of valid data to Merative Integrated Care. Merative Integrated Care identifies the record to update based on the provider ID and service ID (if applicable) that the external system provides in the path and the body.\n\n  \n \n    cURL\n    \n    curl -X POST \"https://host:port/Rest/v1/epa/location\" -H  \"accept: application/json\" -H  \"Content-Type: application/json\" -d \"  { \"messageID\" : \"123\", \"id\" : \"extLocationESR1\", \"organization_id\": \"extProvider466000\", \"service_id\": \"extService466000\", \"address_1\": \"1645 Corinth Ave # 202\",  \"city\": \"Los Angeles\", \"state_province\": \"CA\", \"postal_code\": \"90021\", \"country\": \"US\", \"location\": { \"id\": \"extGeoCodeRef1\", \"latitude\": \"\", \"longitude\": \"\" }} \"     \n  \n      \n    \n    JAVA\n\n    HttpResponse response = Unirest.post(\"https://host:port/Rest/v1/epa/location\")\n\n        .header(\"accept\", \"application/json\")\n\n       .header(\"Content-Type\", \"application/json\")\n\n    .body(\" { \"messageID\" : \"123\", \"id\" : \"extLocationESR1\", \"organization_id\": \"extProvider466000\", \"service_id\": \"extService466000\", \"address_1\": \"1645 Corinth Ave # 202\",  \"city\": \"Los Angeles\", \"state_province\": \"CA\", \"postal_code\": \"90021\", \"country\": \"US\", \"location\": { \"id\": \"extGeoCodeRef1\", \"latitude\": \"\", \"longitude\": \"\" }}  \")     \n\n        .asString();",
        "operationId": "updateLocation",
        "consumes": [
          "application/json"
        ],
        "produces": [
          "application/json"
        ],
        "parameters": [
          {
            "in": "body",
            "name": "body",
            "description": "<b>The request body in the JSON format.</b>",
            "required": true,
            "schema": {
              "$ref": "#/definitions/ModifiedLocationInfo"
            }
          }
        ],
        "responses": {
          "200": {
            "description": "The put request was successful.",
            "schema": {
              "$ref": "#/definitions/UpdateLocationResponse"
            }
          },
          "400": {
            "description": "The data request is invalid. Check the error message for further information and resend the request with the corrected data. \n\nThe following list outlines the possible error messages:\n\nEPAERR3401 - The location ID is invalid.\n\nEPAERR3402 - The location ID exists. \n\nEPAERR3403 - It is mandatory to specify 'address_1'.\n\nEPAERR3405 - It is mandatory to specify 'city'.\n\nEPAERR3407 - It is mandatory to specify 'state_province'.\n\nEPAERR3409 - It is mandatory to specify 'postal_code'.\n\nEPAERR3411 - It is mandatory to specify 'country'. \n\nEPAERR3404 - The 'address_1' entered is too long. The maximum characters that is allowed is 65.\n\nEPAERR3406 - The 'city' entered is too long. The maximum characters that is allowed is 256.\n\nEPAERR3412 - The 'country' entered is too long. The maximum characters that is allowed is 20.\n\nEPAERR3410 - The 'postal_code' entered is too long. The maximum characters that is allowed is 100.\n\nEPAERR3408 - The 'state_province' entered is too long. The maximum characters that is allowed is 256.",
            "schema": {
              "$ref": "#/definitions/DefaultErrorModel"
            }
          },
          "500": {
            "description": "An internal server error occurred. Contact your administrator for more information.",
            "schema": {
              "$ref": "#/definitions/DefaultErrorModel"
            }
          },
          "default": {
            "description": "An unexpected error occurred. Check the error message for further information.",
            "schema": {
              "$ref": "#/definitions/DefaultErrorModel"
            }
          }
        }
      }
    },
    "/v1/epa/location/close": {
      "post": {
        "tags": [
          "Location"
        ],
        "summary": "Delete location records for providers and provider service offerings in Merative Integrated Care.",
        "description": "Deletes location records for providers and provider service offerings based on an update in the external system that initiates a transfer of valid data to Merative Integrated Carer. Merative Integrated Care identifies the record to update based on the provider ID and service ID (if applicable) that the external system provides in the path and the body. \n \n    cURL\n    \n    curl -X POST \"https://host:port/Rest/v1/epa/location/close\" -H  \"accept: application/json\" -H  \"Content-Type: application/json\" -d \"  { \"messageID\" : \"123\", \"id\" : \"extLocationESR1\", \"organization_id\": \"extProvider466000\", \"service_id\": \"extService466000\"} \"     \n  \n      \n    \n    JAVA\n\n    HttpResponse response = Unirest.post(\"https://host:port/Rest/v1/epa/location/close\")\n\n        .header(\"accept\", \"application/json\")\n\n       .header(\"Content-Type\", \"application/json\")\n\n    .body(\" { \"messageID\" : \"123\", \"id\" : \"extLocationESR1\", \"organization_id\": \"extProvider466000\", \"service_id\": \"extService466000\"}  \")     \n\n        .asString();",
        "operationId": "deleteLocation",
        "consumes": [
          "application/json"
        ],
        "produces": [
          "application/json"
        ],
        "parameters": [
          {
            "name": "locationID",
            "in": "body",
            "description": "<b>The JSON object that contains the location ID.</b>.",
            "required": true,
            "schema": {
              "$ref": "#/definitions/DeleteLocation"
            }
          }
        ],
        "responses": {
          "200": {
            "description": "The post request was successful.",
            "schema": {
              "type": "array",
              "items": {
                "$ref": "#/definitions/ActionCountResponse"
              }
            }
          },
          "500": {
            "description": "An internal server error occurred. Contact your administrator for more information.",
            "schema": {
              "$ref": "#/definitions/DefaultErrorModel"
            }
          },
          "default": {
            "description": "An unexpected error occurred. Check the error message for further information.",
            "schema": {
              "$ref": "#/definitions/DefaultErrorModel"
            }
          }
        }
      }
    }
  },
  "definitions": {
    "NewLocationInfo": {
      "type": "object",
      "properties": {
        "messageID": {
          "type": "integer",
          "format": "int64",
          "example": "1552641913250",
          "description": "The internal record ID for a location. The field is optional."
        },
        "id": {
          "type": "string",
          "example": "extLocationESR1",
          "description": "The unique identifier of the location. The field is mandatory.",
          "minLength": 0,
          "maxLength": 20
        },
        "organization_id": {
          "type": "string",
          "example": "extOrgID466000",
          "description": "The reference identifier for an organization. The field is mandatory.",
          "minLength": 0,
          "maxLength": 20
        },
        "service_id": {
          "type": "string",
          "example": "extServiceID466000",
          "description": "The service identifier for a location. The field is optional.",
          "minLength": 0,
          "maxLength": 20
        },
        "address_1": {
          "$ref": "#/definitions/NewAddressLocation"
        },
        "city": {
          "type": "string",
          "example": "Los Angeles",
          "description": "The name of the city. The field is mandatory.",
          "maxLength": 100,
          "minLength": 0
        },
        "state_province": {
          "type": "string",
          "example": "CA",
          "description": "The name of the state. The field is mandatory."
        },
        "postal_code": {
          "type": "string",
          "example": "90021",
          "description": "The location PINCODE.",
          "maxLength": 100
        },
        "country": {
          "type": "string",
          "example": "US",
          "description": "The name of the country. The field is mandatory."
        },
        "location": {
          "type": "object",
          "description": "The field that specifies the location coordinates.",
          "$ref": "#/definitions/ExternalGeoLocation"
        },
        "originalSource": {
          "type": "object",
          "description": "Contains the original source system details. The system and code that corresponds to the original source system of the note. The external system reference of the original source system is http://wcm/originalsourcecode. The field is optional.",
          "$ref": "#/definitions/LocationSource"
        },
        "source": {
          "type": "object",
          "description": "Contains the source details. The system and code that corresponds to the   source of the note. The external system reference of the source is http://wcm/sourcecode. The field is optional.",
          "$ref": "#/definitions/LocationSource"
        }
      }
    },
    "ModifiedLocationInfo": {
      "type": "object",
      "properties": {
        "messageID": {
          "type": "integer",
          "format": "int64",
          "example": "1552641913250",
          "description": "The internal record ID for a location. The field is optional."
        },
        "id": {
          "type": "string",
          "example": "extLocationESR1",
          "description": "The unique identifier of the location. The field is mandatory.",
          "minLength": 0,
          "maxLength": 20
        },
        "organization_id": {
          "type": "string",
          "example": "extOrgID466000",
          "description": "The reference identifier for an organization. The field is mandatory.",
          "minLength": 0,
          "maxLength": 20
        },
        "service_id": {
          "type": "string",
          "example": "extServiceID466000",
          "description": "The service identifier for a location. The field is optional.",
          "minLength": 0,
          "maxLength": 20
        },
        "address_1": {
          "$ref": "#/definitions/ModifiedAddressLocation"
        },
        "city": {
          "type": "string",
          "example": "Los Angeles",
          "description": "The name of the city. The field is mandatory.",
          "minLength": 0,
          "maxLength": 100
        },
        "state_province": {
          "type": "string",
          "example": "CA",
          "description": "The name of the state. The field is mandatory.",
          "minLength": 0,
          "maxLength": 256
        },
        "postal_code": {
          "type": "string",
          "example": "90021",
          "description": "The location PINCODE. The field is mandatory.",
          "minLength": 0,
          "maxLength": 100
        },
        "country": {
          "type": "string",
          "example": "US",
          "description": "The name of the country. The field is mandatory.",
          "minLength": 0,
          "maxLength": 20
        },
        "location": {
          "type": "object",
          "description": "The field that specifies the location coordinates.",
          "$ref": "#/definitions/ExternalGeoLocation"
        }
      }
    },
    "NewAddressLocation": {
      "type": "string",
      "example": "1645 Corinth Ave # 201",
      "description": "The address field. The field is mandatory.",
      "minLength": 0,
      "maxLength": 65
    },
    "ModifiedAddressLocation": {
      "type": "string",
      "example": "136 Corinth Ave # 202",
      "description": "The address field. The field is mandatory.",
      "minLength": 0,
      "maxLength": 65
    },
    "ExternalGeoLocation": {
      "type": "object",
      "properties": {
        "id": {
          "type": "string",
          "example": "extGeoCodeRef1",
          "description": "The unique identifier for an external geolocation. The field is mandatory.",
          "minLength": 0,
          "maxLength": 20
        },
        "latitude": {
          "type": "number",
          "example": "double",
          "description": "The latitude coordinates. The field is optional."
        },
        "longitude": {
          "type": "number",
          "format": "double",
          "description": "The longitude coordinates. The field is optional."
        }
      }
    },
    "LocationSource": {
      "type": "object",
      "properties": {
        "text": {
          "type": "string",
          "example": "Acme Systems",
          "description": "The source details.",
          "minLength": 0,
          "maxLength": 100
        },
        "coding": {
          "$ref": "#/definitions/SourceCoding"
        }
      }
    },
    "SourceCoding": {
      "type": "object",
      "properties": {
        "system": {
          "type": "string",
          "example": "http://wcm/originalsource",
          "description": "The FHIR system details.",
          "minLength": 0,
          "maxLength": 100
        },
        "code": {
          "type": "string",
          "example": "ExtSS466001",
          "description": "The FHIR code reference details.",
          "minLength": 0,
          "maxLength": 100
        }
      }
    },
    "GenericResponse": {
      "type": "object",
      "properties": {
        "message": {
          "type": "string",
          "example": "OK",
          "description": "The response message from the API."
        }
      }
    },
    "UpdateLocationResponse": {
      "type": "object",
      "properties": {
        "message": {
          "type": "string",
          "example": "OK",
          "description": "Response message from API."
        },
        "entries": {
          "type": "array",
          "description": "The list of locations.",
          "uniqueItems": true,
          "items": {
            "$ref": "#/definitions/ModifiedLocationInfo"
          }
        }
      }
    },
    "DeleteLocation": {
      "type": "object",
      "properties": {
        "messageID": {
          "type": "integer",
          "format": "int64",
          "example": "1552641913250",
          "description": "The internal record ID for a location. The field is optional."
        },
        "id": {
          "type": "string",
          "example": "extLocationESR1",
          "description": "The unique identifier of the location. The field is mandatory.",
          "minLength": 0,
          "maxLength": 20
        },
        "organization_id": {
          "type": "string",
          "example": "extOrgID466000",
          "description": "The reference identifier for an organization. The field is mandatory.",
          "minLength": 0,
          "maxLength": 20
        },
        "service_id": {
          "type": "string",
          "example": "extServiceID466000",
          "description": "The service identifier for a location. The field is optional.",
          "minLength": 0,
          "maxLength": 20
        }
      }
    },
    "ActionCountResponse": {
      "type": "object",
      "properties": {
        "successCount": {
          "type": "integer",
          "format": "int32",
          "example": "8",
          "description": "The success count."
        },
        "failureCount": {
          "type": "integer",
          "format": "int32",
          "example": "2",
          "description": "The failure count."
        },
        "totalCount": {
          "type": "integer",
          "format": "int32",
          "example": "10",
          "description": "The total number of entries."
        }
      }
    },
    "DefaultErrorModel": {
      "type": "object",
      "properties": {
        "Error": {
          "type": "array",
          "items": {
            "$ref": "#/definitions/Error"
          }
        }
      }
    },
    "Error": {
      "type": "object",
      "properties": {
        "code": {
          "type": "integer",
          "format": "int32",
          "description": "A machine-readable code that identifies the problem. This code does not vary with the Accept-Language setting."
        },
        "message": {
          "type": "string",
          "description": "A human-readable message. This message text is localized based on the Accept-Language setting of the request. The contents of this message text can change over time."
        },
        "level": {
          "type": "string",
          "description": "The level of the error."
        }
      },
      "required": [
        "code",
        "message",
        "level"
      ]
    }
  }
}
