{
  "swagger": "2.0",
  "info": {
    "version": "v1",
    "title": "(Demographics) Address API",
    "description": "By using the protected APIs that follow, you can send address updates for a client from an external system to Merative Integrated Care so that Merative Integrated Care accurately reflects the external system data. The API sends Merative Integrated Care updates for a client's residential, work, or mailing address. The client is identified when Merative Integrated Care receives the Merative Integrated Care client ID or the external ID and type (with or without the client's date of birth). The client's address record is identified  when Merative Integrated Care receives an identifier type and record id for each address type."
  },
  "host": "host",
  "basePath": "/Rest",
  "schemes": [
    "https"
  ],
  "produces": [
    "application/json"
  ],
  "consumes": [
    "application/json"
  ],
  "paths": {
    "/v1/ees/individual_addresses": {
      "post": {
        "tags": [
          "Create an address"
        ],
        "description": "Creates a client address record based on an event in the external system that\n\n initiates a transfer of valid data to Merative Integrated Care.\n\n  Example request\n  \n     cURL\n     \n     curl -X POST \"https://host:port/Rest/v1/ees/individual_addresses\" -H  \"accept: application/json\" -H  \"Referer: curam://foundational.app\" -H  \"Authorization: access_token\" -H  \"X-GRANT-TYPE: client_credentials\"  -H  \"X-WCM-T				ENANT-ID: Tenant ID\" -H  \"X-WCM-TENANT-INSTANCE: Tenant Instance\" -H  \"Content-Type: application/json\" -d \"{  \\\"use\\\": \\\"home\\\",  \\\"state\\\": \\\"NM\\\",  \\\"country\\\": \\\"US\\\",  \\\"resourceType\\\": \\\"Address\\\",  \\\"source\\\": \\\"Dep. of Justice\\\",  \\\"originalSource\\\": \\\"Officer\\\",  \\\"city\\\": \\\"Santa Fe\\\",  \\\"line1\\\": \\\"Apt. 9\\\",  \\\"line2\\\": \\\"Park Avenue\\\",  \\\"line3\\\": \\\"Cherrywood\\\",  \\\"postalCode\\\": \\\"68954632\\\",  \\\"identifier\\\": [    {      \\\"value\\\": \\\"67974\\\",      \\\"type\\\": {        \\\"text\\\": \\\"System 6\\\"      }    }  ],  \\\"period\\\": {    \\\"start\\\": \\\"2018-06-06\\\",    \\\"end\\\": \\\"\\\"  },  \\\"subject\\\": {    \\\"reference\\\": \\\"patient/identifiercode=ext, identifiervalue=12345\\\"  }}\"\n\n     \n     \n     JAVA\n\n     HttpResponse response = Unirest.post(\"https://host:port/Rest/v1/ees/individual_addresses\")\n\n         .header(\"accept\", \"application/json\")\n\n        .header(\"Authorization\", \"access_token\")\n\n        .header(\"X-GRANT-TYPE\", \"client_credentials\")\n\n        .header(\"X-WCM-TENANT-INSTANCE\", \"Tenant Instance\")\n\n        .header(\"X-WCM-TENANT-ID\", \"Tenant ID\")\n\n         .header(\"Referer\", \"curam://foundational.app\")\n\n         .header(\"Content-Type\", \"application/json\")\n\n         .body(\"{  \\\"use\\\": \\\"home\\\",  \\\"state\\\": \\\"NM\\\",  \\\"country\\\": \\\"US\\\",  \\\"resourceType\\\": \\\"Address\\\",  \\\"source\\\": \\\"Dep. of Justice\\\",  \\\"originalSource\\\": \\\"Officer\\\",  \\\"city\\\": \\\"Santa Fe\\\",  \\\"line1\\\": \\\"Apt. 9\\\",  \\\"line2\\\": \\\"Park Avenue\\\",  \\\"line3\\\": \\\"Cherrywood\\\",  \\\"postalCode\\\": \\\"68954632\\\",  \\\"identifier\\\": [    {      \\\"value\\\": \\\"67974\\\",      \\\"type\\\": {        \\\"text\\\": \\\"System 6\\\"      }    }  ],  \\\"period\\\": {    \\\"start\\\": \\\"2018-06-06\\\",    \\\"end\\\": \\\"\\\"  },  \\\"subject\\\": {    \\\"reference\\\": \\\"patient/identifiercode=ext, identifiervalue=12345\\\"  }}\")\n\n         .asString();",
        "summary": "Create an address record for a client who is registered in Merative Integrated Care.",
        "parameters": [
          {
            "in": "header",
            "name": "Referer",
            "type": "string",
            "enum": [
              "curam://foundational.app"
            ],
            "required": true
          },
          {
            "in": "header",
            "name": "X-WCM-TENANT-ID",
            "type": "string",
            "enum": [
              "The tenant ID."
            ],
            "required": true
          },
          {
            "in": "header",
            "name": "X-WCM-TENANT-INSTANCE",
            "type": "string",
            "enum": [
              "The tenant instance."
            ],
            "required": true
          },
          {
            "in": "header",
            "name": "Authorization",
            "type": "string",
            "enum": [
              "The Access Token."
            ],
            "required": true
          },
          {
            "in": "header",
            "name": "X-GRANT-TYPE",
            "type": "string",
            "enum": [
              "client_credentials"
            ],
            "required": true
          },
          {
            "name": "body",
            "in": "body",
            "description": "The inbound message that contains the information required to create a client address record.",
            "required": true,
            "schema": {
              "$ref": "#/definitions/NewAddressCr"
            }
          }
        ],
        "responses": {
          "201": {
            "description": "The post request was successful.",
            "headers": {
              "Location": {
                "type": "string",
                "description": "The location of the new resource."
              }
            }
          },
          "400": {
            "description": "The data request is invalid. Check the error message for more information and resend the request with the corrected data.\n\nPossible errors message:\n\nEESERR161 - There are no matching individuals based on the ID entered.\n\nEESERR165 - The individual ID value provided, ..., is invalid and not in the correct format.\n\nEESERR180 - The identification details provided match multiple clients.\n\nEESERR182 - The date value provided, ..., is invalid and not in the correct format.\n\nEESERR183 - The date value provided, ..., is invalid.\n\nEESERR193 - A valid reference number or 'identifier' and 'identifierValue' or or 'identifiercode' and 'identifierValue' must be provided.\n\nEESERR641 - Failed to map values provided to Merative Integrated Care address type.\n\nEESERR611 - Expected resourceType is Address.\n\nEESERR518 - Only US addresses are supported.\n\nEESERR519 - Address details must be provided if an address is provided.\n\nEESERR600 - Invalid 'use' provided for address.\n\nEESERR601 - Invalid 'state' provided for address.\n\nEESERR504 - A subject reference must be provided.\n\nEESERR635 - Failed to create a record.\n\nEESERR651 - Failed to create a record: ...\n\nEESERR357 - Values for identifier text and identifier value must be provided if identifier is provided.\n\nEESERR358 - Max number of identifiers to be provided per record is 3.\n\nEESERR350 - Identifiers for a client's record of the same type must be unique.\n\nEESERR353 - Identifier ... - ... matches multiple Address records for this person.\n\nEESERR354 - Resource id and identifier(s) match different Address records for this person.\n\nEESERR352 - Address record with identifier ... - ... already exists for this person.\n\nEESERR359 - Resource ... is locked by another process.\n\nEESERR355 - Concurrent processing, please retry.\n\nEESERR636 - Failed to retrieve case ID for the patient.\n\nEESERR649 - Error:  ... .\n\nEESERR650 - Error:  ... .\n\nEESERR481 - Period start date must be before today's date.\n\nEESERR482 - Period end date must be after start date.\n\nEESERR483 - Period start date must be provide if end is provided.\n\nEESERR484 - Period start date must be after patient's birth date.",
            "schema": {
              "$ref": "#/definitions/DefaultErrorModel"
            }
          },
          "401": {
            "description": "Invalid authentication credentials for the target resource entered.",
            "schema": {
              "$ref": "#/definitions/DefaultErrorModel"
            }
          },
          "500": {
            "description": "An internal server error occurred. Contact your administrator for more information.",
            "schema": {
              "$ref": "#/definitions/DefaultErrorModel"
            }
          },
          "default": {
            "description": "An unexpected error occurred. Check the error message for more information.",
            "schema": {
              "$ref": "#/definitions/DefaultErrorModel"
            }
          }
        }
      },
      "put": {
        "description": "Updates a client's address assuming that a matching record is found when the external system initiates a transfer of valid data to Merative Integrated Care.\n\nMerative Integrated Care identifies the record to be updated based on the external identifiers that the external system provides in the body. If no matching address record is found, Merative Integrated Care creates a new address record for the individual.\n\n  \n Example request\n \n \n    cURL\n    \n    curl -X PUT \"https://host:port/Rest/v1/ees/individual_addresses\" -H  \"accept: application/json\" -H  \"Referer: curam://foundational.app\" -H  \"Authorization: access_token\" -H  \"X-GRANT-TYPE: client_credentials\" -H  \"X-WCM-TENANT-ID: Tenant ID\" -H  \"X-WCM-TENANT-INSTANCE: Tenant Instance\" -H  \"Content-Type: application/json\" -d \"{  \\\"use\\\": \\\"home\\\",  \\\"state\\\": \\\"NM\\\",  \\\"country\\\": \\\"US\\\",  \\\"resourceType\\\": \\\"Address\\\",  \\\"source\\\": \\\"Dep. of Justice\\\",  \\\"originalSource\\\": \\\"Officer\\\",  \\\"city\\\": \\\"Santa Fe\\\",  \\\"line1\\\": \\\"Apt. 9\\\",  \\\"line2\\\": \\\"Park Avenue\\\",  \\\"line3\\\": \\\"Cherrywood\\\",  \\\"postalCode\\\": \\\"68954632\\\",  \\\"identifier\\\": [    {      \\\"value\\\": \\\"67974\\\",      \\\"type\\\": {        \\\"text\\\": \\\"System 6\\\"      }    }  ],  \\\"period\\\": {    \\\"start\\\": \\\"2018-06-06\\\",    \\\"end\\\": \\\"\\\"  },  \\\"subject\\\": {    \\\"reference\\\": \\\"patient/identifiercode=ext, identifiervalue=12345\\\"  }}\"\n    \n    \n    JAVA\n\n    HttpResponse response = Unirest.put(\"https://host:port/Rest/v1/ees/individual_addresses\")\n\n        .header(\"accept\", \"application/json\")\n\n        .header(\"Authorization\", \"access_token\")\n\n        .header(\"X-GRANT-TYPE\", \"client_credentials\")\n\n        .header(\"Referer\", \"curam://foundational.app\")\n\n     .header(\"X-WCM-TENANT-INSTANCE\", \"Tenant Instance\")\n\n    .header(\"X-WCM-TENANT-ID\", \"Tenant ID\")\n\n    .header(\"Content-Type\", \"application/json\")\n\n        .body(\"{ \\\"use\\\": \\\"home\\\",  \\\"state\\\": \\\"NM\\\",  \\\"country\\\": \\\"US\\\",  \\\"resourceType\\\": \\\"Address\\\",  \\\"source\\\": \\\"Dep. of Justice\\\",  \\\"originalSource\\\": \\\"Officer\\\",  \\\"city\\\": \\\"Santa Fe\\\",  \\\"line1\\\": \\\"Apt. 9\\\",  \\\"line2\\\": \\\"Park Avenue\\\",  \\\"line3\\\": \\\"Cherrywood\\\",  \\\"postalCode\\\": \\\"68954632\\\",  \\\"identifier\\\": [    {      \\\"value\\\": \\\"67974\\\",      \\\"type\\\": {        \\\"text\\\": \\\"System 6\\\"      }    }  ],  \\\"period\\\": {    \\\"start\\\": \\\"2018-06-06\\\",    \\\"end\\\": \\\"\\\"  },  \\\"subject\\\": {    \\\"reference\\\": \\\"patient/identifiercode=ext, identifiervalue=12345\\\"  }}\")\n\n        .asString();",
        "tags": [
          "Update an address"
        ],
        "summary": "Update an address record for a client who is registered in Merative Integrated Care.",
        "parameters": [
          {
            "in": "header",
            "name": "Referer",
            "type": "string",
            "enum": [
              "curam://foundational.app"
            ],
            "required": true
          },
          {
            "in": "header",
            "name": "X-WCM-TENANT-ID",
            "type": "string",
            "enum": [
              "The tenant ID."
            ],
            "required": true
          },
          {
            "in": "header",
            "name": "X-WCM-TENANT-INSTANCE",
            "type": "string",
            "enum": [
              "The tenant instance."
            ],
            "required": true
          },
          {
            "in": "header",
            "name": "Authorization",
            "type": "string",
            "enum": [
              "The Access Token."
            ],
            "required": true
          },
          {
            "in": "header",
            "name": "X-GRANT-TYPE",
            "type": "string",
            "enum": [
              "client_credentials"
            ],
            "required": true
          },
          {
            "name": "body",
            "in": "body",
            "description": "The inbound message that contains the information required to update a client address record.",
            "required": true,
            "schema": {
              "$ref": "#/definitions/ModifiedAddressCr"
            }
          }
        ],
        "responses": {
          "200": {
            "description": "The put request was successful.",
            "schema": {
              "$ref": "#/definitions/ModifiedAddressExt"
            }
          },
          "400": {
            "description": "The data request is invalid. Check the error message for more information and resend the request with the corrected data.\n\nPossible error messages:\n\nEESERR161 - There are no matching individuals based on the ID entered.\n\nEESERR165 - The individual ID value provided, ..., is invalid and not in the correct format.\n\nEESERR180 - The identification details provided match multiple clients.\n\nEESERR182 - The date value provided, ..., is invalid and not in the correct format.\n\nEESERR183 - The date value provided, ..., is invalid.\n\nEESERR193 - A valid reference number or 'identifier' and 'identifierValue' or or 'identifiercode' and 'identifierValue' must be provided.\n\nEESERR631 - Address 'use' can't be updated with a value different from the existing one.\n\nEESERR641 - Failed to map values provided to Merative Integrated Care address type.\n\nEESERR611 - Expected resourceType is Address.\n\nEESERR518 - Only US addresses are supported.\n\nEESERR519 - Address details must be provided if an address is provided.\n\nEESERR600 - Invalid 'use' provided for address.\n\nEESERR601 - Invalid 'state' provided for address.\n\nEESERR504 - A subject reference must be provided.\n\nEESERR357 - Values for identifier text and identifier value must be provided if identifier is provided.\n\nEESERR358 - Max number of identifiers to be provided per record is 3.\n\nEESERR350 - Identifiers for a client's record of the same type must be unique.\n\nEESERR353 - Identifier ... - ... matches multiple Address records for this person.\n\nEESERR354 - Resource id and identifier(s) match different Address records for this person.\n\nEESERR623 - The record was updated by a Care Manager, so it can't be udpated by an external system.\n\nEESERR637 - Failed to update a record.\n\nEESERR652 - Failed to update a record:  ...\n\nEESERR351 - The resource id provided doesn't exist for a Address record for this person.\n\nEESERR625 - The record was deleted by a Care Manager, so it can't be reactivated by an external system.\n\nEESERR648 - Error reading the existing record .\n\nEESERR359 - Resource ... is locked by another process.\n\nEESERR355 - Concurrent processing, please retry.\n\nEESERR636 - Failed to retrieve case ID for the patient.\n\nEESERR647 - Error reading the existing record .\n\nEESERR649 - Error:  ... .\n\nEESERR650 - Error:  ... .\n\nEESERR626 - The record doesn't exist.\n\nEESERR356 - Resource ... doesn't exist.\n\nEESERR481 - Period start date must be before today's date.\n\nEESERR482 - Period end date must be after start date.\n\nEESERR483 - Period start date must be provide if end is provided.\n\nEESERR484 - Period start date must be after patient's birth date.",
            "schema": {
              "$ref": "#/definitions/DefaultErrorModel"
            }
          },
          "401": {
            "description": "Invalid authentication credentials for the target resource entered.",
            "schema": {
              "$ref": "#/definitions/DefaultErrorModel"
            }
          },
          "500": {
            "description": "An internal server error occurred. Contact your administrator for more information.",
            "schema": {
              "$ref": "#/definitions/DefaultErrorModel"
            }
          },
          "default": {
            "description": "An unexpected error occurred. Check the error message for more information.",
            "schema": {
              "$ref": "#/definitions/DefaultErrorModel"
            }
          }
        }
      }
    },
    "/v1/ees/individual_addresses/{id}": {
      "put": {
        "description": "Updates a client's address assuming that a matching record is found when the external system initiates a transfer of valid data to Merative Integrated Care.\n\nMerative Integrated Care identifies the record to be updated based on the resource ID that the external system provides in the path and body. \n\n Example request\n \n    cURL\n    \n    curl -X PUT \"https://host:port/Rest/v1/ees/individual_addresses/912\" -H  \"accept: application/json\" -H  \"X-WCM-TENANT-ID: Tenant ID\" -H  \"X-WCM-TENANT-INSTANCE: Tenant Instance\" -H  \"Referer: curam://foundational.app\" -H  \"Authorization: access_token\" -H  \"X-GRANT-TYPE: client_credentials\" -H  \"Content-Type: application/json\" -d \"{  \\\"id\\\": \\\"912\\\", \\\"use\\\": \\\"home\\\",  \\\"state\\\": \\\"NM\\\",  \\\"country\\\": \\\"US\\\",  \\\"resourceType\\\": \\\"Address\\\",  \\\"source\\\": \\\"Dep. of Justice\\\",  \\\"originalSource\\\": \\\"Officer\\\",  \\\"city\\\": \\\"Santa Fe\\\",  \\\"line1\\\": \\\"Apt. 9\\\",  \\\"line2\\\": \\\"Park Avenue\\\",  \\\"line3\\\": \\\"Cherrywood\\\",  \\\"postalCode\\\": \\\"68954632\\\",  \\\"identifier\\\": [    {      \\\"value\\\": \\\"67974\\\",      \\\"type\\\": {        \\\"text\\\": \\\"System 6\\\"      }    }  ],  \\\"period\\\": {    \\\"start\\\": \\\"2018-06-06\\\",    \\\"end\\\": \\\"\\\"  },  \\\"subject\\\": {    \\\"reference\\\": \\\"patient/identifiercode=ext, identifiervalue=12345\\\"  }}\"\n\n    \n    \n    JAVA\n\n    HttpResponse response = Unirest.put(\"https://host/Rest/v1/ees/individual_addresses/912\")\n\n        .header(\"accept\", \"application/json\")\n\n        .header(\"Authorization\", \"access_token\")\n\n        .header(\"X-GRANT-TYPE\", \"client_credentials\")\n\n        .header(\"X-WCM-TENANT-INSTANCE\", \"Tenant Instance\")\n\n        .header(\"X-WCM-TENANT-ID\", \"Tenant ID\")\n\n        .header(\"Referer\", \"curam://foundational.app\")\n\n        .header(\"Content-Type\", \"application/json\")\n\n        .body(\"{  \\\"id\\\": \\\"912\\\", \\\"use\\\": \\\"home\\\",  \\\"state\\\": \\\"NM\\\",  \\\"country\\\": \\\"US\\\",  \\\"resourceType\\\": \\\"Address\\\",  \\\"source\\\": \\\"Dep. of Justice\\\",  \\\"originalSource\\\": \\\"Officer\\\",  \\\"city\\\": \\\"Santa Fe\\\",  \\\"line1\\\": \\\"Apt. 9\\\",  \\\"line2\\\": \\\"Park Avenue\\\",  \\\"line3\\\": \\\"Cherrywood\\\",  \\\"postalCode\\\": \\\"68954632\\\",  \\\"identifier\\\": [    {      \\\"value\\\": \\\"67974\\\",      \\\"type\\\": {        \\\"text\\\": \\\"System 6\\\"      }    }  ],  \\\"period\\\": {    \\\"start\\\": \\\"2018-06-06\\\",    \\\"end\\\": \\\"\\\"  },  \\\"subject\\\": {    \\\"reference\\\": \\\"patient/identifiercode=ext, identifiervalue=12345\\\"  }}\")\n\n        .asString();",
        "tags": [
          "Update an address (by ID)"
        ],
        "summary": "Update an address record for a client who is registered in Merative Integrated Care.",
        "parameters": [
          {
            "in": "header",
            "name": "Referer",
            "type": "string",
            "enum": [
              "curam://foundational.app"
            ],
            "required": true
          },
          {
            "in": "header",
            "name": "X-WCM-TENANT-ID",
            "type": "string",
            "enum": [
              "The tenant ID."
            ],
            "required": true
          },
          {
            "in": "header",
            "name": "X-WCM-TENANT-INSTANCE",
            "type": "string",
            "enum": [
              "The tenant instance."
            ],
            "required": true
          },
          {
            "in": "header",
            "name": "Authorization",
            "type": "string",
            "enum": [
              "The Access Token."
            ],
            "required": true
          },
          {
            "in": "header",
            "name": "X-GRANT-TYPE",
            "type": "string",
            "enum": [
              "client_credentials"
            ],
            "required": true
          },
          {
            "name": "body",
            "in": "body",
            "description": "The inbound message that contains the information required to update a client address record.",
            "required": true,
            "schema": {
              "$ref": "#/definitions/ModifiedAddressExt"
            }
          },
          {
            "name": "id",
            "in": "path",
            "required": true,
            "description": "Mandatory. The \"id\" attribute stores the resource ID of the Address resource ID to be updated.",
            "type": "string",
            "maxLength": 900
          }
        ],
        "responses": {
          "200": {
            "description": "The put request was successful.",
            "schema": {
              "$ref": "#/definitions/ModifiedAddressExt"
            }
          },
          "400": {
            "description": "The data request is invalid. Check the error message for more information and resend the request with the corrected data.\n\n            \nPossible error messages:\n\nEESERR161 - There are no matching individuals based on the ID entered.\n\nEESERR165 - The individual ID value provided, ..., is invalid and not in the correct format.\n\nEESERR180 - The identification details provided match multiple clients.\n\nEESERR182 - The date value provided, ..., is invalid and not in the correct format.\n\nEESERR183 - The date value provided, ..., is invalid.\n\nEESERR193 - A valid reference number or 'identifier' and 'identifierValue' or or 'identifiercode' and 'identifierValue' must be provided.\n\nEESERR631 - Address 'use' can't be updated with a value different from the existing one.\n\nEESERR641 - Failed to map values provided to Merative Integrated Care address type.\n\nEESERR611 - Expected resourceType is Address.\n\nEESERR518 - Only US addresses are supported.\n\nEESERR519 - Address details must be provided if an address is provided.\n\nEESERR600 - Invalid 'use' provided for address.\n\nEESERR601 - Invalid 'state' provided for address.\n\nEESERR504 - A subject reference must be provided.\n\nEESERR357 - Values for identifier text and identifier value must be provided if identifier is provided.\n\nEESERR358 - Max number of identifiers to be provided per record is 3.\n\nEESERR350 - Identifiers for a client's record of the same type must be unique.\n\nEESERR353 - Identifier ... - ... matches multiple Address records for this person.\n\nEESERR354 - Resource id and identifier(s) match different Address records for this person.\n\nEESERR623 - The record was updated by a Care Manager, so it can't be udpated by an external system.\n\nEESERR637 - Failed to update a record.\n\nEESERR652 - Failed to update a record:  ...\n\nEESERR351 - The resource id provided doesn't exist for a Address record for this person.\n\nEESERR625 - The record was deleted by a Care Manager, so it can't be reactivated by an external system.\n\nEESERR648 - Error reading the existing record .\n\nEESERR359 - Resource ... is locked by another process.\n\nEESERR355 - Concurrent processing, please retry.\n\nEESERR636 - Failed to retrieve case ID for the patient.\n\nEESERR647 - Error reading the existing record .\n\nEESERR649 - Error:  ... .\n\nEESERR650 - Error:  ... .\n\nEESERR626 - The record doesn't exist.\n\nEESERR356 - Resource ... doesn't exist.\n\nEESERR481 - Period start date must be before today's date.\n\nEESERR482 - Period end date must be after start date.\n\nEESERR483 - Period start date must be provide if end is provided.\n\nEESERR484 - Period start date must be after patient's birth date.            ",
            "schema": {
              "$ref": "#/definitions/DefaultErrorModel"
            }
          },
          "401": {
            "description": "Invalid authentication credentials for the target resource entered.",
            "schema": {
              "$ref": "#/definitions/DefaultErrorModel"
            }
          },
          "500": {
            "description": "An internal server error occurred. Contact your administrator for more information.",
            "schema": {
              "$ref": "#/definitions/DefaultErrorModel"
            }
          },
          "default": {
            "description": "An unexpected error occurred. Check the error message for more information.",
            "schema": {
              "$ref": "#/definitions/DefaultErrorModel"
            }
          }
        }
      },
      "delete": {
        "tags": [
          "Delete an address"
        ],
        "description": "Deletes a client's address based on a delete event in the external system that\n\n initiates a transfer of information to Merative Integrated Care. Merative Integrated Care identifies the record to be deleted based on the resource ID that the external system provides.\n\n  Example request\n  \n     cURL\n     \n     curl -X DELETE \"https://host:port/Rest/v1/ees/individual_addresses/123\" -H \"accept: application/json\"  -H  \"X-WCM-TENANT-ID: Tenant ID\" -H  \"X-WCM-TENANT-INSTANCE: Tenant Instance\" -H \"Referer: curam://foundational.app\"  \n     \n     \n     JAVA\n\n     HttpResponse response = Unirest.delete(\"https://host:port/Rest/v1/ees/individual_addresses/123\")\n\n         .header(\"accept\", \"application/json\")\n\n        .header(\"Authorization\", \"access_token\")\n\n        .header(\"X-GRANT-TYPE\", \"client_credentials\")\n\n        .header(\"X-WCM-TENANT-INSTANCE\", \"Tenant Instance\")\n\n     .header(\"X-WCM-TENANT-ID\", \"Tenant ID\")\n\n         .header(\"Referer\", \"curam://foundational.app\")\n\n        .asString();",
        "summary": "Delete an address record for a client who is registered in Merative Integrated Care.",
        "parameters": [
          {
            "in": "header",
            "name": "Referer",
            "type": "string",
            "enum": [
              "curam://foundational.app"
            ],
            "required": true
          },
          {
            "in": "header",
            "name": "X-WCM-TENANT-ID",
            "type": "string",
            "enum": [
              "The tenant ID."
            ],
            "required": true
          },
          {
            "in": "header",
            "name": "X-WCM-TENANT-INSTANCE",
            "type": "string",
            "enum": [
              "The tenant instance."
            ],
            "required": true
          },
          {
            "in": "header",
            "name": "Authorization",
            "type": "string",
            "enum": [
              "The Access Token."
            ],
            "required": true
          },
          {
            "in": "header",
            "name": "X-GRANT-TYPE",
            "type": "string",
            "enum": [
              "client_credentials"
            ],
            "required": true
          },
          {
            "name": "id",
            "in": "path",
            "required": true,
            "description": "Mandatory. The \"id\" attribute stores the resource ID of the ContactPoint record to be deleted.",
            "type": "string",
            "maxLength": 64
          }
        ],
        "responses": {
          "204": {
            "description": "The delete request was successful."
          },
          "400": {
            "description": "The data request is invalid. Check the error message for more information and resend the request with the corrected data.\n\nPossible error messages returned:\n\nEESERR627 - The address record can't be deleted if only 1 exists.\n\nEESERR624 - The record was updated by a Care Manager, so it can't be deleted by an external system.\n\nEESERR638 - Failed to delete a record.\n\nEESERR653 - Failed to delete a record:  ... .\n\nEESERR359 - Resource ... is locked by another process.\n\nEESERR355 - Concurrent processing, please retry.\n\nEESERR636 - Failed to retrieve case ID for the patient.\n\nEESERR647 - Error reading the existing record .\n\nEESERR649 - Error:  ... .\n\nEESERR650 - Error:  ... .\n\nEESERR626 - The record doesn't exist.\n\nEESERR356 - Resource ... doesn't exist.",
            "schema": {
              "$ref": "#/definitions/DefaultErrorModel"
            }
          },
          "401": {
            "description": "Invalid authentication credentials for the target resource entered.",
            "schema": {
              "$ref": "#/definitions/DefaultErrorModel"
            }
          },
          "500": {
            "description": "An internal server error occurred. Contact your administrator for more information.",
            "schema": {
              "$ref": "#/definitions/DefaultErrorModel"
            }
          },
          "default": {
            "description": "An unexpected error occurred. Check the error message for more information.",
            "schema": {
              "$ref": "#/definitions/DefaultErrorModel"
            }
          }
        }
      }
    }
  },
  "definitions": {
    "NewPeriod": {
      "type": "object",
      "properties": {
        "start": {
          "description": "Optional. \n\nThe start date of the record. The expected format is yyyy-MM-dd.",
          "type": "string",
          "format": "date"
        },
        "end": {
          "description": "Optional. \n\nThe end date of the record.  If provided, also the Start date must be provided.  The expected format is yyyy-MM-dd.",
          "type": "string",
          "format": "date"
        }
      }
    },
    "ModifiedPeriod": {
      "type": "object",
      "properties": {
        "start": {
          "description": "Optional. \n\nThe start date of the record. The expected format is yyyy-MM-dd.",
          "type": "string",
          "format": "date"
        },
        "end": {
          "description": "Optional. \n\nThe end date of the record.  If provided, also the Start date must be provided.  The expected format is yyyy-MM-dd.",
          "type": "string",
          "format": "date"
        }
      }
    },
    "NewIdentifier": {
      "type": "object",
      "properties": {
        "value": {
          "description": "Optional.\n\nThis attribute stores the external identifier value.If provided, a type.text value must be provided.",
          "type": "string",
          "maxLength": 100
        },
        "type": {
          "$ref": "#/definitions/NewCodeableConcept"
        }
      }
    },
    "NewCodeableConcept": {
      "type": "object",
      "properties": {
        "text": {
          "description": "Optional. \n\n\nThis attribute stores the value for the identifier type. \n\nIt must be provided if an identifier value is provided.",
          "type": "string",
          "maxLength": 100
        }
      }
    },
    "CodeableConceptSource": {
      "type": "object",
      "properties": {
        "text": {
          "description": "Optional\n\nTextual description of codeable concept.",
          "type": "string"
        },
        "coding": {
          "type": "array",
          "maxItems": 1,
          "items": {
            "$ref": "#/definitions/CodingSource"
          }
        }
      }
    },
    "CodingSource": {
      "type": "object",
      "properties": {
        "system": {
          "description": "Required. \n\n\"http://wcm/source\" for source.",
          "type": "string",
          "enum": [
            "http://wcm/source"
          ]
        },
        "code": {
          "description": "Required. \n\nThe \"code\" value describes the source system.\n\nThe value provided maps to Merative Integrated Care Source System",
          "type": "string",
          "maxLength": 20
        }
      },
      "required": [
        "code"
      ]
    },
    "CodeableConceptOriginalSource": {
      "type": "object",
      "properties": {
        "text": {
          "description": "Optional\n\nTextual description of codeable concept.",
          "type": "string"
        },
        "coding": {
          "type": "array",
          "maxItems": 1,
          "items": {
            "$ref": "#/definitions/CodingOriginalSource"
          }
        }
      }
    },
    "CodingOriginalSource": {
      "type": "object",
      "properties": {
        "system": {
          "description": "Required. \n\n\"http://wcm/originalsource\" for orginal source.",
          "type": "string",
          "enum": [
            "http://wcm/originalsource"
          ]
        },
        "code": {
          "description": "Required. \n\nThe \"code\" value describes the original source system.\n\nThe value provided maps to Merative Integrated Care Original Source System",
          "type": "string",
          "maxLength": 20
        }
      },
      "required": [
        "code"
      ]
    },
    "ModifiedSubject": {
      "type": "object",
      "properties": {
        "reference": {
          "description": "The Subject object is used to identify an individual in  Merative Integrated Care.\n\nThe \"reference\" String is expected to contain identifier  details that will be used to match an individual in Merative Integrated Care.\n\nThe string is parsed to extract query parameters and   associated values. It can contain a combination of\n\n(1) Merative Integrated Care Patient ID (i.e. Merative Integrated Care Reference Number),\n\n(2) Merative Integrated Care Identification External System Reference and Identification number,\n\n(3) Merative Integrated Care Identification Type and Identification number,\n\n(4) Merative Integrated Care Identification External System Reference and Identification number and birthDate, \n\n(5) Merative Integrated Care Identification Type and Identification number and birthDate.\n\n\nFor example:\n\n(1) Merative Integrated Care Patient ID\n\n    \"subject\":{\n\n        \"reference\" : \"patient/123    \" }   \n\n\n\n(2) Merative Integrated Care Identification External System Reference and Identification number\n\n    \"subject\":{\n\n         \"reference\" : \"patient/identifiercode=xwz, identifiervalue=239\"}  \n\n\n (3) Merative Integrated Care Identification External System Reference and Identification number,\n\n    \"subject\":{\n\n         \"reference\" : \"patient/identifier=Passport, identifiervalue=239\" } \n\n\n(4) Merative Integrated Care Identification External System Reference and Identification number and birthDate,\n\n      \"subject\":{\n\n         \"reference\" : \"patient/identifiercode=xwz, identifiervalue=239, birthDate=19380821\" }    \n\n\n(5) Merative Integrated Care Identification Type and Identification number and birthDate,\n\n       \"subject\":{\n\n         \"reference\" : \"patient/identifiercode=Passport, identifiervalue=239, birthDate=19380821\"  }   ",
          "type": "string",
          "maxLength": 150
        }
      },
      "required": [
        "reference"
      ]
    },
    "NewSubject": {
      "type": "object",
      "properties": {
        "reference": {
          "description": "The Subject object is used to identify an individual in  Merative Integrated Care.\n\nThe \"reference\" String is expected to contain identifier  details that will be used to match an individual in Merative Integrated Care.\n\n The string is parsed to extract query parameters and \n\n associated values. It can contain a combination of\n\n(1) Merative Integrated Care Patient ID (i.e. Merative Integrated Care Reference Number),\n\n(2) Merative Integrated Care Identification External System Reference and Identification number,\n\n(3) Merative Integrated Care Identification Type and Identification number,\n\n(4) Merative Integrated Care Identification External System Reference and Identification number and birthDate, \n\n(5) Merative Integrated Care Identification Type and Identification number and birthDate.\n\n\nFor example:\n\n(1) Merative Integrated Care Patient ID\n\n    \"subject\":{\n\n        \"reference\" : \"patient/123    \" }   \n\n\n\n(2) Merative Integrated Care Identification External System Reference and Identification number\n\n    \"subject\":{\n\n         \"reference\" : \"patient/identifiercode=xwz, identifiervalue=239\"}  \n\n\n (3) Merative Integrated Care Identification External System Reference and Identification number,\n\n    \"subject\":{\n\n         \"reference\" : \"patient/identifier=Passport, identifiervalue=239\" } \n\n\n(4) Merative Integrated Care Identification External System Reference and Identification number and birthDate,\n\n      \"subject\":{\n\n         \"reference\" : \"patient/identifiercode=xwz, identifiervalue=239, birthDate=19380821\" }    \n\n\n(5) Merative Integrated Care Identification Type and Identification number and birthDate,\n\n       \"subject\":{\n\n         \"reference\" : \"patient/identifiercode=Passport, identifiervalue=239, birthDate=19380821\"  }   ",
          "type": "string",
          "maxLength": 150
        }
      },
      "required": [
        "reference"
      ]
    },
    "ModifiedIdentifier": {
      "type": "object",
      "properties": {
        "value": {
          "description": "Optional.\n\n\nThis attribute stores the external identifier value. \n\nIf provided, a type.text value must be provided.",
          "type": "string",
          "maxLength": 100
        },
        "type": {
          "type": "object",
          "description": "Optional. \n\nThis object stores the value for the Identifier type.",
          "$ref": "#/definitions/ModifiedCodeableConcept"
        }
      }
    },
    "ModifiedCodeableConcept": {
      "type": "object",
      "properties": {
        "text": {
          "description": "Optional. \n  \n  \nThis attribute stores the value for the Identification type. \n\nIt must be provided if an identifier value is provided.",
          "type": "string",
          "maxLength": 100
        }
      }
    },
    "ModifiedAddressCr": {
      "type": "object",
      "properties": {
        "resourceType": {
          "description": "Mandatory. \n\n\nFor Addresses APIs, the expected resource type is \"Address\".",
          "type": "string",
          "enum": [
            "Address"
          ]
        },
        "use": {
          "description": "Optional. \n\nThe \"use\" value describes the purpose of the address record.\n\nThe values provided map to Merative Integrated Care Address Type attribute, as follows:\n\n\"home\" > Residential\n\n\"work\" >  Work\n\n\"temp\" > Temporary\n\n\"old\" > Old\n\n\"mailing\" > Mailing\n\n\"other\" > Other\n\nIf no value is provided for 'use' in the PUT request, the 'use' value of the  existing record will be applied.\n\nIn Merative Integrated Care, the Address Type value can't be updated. If in the PUT request  a 'use' value provided different from the one of the existing record is provided, the update request will be rejected.",
          "type": "string",
          "enum": [
            "home",
            "work",
            "temp",
            "old",
            "mailing",
            "other"
          ]
        },
        "state": {
          "description": "Optional. \n\nThis attribute stores the value for the US State. If provided, it must match one of the values of the enumeration.",
          "type": "string",
          "enum": [
            "AL",
            "AK",
            "AZ",
            "AR",
            "CA",
            "CO",
            "CT",
            "DE",
            "DC",
            "FL",
            "GA",
            "HI",
            "ID",
            "IL",
            "IN",
            "IA",
            "KS",
            "KY",
            "LA",
            "ME",
            "MD",
            "MA",
            "MI",
            "MN",
            "MS",
            "MO",
            "MT",
            "NE",
            "NV",
            "NH",
            "NJ",
            "NM",
            "NY",
            "NC",
            "ND",
            "OH",
            "OK",
            "OR",
            "PA",
            "PR",
            "RI",
            "SC",
            "SD",
            "TN",
            "TX",
            "UT",
            "VT",
            "VA",
            "WA",
            "WV",
            "WI",
            "WY"
          ]
        },
        "country": {
          "description": "Optional. \n\n\nThis attribute stores the value for country.\n\nIf provided, it must be valid for the USA.",
          "type": "string",
          "enum": [
            "US"
          ]
        },
        "source": {
          "$ref": "#/definitions/CodeableConceptSource"
        },
        "originalSource": {
          "$ref": "#/definitions/CodeableConceptOriginalSource"
        },
        "city": {
          "description": "Optional. \n\nThis attribute stores the value for city. It is displayed in Merative Integrated Care with the same name.",
          "type": "string",
          "maxLength": 100
        },
        "line1": {
          "description": "Optional. \n\nThis attribute stores the value for the first out of the 3 lines provided for address details.",
          "type": "string",
          "maxLength": 100
        },
        "line2": {
          "description": "Optional. \n\nThis attribute stores the value for the second line of 3 lines provided for address details.",
          "type": "string",
          "maxLength": 100
        },
        "line3": {
          "description": "Optional. \n\nThis attribute stores the value for the third line of 3 lines provided for address details.",
          "type": "string",
          "maxLength": 100
        },
        "postalCode": {
          "description": "Optional. \n  \n  \nThis attribute stores the value for the postal code.",
          "type": "string",
          "maxLength": 100
        },
        "identifier": {
          "type": "array",
          "maxItems": 3,
          "description": "Optional.\n\nThe Identifier list of objects stores values of external identifiers for the enclosing record.\n\nIdentifier objects can be used to create and update records.\n\nAn external system can create record identifiers when creating or updating a record. An external system can provide up to 3 identifiers for a record, for each REST call.\n\nAn individual's record can be identified using external identifiers.\n\nWhen invoking this PUT API, if identifiers provided match an address record for this individual, the record is updated. If no address record is matched, a new address record is created. \n\nFor Example:\n\nAn Address record that was created providing this identifier:\n\nidentifier.type.text = \"ExtSys1\"\n\nidentifier.value = \"698368\"\n\ncan then be updated invoking this API and providig the same identifier. ",
          "items": {
            "$ref": "#/definitions/ModifiedIdentifier"
          }
        },
        "period": {
          "type": "object",
          "description": "Optional. A Period object stores the start and the end date of the enclosing record.",
          "$ref": "#/definitions/ModifiedPeriod"
        },
        "subject": {
          "type": "object",
          "description": "A Subject object stores the reference to the Patient the record belongs to.",
          "$ref": "#/definitions/ModifiedSubject"
        }
      },
      "required": [
        "resourceType",
        "subject"
      ]
    },
    "NewAddressCr": {
      "type": "object",
      "properties": {
        "resourceType": {
          "description": "Mandatory. \n\nFor Addresses APIs, the expected resource type is \"Address\".",
          "type": "string",
          "enum": [
            "Address"
          ]
        },
        "use": {
          "description": "Optional. \n\nThe \"use\" value describes the purpose of the address record.\n\nThe values provided map to Merative Integrated Care Address Type attribute, as follows:\n\"home\" > Residential\n\"work\" >  Work\n\"temp\" > Temporary\n\"old\" > Old\n\"mailing\" > Mailing\n\"other\" > Other\n\nIf no value is provided, the Merative Integrated Care default value of Residential is applied.",
          "type": "string",
          "enum": [
            "home",
            "work",
            "temp",
            "old",
            "mailing",
            "other"
          ]
        },
        "state": {
          "description": "Optional. \n\nThis attribute stores the value for the US State. If provided, it must match one of the values of the enumeration.",
          "type": "string",
          "enum": [
            "AL",
            "AK",
            "AZ",
            "AR",
            "CA",
            "CO",
            "CT",
            "DE",
            "DC",
            "FL",
            "GA",
            "HI",
            "ID",
            "IL",
            "IN",
            "IA",
            "KS",
            "KY",
            "LA",
            "ME",
            "MD",
            "MA",
            "MI",
            "MN",
            "MS",
            "MO",
            "MT",
            "NE",
            "NV",
            "NH",
            "NJ",
            "NM",
            "NY",
            "NC",
            "ND",
            "OH",
            "OK",
            "OR",
            "PA",
            "PR",
            "RI",
            "SC",
            "SD",
            "TN",
            "TX",
            "UT",
            "VT",
            "VA",
            "WA",
            "WV",
            "WI",
            "WY"
          ]
        },
        "country": {
          "description": "Optional. \n\n\nThis attribute stores the value for country.\n\nIf provided, it must be US.",
          "type": "string",
          "enum": [
            "US"
          ]
        },
        "source": {
          "$ref": "#/definitions/CodeableConceptSource"
        },
        "originalSource": {
          "$ref": "#/definitions/CodeableConceptOriginalSource"
        },
        "city": {
          "description": "Optional. \n\nThis attribute stores the value for city. It gets displayed in Merative Integrated Care with the same name.",
          "type": "string",
          "maxLength": 100
        },
        "line1": {
          "description": "Optional. \n\nThis attribute stores the value for the first of 3 lines provided for address details.",
          "type": "string",
          "maxLength": 100
        },
        "line2": {
          "description": "Optional. \n\nThis attribute stores the value for the second of 3 lines provided for address details.",
          "type": "string",
          "maxLength": 100
        },
        "line3": {
          "description": "Optional. \n\nThis attribute stores the value for the third of 3 lines provided for address details.",
          "type": "string",
          "maxLength": 100
        },
        "postalCode": {
          "description": "Optional. \n  \n  \nThis attribute stores the value for the postal code.",
          "type": "string",
          "maxLength": 100
        },
        "identifier": {
          "type": "array",
          "maxItems": 3,
          "description": "Optional.\n\nThe Identifier list of objects stores values of external identifiers for the enclosing record.\n\nIdentifier objects can be used to create and update records.\n\nAn external system can create record identifiers when creating or updating a record. An external system can provide up to 3 identifiers for a record, for each REST call.\n\nAn individual's record can be identified using external identifiers.\n\nWhen invoking this PUT API, if identifiers provided match an address record for this individual, the record is updated. If no address record is matched, a new address record is created. \n\nFor Example:\n\nAn Address record that was created providing this identifier:\n\nidentifier.type.text = \"ExtSys1\"\n\nidentifier.value = \"698368\"\n\ncan be updated by invoking this API and providig the same identifier. ",
          "items": {
            "$ref": "#/definitions/NewIdentifier"
          }
        },
        "period": {
          "type": "object",
          "description": "Optional. \n\nA Period object stores the start and the end date of the enclosing record.",
          "$ref": "#/definitions/NewPeriod"
        },
        "subject": {
          "$ref": "#/definitions/NewSubject"
        }
      },
      "required": [
        "resourceType",
        "subject"
      ]
    },
    "ModifiedAddressExt": {
      "type": "object",
      "properties": {
        "resourceType": {
          "description": "Mandatory. \n\nFor Addresses APIs, the expected resource type is \"Address\". Any other value is rejected.",
          "type": "string",
          "enum": [
            "Address"
          ]
        },
        "id": {
          "description": "Mandatory. \n\nThe \"id\" attribute stores the Address resource ID for the record.",
          "type": "string",
          "maxLength": 64
        },
        "use": {
          "description": "Optional. \n\nThe \"use\" value describes the purpose of the address record.\n\nThe values provided map to Merative Integrated Care Address Type attribute, as follows:\n\n\"home\" > Residential\n\n\"work\" >  Work\n\n\"temp\" > Temporary\n\n\"old\" > Old\n\n\"mailing\" > Mailing\n\n\"other\" > Other\n\nIf no value is provided for 'use' in the PUT request, the 'use' value of the existing record is applied.\n\nIn Merative Integrated Care, the Address Type value can't be updated. If in the PUT request,  a 'use' value provided different from the one of the existing record is provided, the update request is rejected.",
          "type": "string",
          "enum": [
            "home",
            "work",
            "temp",
            "old",
            "mailing",
            "other"
          ]
        },
        "state": {
          "description": "Optional. \n\nThis attribute stores the value for the US State. If provided, it must match one of the values of the enumeration.",
          "type": "string",
          "enum": [
            "AL",
            "AK",
            "AZ",
            "AR",
            "CA",
            "CO",
            "CT",
            "DE",
            "DC",
            "FL",
            "GA",
            "HI",
            "ID",
            "IL",
            "IN",
            "IA",
            "KS",
            "KY",
            "LA",
            "ME",
            "MD",
            "MA",
            "MI",
            "MN",
            "MS",
            "MO",
            "MT",
            "NE",
            "NV",
            "NH",
            "NJ",
            "NM",
            "NY",
            "NC",
            "ND",
            "OH",
            "OK",
            "OR",
            "PA",
            "PR",
            "RI",
            "SC",
            "SD",
            "TN",
            "TX",
            "UT",
            "VT",
            "VA",
            "WA",
            "WV",
            "WI",
            "WY"
          ]
        },
        "country": {
          "description": "Optional. \n\nThis attribute stores the value for country. If provided, it must be US.",
          "type": "string",
          "enum": [
            "US"
          ]
        },
        "source": {
          "$ref": "#/definitions/CodeableConceptSource"
        },
        "originalSource": {
          "$ref": "#/definitions/CodeableConceptOriginalSource"
        },
        "city": {
          "description": "Optional. \n\nThis attribute stores the value for city. It is displayed in Merative Integrated Care with the same name.",
          "type": "string",
          "maxLength": 100
        },
        "line1": {
          "description": "Optional. \n\nThis attribute stores the value for the first of 3 lines provided for address details.",
          "type": "string",
          "maxLength": 100
        },
        "line2": {
          "description": "Optional. \n\nThis attribute stores the value for the second of 3 lines provided for address details.",
          "type": "string",
          "maxLength": 100
        },
        "line3": {
          "description": "Optional. \n\nThis attribute stores the value for the third of 3 lines provided for address details.",
          "type": "string",
          "maxLength": 100
        },
        "postalCode": {
          "description": "Optional. \n  \n  \nThis attribute stores the value for the postal code.",
          "type": "string",
          "maxLength": 100
        },
        "identifier": {
          "type": "array",
          "maxItems": 3,
          "description": "Optional.\n\nThe Identifier list of objects stores values of external identifiers for the enclosing record.\n\nIdentifier objects can be used to create and update records.\n\nAn external system can create record identifiers when creating or updating a record. An external system can provide up to 3 identifiers for a record, for each REST call.\n\nAn individual's record can be identified using external identifiers.\n\nWhen invoking this PUT API, if identifiers provided match an address record for this individual, the record is updated. If no address record is matched, a new address record is created. \n\nFor Example:\n\nAn Address record that was created providing this identifier:\n\nidentifier.type.text = \"ExtSys1\"\n\nidentifier.value = \"698368\"\n\ncan then be updated invoking this API and providig the same identifier. ",
          "items": {
            "$ref": "#/definitions/NewIdentifier"
          }
        },
        "period": {
          "type": "object",
          "description": "Optional. \n\nA Period object stores the start and the end date of the enclosing record.",
          "$ref": "#/definitions/ModifiedPeriod"
        },
        "subject": {
          "type": "object",
          "description": "A Subject object stores the reference to the Patient that the record belongs to.",
          "$ref": "#/definitions/ModifiedSubject"
        }
      },
      "required": [
        "resourceType",
        "subject",
        "id"
      ]
    },
    "DefaultErrorModel": {
      "type": "object",
      "properties": {
        "Error": {
          "type": "array",
          "items": {
            "$ref": "#/definitions/Error"
          }
        }
      }
    },
    "Error": {
      "type": "object",
      "properties": {
        "code": {
          "type": "integer",
          "format": "int32",
          "description": "A machine-readable code that identifies the problem. This does not vary with the Accept-Language setting."
        },
        "message": {
          "type": "string",
          "description": "A human-readable message. This message text is localized based on the Accept-Language setting of the request. The contents of this message text may change over time."
        },
        "level": {
          "type": "string",
          "description": "The level of the error."
        }
      },
      "required": [
        "code",
        "message",
        "level"
      ]
    }
  }
}
