{
  "swagger": "2.0",
  "info": {
    "version": "v2",
    "title": "Client Deletions and Reversals API",
    "description": "By using the protected APIs , you can retrieve a list of individuals who were deleted in Merative Integrated Care and whose deletions were reversed. "
  },
  "host": "host",
  "basePath": "/Rest",
  "schemes": [
    "http"
  ],
  "produces": [
    "application/json"
  ],
  "consumes": [
    "application/json"
  ],
  "paths": {
    "/v2/ees/list/clients/deletedClients": {
      "get": {
        "description": "Retrieve all individuals who were deleted in Merative Integrated Care.\n\n ",
        "summary": "Get all deleted clients.",
        "tags": [
          "Get deleted client list"
        ],
        "parameters": [
          {
            "in": "header",
            "name": "Referer",
            "type": "string",
            "enum": [
              "curam://foundational.app"
            ],
            "required": true
          },
          {
            "in": "header",
            "name": "X-WCM-TENANT-ID",
            "type": "string",
            "enum": [
              "The tenant ID."
            ],
            "required": true
          },
          {
            "in": "header",
            "name": "X-WCM-TENANT-INSTANCE",
            "type": "string",
            "enum": [
              "The tenant instance."
            ],
            "required": true
          },
          {
            "in": "header",
            "name": "Authorization",
            "type": "string",
            "enum": [
              "The Access Token."
            ],
            "required": true
          },
          {
            "in": "header",
            "name": "X-GRANT-TYPE",
            "type": "string",
            "enum": [
              "client_credentials"
            ],
            "required": true
          },
          {
            "name": "since",
            "in": "query",
            "required": false,
            "description": "The date from which you want to return records for the deleted clients. Specify dates in ISO 8601 combined format. The default returns the entire results set.          Example - YYYYMMDDTHHMMSS.                            Sample - 20170824T141417.",
            "type": "string",
            "maxLength": 20
          }
        ],
        "responses": {
          "200": {
            "description": "The get request was successful.",
            "schema": {
              "$ref": "#/definitions/DClientListResponse"
            }
          },
          "400": {
            "description": "The data request is invalid. Check the error message for further information and resend the request with the corrected data.",
            "schema": {
              "$ref": "#/definitions/DefaultErrorModel"
            }
          },
          "401": {
            "description": "Invalid authentication credentials for the target resource entered.",
            "schema": {
              "$ref": "#/definitions/DefaultErrorModel"
            }
          },
          "500": {
            "description": "An internal server error occurred. Contact your administrator for more information.",
            "schema": {
              "$ref": "#/definitions/DefaultErrorModel"
            }
          },
          "default": {
            "description": "An unexpected error occurred. Check the error message for further information.",
            "schema": {
              "$ref": "#/definitions/DefaultErrorModel"
            }
          }
        }
      }
    },
    "/v2/ees/list/clients/reversedClients": {
      "get": {
        "description": "Retrieve all clients who were deleted in Merative Integrated Care and whose deletions were subsequently reversed.\n\n",
        "summary": "Get all clients whose deletions were reversed.",
        "tags": [
          "Get reversed client deletions list"
        ],
        "parameters": [
          {
            "in": "header",
            "name": "Referer",
            "type": "string",
            "enum": [
              "curam://foundational.app"
            ],
            "required": true
          },
          {
            "in": "header",
            "name": "X-WCM-TENANT-ID",
            "type": "string",
            "enum": [
              "The tenant ID."
            ],
            "required": true
          },
          {
            "in": "header",
            "name": "X-WCM-TENANT-INSTANCE",
            "type": "string",
            "enum": [
              "The tenant instance."
            ],
            "required": true
          },
          {
            "in": "header",
            "name": "Authorization",
            "type": "string",
            "enum": [
              "The Access Token."
            ],
            "required": true
          },
          {
            "in": "header",
            "name": "X-GRANT-TYPE",
            "type": "string",
            "enum": [
              "client_credentials"
            ],
            "required": true
          },
          {
            "name": "since",
            "in": "query",
            "required": false,
            "description": "The date from which you want to return records for the deletion reversed clients. Specify dates in ISO 8601 combined format. The default returns the entire results set.          Example - YYYYMMDDTHHMMSS.                            Sample - 20170824T141417.",
            "type": "string",
            "maxLength": 20
          }
        ],
        "responses": {
          "201": {
            "description": "The get request was successful",
            "schema": {
              "$ref": "#/definitions/DClientListResponse"
            }
          },
          "400": {
            "description": "The data request is invalid. Check the error message for further information and resend the request with the corrected data.",
            "schema": {
              "$ref": "#/definitions/DefaultErrorModel"
            }
          },
          "401": {
            "description": "Invalid authentication credentials for the target resource entered.",
            "schema": {
              "$ref": "#/definitions/DefaultErrorModel"
            }
          },
          "500": {
            "description": "An internal server error occurred. Contact your administrator for more information",
            "schema": {
              "$ref": "#/definitions/DefaultErrorModel"
            }
          },
          "default": {
            "description": "An unexpected error occurred. Check the error message for further information",
            "schema": {
              "$ref": "#/definitions/DefaultErrorModel"
            }
          }
        }
      }
    }
  },
  "definitions": {
    "DClientListResponse": {
      "type": "object",
      "properties": {
        "dtls": {
          "type": "object",
          "$ref": "#/definitions/DClientListResponseDetails"
        },
        "client": {
          "type": "array",
          "items": {
            "$ref": "#/definitions/DClientResponse"
          }
        },
        "reversedClient": {
          "type": "array",
          "items": {
            "$ref": "#/definitions/DRClientResponse"
          }
        }
      }
    },
    "DClientListResponseDetails": {
      "type": "object",
      "properties": {
        "description": {
          "type": "string"
        },
        "endDateTime": {
          "type": "string",
          "maxLength": 20
        },
        "startDateTime": {
          "type": "string",
          "maxLength": 20
        }
      }
    },
    "DClientResponse": {
      "type": "object",
      "properties": {
        "concernRoleName": {
		"description": "\n\nThe \"concernRoleName\" represents the name of the deleted client.",
          "type": "string",
          "maxLength": 150
        },
        "dateOfBirth": {
		"description": "\n\nThe \"dateOfBirth\" represents the date of birth of the deleted client. Accepted format is yyyy-MM-dd.",
          "type": "string",
          "format": "date"
        },
        "reason": {
		"description": "\n\nThe \"reason\" attribute is used to describe the reason for which the client is deleted.",
          "type": "string",
		  "enum": [
            "Client Request",
            "Other"
          ],
          "maxLength": 50
        },
        "deletedDateTime": {
		"description": "\n\nThe \"deletedDateTime\" attribute is used to describe the exact datetime when the client was deleted.",
          "type": "string",
          "format": "datetime",
          "maximum": 99991231
        },
        "userName": {
		"description": "\n\nThe \"userName\" attribute is used to describe the user who deleted the client.",
          "type": "string",
          "maxLength": 200
        }
      }
    },
    "DRClientResponse": {
      "type": "object",
      "properties": {
        "dateOfBirth": {
		"description": "\n\nThe \"dateOfBirth\" represents the date of birth of the client whose deletion is reversed. Accepted format is yyyy-MM-dd.",
          "type": "string",
          "format": "date"
        },
        "reason": {
		"description": "\n\nThe \"reason\" attribute is used to describe the reason for which the client is deleted.",
          "type": "string",
		  "enum": [
            "Deleted in error",
            "Other"
          ],
          "maxLength": 50
        },
        "userName": {
		"description": "\n\nThe \"userName\" attribute is used to describe the user who reverted the client deletion.",
          "type": "string",
          "maxLength": 200
        },
        "reversedDateTime": {
		"description": "\n\nThe \"reversedDateTime\" attribute is used to describe the exact datetime when the client deletion was reversed.",
          "type": "string",
          "format": "datetime",
          "maximum": 99991231
        },
        "concernRoleName": {
		"description": "\n\nThe \"concernRoleName\" represents the name of the client whose client deletion is reversed.",
          "type": "string",
          "maxLength": 150
        }
      }
    },
    "DefaultErrorModel": {
      "type": "object",
      "properties": {
        "Error": {
          "type": "array",
          "items": {
            "$ref": "#/definitions/Error"
          }
        }
      }
    },
    "Error": {
      "type": "object",
      "properties": {
        "code": {
          "type": "integer",
          "format": "int32",
          "description": "A machine readable code identifying the problem. This will not vary with the Accept-Language setting"
        },
        "message": {
          "type": "string",
          "description": "A human readable message. This message text is localized based on the Accept-Language setting of the request. The contents of this message text may change over time"
        },
        "level": {
          "type": "string",
          "description": "The level of the error"
        }
      },
      "required": [
        "code",
        "message",
        "level"
      ]
    },
    "CodeTableType": {
      "type": "object",
      "properties": {
        "tableName": {
          "type": "string",
          "description": "Read only. The name of the code table",
          "readOnly": true
        },
        "value": {
          "type": "string",
          "description": "The code value associated with a code table entry",
          "maxLength": 10
        },
        "description": {
          "type": "string",
          "description": "Read only. The description of the code. Based on the language set in the 'Accept-Language' header, a localized description may be returned",
          "readOnly": true
        },
        "parentCodeTable": {
          "type": "string",
          "description": "Read only. The parent codetable of this codetable, if this codetable is part of a hierarchy",
          "readOnly": true
        }
      },
      "required": [
        "value"
      ]
    },
    "Frequency": {
      "type": "object",
      "properties": {
        "value": {
          "type": "string",
          "description": "The code value representation of the frequency"
        },
        "description": {
          "type": "string",
          "description": "Read only. The localized text description of the frequency code value",
          "readOnly": true
        }
      },
      "required": [
        "value"
      ]
    }
  }
}
