{
  "swagger": "2.0",
  "info": {
    "version": "v1",
    "title": "(Demographics) Tag API",
    "description": "By using the protected APIs that follow, you can create, update, and delete tag records that are sent to Merative Integrated Care for a client from an external system so that Merative Integrated Care accurately reflects the external system data. In addition, you can retrieve tag data captured in respect of a client from Merative Integrated Care. The client is identified when Merative Integrated Care receives the Merative Integrated Care client ID or the external ID and type. The client’s tag record is identified when Merative Integrated Care receives an identifier type and record id."
  },
  "host": "host",
  "basePath": "/Rest",
  "schemes": [
    "https"
  ],
  "consumes": [
    "application/json"
  ],
  "produces": [
    "application/json"
  ],
  "paths": {
    "/v1/ees/customdata/Tag": {
      "post": {
        "tags": [
          "Create a tag"
        ],
        "summary": "Create a tag record for a client who is registered in Merative Integrated Care.",
        "description": "Creates a client tag record based on an event in the external system that initiates a transfer of valid data to Merative Integrated Care.\n\n Example request\n \n    cURL\n    \n    curl -X POST \"https://host:port/Rest/v1/ees/customdata/Tag\" -H  \"X-WCM-TENANT-ID: Tenant ID\" -H  \"X-WCM-TENANT-INSTANCE: Tenant Instance\" -H  \"accept: application/json\" -H  \"Referer: curam://foundational.app\" -H  \"Authorization: access_token\" -H  \"X-GRANT-TYPE: client_credentials\" -H  \"Content-Type: application/json\" -d \"{ \\\"externalSystemReference\\\": \\\"tag\\\", \\\"customDataType\\\": \\\"Tag\\\", \\\"subject\\\": { \\\"reference\\\": \\\"patient/28416\\\" }, \\\"identifier\\\": [ {\\\"value\\\": \\\"1234533\\\",\\\"type\\\": { \\\"text\\\": \\\"HospitalSys\\\"}}],\\\"source\\\": {\\\"text\\\": \\\"Source\\\",\\\"coding\\\": [{\\\"system\\\": \\\"http://wcm/source\\\", \\\"code\\\": \\\"s\\\"}]}, \\\"originalSource\\\": {\\\"text\\\": \\\"OriginalSource\\\",\\\"coding\\\": [{\\\"system\\\": \\\"http://wcm/originalsource\\\", \\\"code\\\": \\\"os\\\"} ] },\\\"attributes\\\": [ { \\\"name\\\": \\\"tag\\\", \\\"value\\\": {\\\"valueString\\\": \\\"Private\\\"}}]}\"\n    \n    \n    JAVA\n\n    HttpResponse response = Unirest.post(\"https://host:port/Rest/v1/ees/customdata/Tag\")\n\n        .header(\"accept\", \"application/json\")\n\n        .header(\"Authorization\", \"access_token\")\n\n        .header(\"X-GRANT-TYPE\", \"client_credentials\")\n\n        .header(\"X-WCM-TENANT-INSTANCE\", \"Tenant Instance\")\n\n     .header(\"X-WCM-TENANT-ID\", \"Tenant ID\")\n\n        .header(\"Referer\", \"curam://foundational.app\")\n\n        .header(\"Content-Type\", \"application/json\")\n\n        .body(\"{ \\\"externalSystemReference\\\": \\\"tag\\\", \\\"customDataType\\\": \\\"Tag\\\", \\\"subject\\\": { \\\"reference\\\": \\\"patient/28416\\\" }, \\\"identifier\\\": [ {\\\"value\\\": \\\"1234533\\\",\\\"type\\\": { \\\"text\\\": \\\"HospitalSys\\\"}}],\\\"source\\\": {\\\"text\\\": \\\"Source\\\",\\\"coding\\\": [{\\\"system\\\": \\\"http://wcm/source\\\", \\\"code\\\": \\\"s\\\"}]}, \\\"originalSource\\\": {\\\"text\\\": \\\"OriginalSource\\\",\\\"coding\\\": [{\\\"system\\\": \\\"http://wcm/originalsource\\\", \\\"code\\\": \\\"os\\\"} ] },\\\"attributes\\\": [ { \\\"name\\\": \\\"tag\\\", \\\"value\\\": {\\\"valueString\\\": \\\"Private\\\"}}]}\")\n\n        .asString();",
        "operationId": "addCustom",
        "consumes": [
          "application/json"
        ],
        "produces": [
          "application/json"
        ],
        "parameters": [
          {
            "in": "header",
            "name": "Referer",
            "type": "string",
            "enum": [
              "curam://foundational.app"
            ],
            "required": true
          },
          {
            "in": "header",
            "name": "X-WCM-TENANT-ID",
            "type": "string",
            "enum": [
              "The tenant ID."
            ],
            "required": true
          },
          {
            "in": "header",
            "name": "X-WCM-TENANT-INSTANCE",
            "type": "string",
            "enum": [
              "The tenant instance."
            ],
            "required": true
          },
          {
            "in": "header",
            "name": "Authorization",
            "type": "string",
            "enum": [
              "The Access Token."
            ],
            "required": true
          },
          {
            "in": "header",
            "name": "X-GRANT-TYPE",
            "type": "string",
            "enum": [
              "client_credentials."
            ],
            "required": true
          },
          {
            "name": "body",
            "in": "body",
            "description": "The inbound message that contains the information required to create a client tag.",
            "required": true,
            "schema": {
              "$ref": "#/definitions/CreateCustomData"
            }
          }
        ],
        "responses": {
          "201": {
            "description": "The post request was successful.",
            "headers": {
              "Location": {
                "type": "string",
                "description": "The location of the new resource."
              }
            }
          },
          "400": {
            "description": "The data request is invalid. Check the error message for more information and resend the request with the corrected data.\n\nPossible error messages returned:\n\nEESERR352 - Custom Client Data record with identifier HospitalSystem - 123456 already exists for this person.\n\nEESERR649 - Invalid 'unknownattribute' attribute name provided.\n\nEESERR651 - Failed to create a record:  Invalid value provided for data attribute ‘exampleAttributeName’.\n\nEESERR651 - Failed to create a record:  Invalid ’test invalid code' value provided for 'valueSet'.\n\nEESERR1000 - No shared version found for this Custom Data Type.\n\nEESERR1001 - 'externalSystemReference' doesn't match with the given 'customDataType'.\n\nEESERR1002 - The Custom Data Type record pay load is missing the following attributes: [exampleAttributeName]."
          },
          "500": {
            "description": "An internal server error occurred. Contact your administrator for more information."
          },
          "default": {
            "description": "An unexpected error occurred. Check the error message for more information."
          }
        }
      },
      "put": {
        "tags": [
          "Update a tag"
        ],
        "summary": "Update a tag record for a client who is registered in Merative Integrated Care.",
        "description": "Updates a client’s tag record assuming that a matching record is found when the external system initiates a transfer of valid data to Merative Integrated Care. Merative Integrated Care identifies the record to be updated based on the external identifiers that the external system provides in the body. If no matching tag record is found, Merative Integrated Care creates a new tag record for the individual.\n\n Example request\n \n    cURL\n    \n    curl -X PUT \"https://host:port/Rest/v1/ees/customdata/Tag\" -H  \"X-WCM-TENANT-ID: Tenant ID\" -H  \"X-WCM-TENANT-INSTANCE: Tenant Instance\" -H  \"accept: application/json\" -H  \"Referer: curam://foundational.app\" -H  \"Authorization: access_token\" -H  \"X-GRANT-TYPE: client_credentials\" -H  \"Content-Type: application/json\" -d \"{ \\\"externalSystemReference\\\": \\\"tag\\\", \\\"customDataType\\\": \\\"Tag\\\", \\\"subject\\\": { \\\"reference\\\": \\\"patient/28416\\\" }, \\\"identifier\\\": [ {\\\"value\\\": \\\"1234533\\\",\\\"type\\\": { \\\"text\\\": \\\"HospitalSys\\\"}}],\\\"source\\\": {\\\"text\\\": \\\"Source\\\",\\\"coding\\\": [{\\\"system\\\": \\\"http://wcm/source\\\", \\\"code\\\": \\\"s\\\"}]}, \\\"originalSource\\\": {\\\"text\\\": \\\"OriginalSource\\\",\\\"coding\\\": [{\\\"system\\\": \\\"http://wcm/originalsource\\\", \\\"code\\\": \\\"os\\\"} ] },\\\"attributes\\\": [ { \\\"name\\\": \\\"tag\\\", \\\"value\\\": {\\\"valueString\\\": \\\"Private\\\"}}]}\"\n    \n    \n    JAVA\n\n    HttpResponse response = Unirest.put(\"https://host:port/Rest/v1/ees/customdata/Tag\")\n\n        .header(\"accept\", \"application/json\")\n\n        .header(\"Authorization\", \"access_token\")\n\n        .header(\"X-GRANT-TYPE\", \"client_credentials\")\n\n        .header(\"X-WCM-TENANT-INSTANCE\", \"Tenant Instance\")\n\n     .header(\"X-WCM-TENANT-ID\", \"Tenant ID\")\n\n        .header(\"Referer\", \"curam://foundational.app\")\n\n        .header(\"Content-Type\", \"application/json\")\n\n        .body(\"{ \\\"externalSystemReference\\\": \\\"tag\\\", \\\"customDataType\\\": \\\"Tag\\\", \\\"subject\\\": { \\\"reference\\\": \\\"patient/28416\\\" }, \\\"identifier\\\": [ {\\\"value\\\": \\\"1234533\\\",\\\"type\\\": { \\\"text\\\": \\\"HospitalSys\\\"}}],\\\"source\\\": {\\\"text\\\": \\\"Source\\\",\\\"coding\\\": [{\\\"system\\\": \\\"http://wcm/source\\\", \\\"code\\\": \\\"s\\\"}]}, \\\"originalSource\\\": {\\\"text\\\": \\\"OriginalSource\\\",\\\"coding\\\": [{\\\"system\\\": \\\"http://wcm/originalsource\\\", \\\"code\\\": \\\"os\\\"} ] },\\\"attributes\\\": [ { \\\"name\\\": \\\"tag\\\", \\\"value\\\": {\\\"valueString\\\": \\\"Private\\\"}}]}\")\n\n        .asString();",
        "operationId": "putCustom",
        "consumes": [
          "application/json"
        ],
        "produces": [
          "application/json"
        ],
        "parameters": [
          {
            "in": "header",
            "name": "Referer",
            "type": "string",
            "enum": [
              "curam://foundational.app"
            ],
            "required": true
          },
          {
            "in": "header",
            "name": "X-WCM-TENANT-ID",
            "type": "string",
            "enum": [
              "The tenant ID."
            ],
            "required": true
          },
          {
            "in": "header",
            "name": "X-WCM-TENANT-INSTANCE",
            "type": "string",
            "enum": [
              "The tenant instance."
            ],
            "required": true
          },
          {
            "in": "header",
            "name": "Authorization",
            "type": "string",
            "enum": [
              "The Access Token."
            ],
            "required": true
          },
          {
            "in": "header",
            "name": "X-GRANT-TYPE",
            "type": "string",
            "enum": [
              "client_credentials."
            ],
            "required": true
          },
          {
            "name": "body",
            "in": "body",
            "description": "The inbound message that contains the information required to create a client tag.",
            "required": true,
            "schema": {
              "$ref": "#/definitions/CreateCustomData"
            }
          }
        ],
        "responses": {
          "200": {
            "description": "The put request was successful.",
            "schema": {
              "$ref": "#/definitions/UpdateCustomData"
            }
          },
          "400": {
            "description": "The data request is invalid. Check the error message for more information and resend the request with the corrected data.\n\nPossible error messages returned:\n\nEESERR352 - Custom Client Data record with identifier HospitalSystem - 123456 already exists for this person.\n\nEESERR649 - Invalid 'unknownattribute' attribute name provided.\n\nEESERR651 - Failed to create a record:  Invalid value provided for data attribute ‘exampleAttributeName’.\n\nEESERR651 - Failed to create a record:  Invalid ’test invalid code' value provided for 'valueSet'\n\nEESERR1000 - No shared version found for this Custom Data Type.\n\nEESERR1001 - 'externalSystemReference' doesn't match with the given 'customDataType'.\n\nEESERR1002 - The Custom Data Type record pay load is missing the following attributes: [exampleAttributeName]."
          },
          "500": {
            "description": "An internal server error occurred. Contact your administrator for more information."
          },
          "default": {
            "description": "An unexpected error occurred. Check the error message for more information."
          }
        }
      }
    },
    "/v1/ees/customdata/Tag/{id}": {
      "put": {
        "tags": [
          "Update a tag (by ID)"
        ],
        "summary": "Update a tag record for a client who is registered in Merative Integrated Care.",
        "description": "Updates a client’s tag record assuming that a matching record is found when the external system initiates a transfer of valid data to Merative Integrated Care. Merative Integrated Care identifies the record to be updated based on the resource ID that the external system provides in the path and body.\n\n Example request\n \n    cURL\n    \n    curl -X PUT \"https://host:port/Rest/v1/ees/customdata/Tag/12345\" -H  \"X-WCM-TENANT-ID: Tenant ID\" -H  \"X-WCM-TENANT-INSTANCE: Tenant Instance\" -H  \"accept: application/json\" -H  \"Referer: curam://foundational.app\" -H  \"Authorization: access_token\" -H  \"X-GRANT-TYPE: client_credentials\" -H  \"Content-Type: application/json\" -d \"{  \\\"id\\\": \\\"12345\\\",\\\"externalSystemReference\\\": \\\"tag\\\", \\\"customDataType\\\": \\\"Tag\\\", \\\"subject\\\": { \\\"reference\\\": \\\"patient/28416\\\" }, \\\"identifier\\\": [ {\\\"value\\\": \\\"1234533\\\",\\\"type\\\": { \\\"text\\\": \\\"HospitalSys\\\"}}],\\\"source\\\": {\\\"text\\\": \\\"Source\\\",\\\"coding\\\": [{\\\"system\\\": \\\"http://wcm/source\\\", \\\"code\\\": \\\"s\\\"}]}, \\\"originalSource\\\": {\\\"text\\\": \\\"OriginalSource\\\",\\\"coding\\\": [{\\\"system\\\": \\\"http://wcm/originalsource\\\", \\\"code\\\": \\\"os\\\"} ] },\\\"attributes\\\": [ { \\\"name\\\": \\\"tag\\\", \\\"value\\\": {\\\"valueString\\\": \\\"Private\\\"}}]}\"\n    \n    \n    JAVA\n\n    HttpResponse response = Unirest.put(\"https://host:port/Rest/v1/ees/customdata/Tag/12345\")\n\n        .header(\"accept\", \"application/json\")\n\n        .header(\"Authorization\", \"access_token\")\n\n        .header(\"X-GRANT-TYPE\", \"client_credentials\")\n\n        .header(\"X-WCM-TENANT-INSTANCE\", \"Tenant Instance\")\n\n     .header(\"X-WCM-TENANT-ID\", \"Tenant ID\")\n\n        .header(\"Referer\", \"curam://foundational.app\")\n\n        .header(\"Content-Type\", \"application/json\")\n\n        .body(\"{ \\\"id\\\": \\\"12345\\\",\\\"externalSystemReference\\\": \\\"tag\\\", \\\"customDataType\\\": \\\"Tag\\\", \\\"subject\\\": { \\\"reference\\\": \\\"patient/28416\\\" }, \\\"identifier\\\": [ {\\\"value\\\": \\\"1234533\\\",\\\"type\\\": { \\\"text\\\": \\\"HospitalSys\\\"}}],\\\"source\\\": {\\\"text\\\": \\\"Source\\\",\\\"coding\\\": [{\\\"system\\\": \\\"http://wcm/source\\\", \\\"code\\\": \\\"s\\\"}]}, \\\"originalSource\\\": {\\\"text\\\": \\\"OriginalSource\\\",\\\"coding\\\": [{\\\"system\\\": \\\"http://wcm/originalsource\\\", \\\"code\\\": \\\"os\\\"} ] },\\\"attributes\\\": [ { \\\"name\\\": \\\"tag\\\", \\\"value\\\": {\\\"valueString\\\": \\\"Private\\\"}}]}\")\n\n        .asString();",
        "operationId": "putCustomUpdate",
        "consumes": [
          "application/json"
        ],
        "produces": [
          "application/json"
        ],
        "parameters": [
          {
            "in": "header",
            "name": "Referer",
            "type": "string",
            "enum": [
              "curam://foundational.app"
            ],
            "required": true
          },
          {
            "in": "header",
            "name": "X-WCM-TENANT-ID",
            "type": "string",
            "enum": [
              "The tenant ID."
            ],
            "required": true
          },
          {
            "in": "header",
            "name": "X-WCM-TENANT-INSTANCE",
            "type": "string",
            "enum": [
              "The tenant instance."
            ],
            "required": true
          },
          {
            "in": "header",
            "name": "Authorization",
            "type": "string",
            "enum": [
              "The Access Token."
            ],
            "required": true
          },
          {
            "in": "header",
            "name": "X-GRANT-TYPE",
            "type": "string",
            "enum": [
              "client_credentials."
            ],
            "required": true
          },
          {
            "name": "body",
            "in": "body",
            "description": "The inbound message that contains the information required to create a client tag.",
            "required": true,
            "schema": {
              "$ref": "#/definitions/UpdateCustomData"
            }
          },
          {
            "name": "id",
            "in": "path",
            "required": true,
            "description": "Mandatory. The \"id\" attribute stores the resource ID of the client data resource ID to be updated.",
            "type": "string",
            "maxLength": 900
          }
        ],
        "responses": {
          "200": {
            "description": "The put request was successful.",
            "schema": {
              "$ref": "#/definitions/UpdateCustomData"
            }
          },
          "400": {
            "description": "The data request is invalid. Check the error message for more information and resend the request with the corrected data.\n\nPossible error messages returned:\n\nEESERR351 - The resource id provided doesn't exist for a Custom Client Data record for this person.\n\nEESERR352 - Custom Client Data record with identifier HospitalSystem - 123456 already exists for this person.\n\nEESERR354 - Resource id and identifier(s) match different Custom Client Data records for this person.\n\nEESERR356 - Resource Custom Client Data/123 doesn't exist.\n\nEESERR623 - The record was updated by a care manager and cannot be updated by an external system.\n\nEESERR626 - The record doesn't exist.\n\nEESERR649 - Invalid 'unknownattribute' attribute name provided.\n\nEESERR652 - Failed to update a record:  Invalid value provided for data attribute 'exampleAttributeName'.\n\nEESERR652 - Failed to update a record:  Invalid ’test invalid code' value provided for 'valueSet'.\n\nEESERR653 - Failed to delete a record:  EESERR624 - The record was updated by a care manager and cannot be deleted by an external system.\n\nEESERR1000 - No shared version found for this Custom Data Type.\n\nEESERR1001 - 'externalSystemReference' doesn't match with the given 'customDataType'.\n\nEESERR1002 - The Custom Data Type record pay load is missing the following attributes: [exampleAttributeName]."
          },
          "500": {
            "description": "An internal server error occurred. Contact your administrator for more information."
          },
          "default": {
            "description": "An unexpected error occurred. Check the error message for more information."
          }
        }
      },
      "get": {
        "tags": [
          "Get a tag"
        ],
        "summary": "Get a tag record for a client who is registered in Merative Integrated Care.",
        "description": "Get a tag record based on its ID. The URL contains the ID of the tag record. For example, if the ID of the tag record is 123, the URL contained in the notification is /Rest/v1/ees/customdata/Tag/123. The external system must call this URL to retrieve the tag details.\n\n Example request\n \n    cURL\n    \n    curl -X GET \"https://host:port/Rest/v1/ees/customdata/Tag/123\"  \"X-WCM-TENANT-ID: Tenant ID\" -H  \"X-WCM-TENANT-INSTANCE: Tenant Instance\" -H  \"accept: application/json\" -H  \"Referer: curam://foundational.app\" -H  \"Authorization: access_token\" -H  \"X-GRANT-TYPE: client_credentials\" -H  \"Content-Type: application/json\"  \n    \n    \n    JAVA\n\n    HttpResponse response = Unirest.get(\"https://host:port/Rest/v1/ees/customdata/Tag/123\")\n\n        .header(\"accept\", \"application/json\")\n\n        .header(\"Authorization\", \"access_token\")\n\n        .header(\"X-GRANT-TYPE\", \"client_credentials\")\n\n        .header(\"X-WCM-TENANT-INSTANCE\", \"Tenant Instance\")\n\n     .header(\"X-WCM-TENANT-ID\", \"Tenant ID\")\n\n        .header(\"Referer\", \"curam://foundational.app\")\n\n        .asString();",
        "operationId": "getCustom",
        "consumes": [
          "application/json"
        ],
        "produces": [
          "application/json"
        ],
        "parameters": [
          {
            "in": "header",
            "name": "Referer",
            "type": "string",
            "enum": [
              "curam://foundational.app"
            ],
            "required": true
          },
          {
            "in": "header",
            "name": "X-WCM-TENANT-ID",
            "type": "string",
            "enum": [
              "The tenant ID."
            ],
            "required": true
          },
          {
            "in": "header",
            "name": "X-WCM-TENANT-INSTANCE",
            "type": "string",
            "enum": [
              "The tenant instance."
            ],
            "required": true
          },
          {
            "in": "header",
            "name": "Authorization",
            "type": "string",
            "enum": [
              "The Access Token."
            ],
            "required": true
          },
          {
            "in": "header",
            "name": "X-GRANT-TYPE",
            "type": "string",
            "enum": [
              "client_credentials."
            ],
            "required": true
          },
          {
            "name": "id",
            "in": "path",
            "required": true,
            "description": "Mandatory. The \"id\" attribute stores the resource ID of the client data resource ID to be retrieved.",
            "type": "string",
            "maxLength": 900
          }
        ],
        "responses": {
          "200": {
            "description": "The get request was successful.",
            "schema": {
              "$ref": "#/definitions/UpdateCustomData"
            }
          },
          "400": {
            "description": "The data request is invalid. Check the error message for more information and resend the request with the corrected data.\n\nPossible error messages returned:\n\nEESERR626 - The record doesn't exist."
          },
          "500": {
            "description": "An internal server error occurred. Contact your administrator for more information."
          },
          "default": {
            "description": "An unexpected error occurred. Check the error message for more information."
          }
        }
      },
      "delete": {
        "tags": [
          "Delete a tag"
        ],
        "summary": "Delete a tag record for a client who is registered in Merative Integrated Care.",
        "description": "Deletes a client’s tag based on a delete event in the external system that initiates a transfer of information to Merative Integrated Care. Merative Integrated Care identifies the record to be deleted based on the resource ID that the external system provides.\n\n Example request\n \n    cURL\n    \n    curl -X DELETE \"https://host:port/Rest/v1/ees/customdata/Tag/123\"  \"X-WCM-TENANT-ID: Tenant ID\" -H  \"X-WCM-TENANT-INSTANCE: Tenant Instance\" -H  \"accept: application/json\" -H  \"Referer: curam://foundational.app\" -H  \"Authorization: access_token\" -H  \"X-GRANT-TYPE: client_credentials\" -H  \"Content-Type: application/json\"  \n    \n    \n    JAVA\n\n    HttpResponse response = Unirest.delete(\"https://host:port/Rest/v1/ees/customdata/Tag/123\")\n\n        .header(\"accept\", \"application/json\")\n\n        .header(\"Authorization\", \"access_token\")\n\n        .header(\"X-GRANT-TYPE\", \"client_credentials\")\n\n        .header(\"X-WCM-TENANT-INSTANCE\", \"Tenant Instance\")\n\n     .header(\"X-WCM-TENANT-ID\", \"Tenant ID\")\n\n        .header(\"Referer\", \"curam://foundational.app\")\n\n        .asString();",
        "operationId": "deleteCustom",
        "consumes": [
          "application/json"
        ],
        "produces": [
          "application/json"
        ],
        "parameters": [
          {
            "in": "header",
            "name": "Referer",
            "type": "string",
            "enum": [
              "curam://foundational.app"
            ],
            "required": true
          },
          {
            "in": "header",
            "name": "X-WCM-TENANT-ID",
            "type": "string",
            "enum": [
              "The tenant ID."
            ],
            "required": true
          },
          {
            "in": "header",
            "name": "X-WCM-TENANT-INSTANCE",
            "type": "string",
            "enum": [
              "The tenant instance."
            ],
            "required": true
          },
          {
            "in": "header",
            "name": "Authorization",
            "type": "string",
            "enum": [
              "The Access Token."
            ],
            "required": true
          },
          {
            "in": "header",
            "name": "X-GRANT-TYPE",
            "type": "string",
            "enum": [
              "client_credentials."
            ],
            "required": true
          },
          {
            "name": "id",
            "in": "path",
            "required": true,
            "description": "Mandatory. The \"id\" attribute stores the resource ID of the client data resource ID to be deleted.",
            "type": "string",
            "maxLength": 900
          }
        ],
        "responses": {
          "204": {
            "description": "The delete request was successful."
          },
          "400": {
            "description": "The data request is invalid. Check the error message for more information and resend the request with the corrected data.\n\nPossible error messages returned:\n\nEESERR626 - The record doesn't exist."
          },
          "500": {
            "description": "An internal server error occurred. Contact your administrator for more information."
          },
          "default": {
            "description": "An unexpected error occurred. Check the error message for more information."
          }
        }
      }
    }
  },
  "definitions": {
    "Value": {
      "type": "object",
      "properties": {
        "valueString": {
          "type": "string",
          "maxLength": 100,
          "description": "Mandatory. The string value of the tag. It must match a configured tag value in Merative Integrated Care."
        }
      }
    },
    "Subject": {
      "type": "object",
      "properties": {
        "reference": {
          "description": "Mandatory. The Subject object is used to identify an individual in Merative Integrated Care.\n\n\nThe \"reference\" String is expected to contain identifier details that will be used to match an individual in Merative Integrated Care.\n\n\n The string is parsed to extract query parameters and associated values. The string can contain a combination of\n\n(1) Merative Integrated Care Patient ID (that is, the Merative Integrated Care Reference Number),\n\n(2) Merative Integrated Care Identification External System Reference and Identification number,\n\n(3) Merative Integrated Care Identification Type and Identification number,\n\n(4) Merative Integrated Care Identification External System Reference and Identification number and birthDate, \n\n(5) Merative Integrated Care Identification Type and Identification number and birthDate.\n\n\nFor example:\n\n(1) Merative Integrated Care Patient ID\n\n    \"subject\":{\n\n        \"reference\" : \"patient/123    \" }   \n\n\n\n(2) Merative Integrated Care Identification External System Reference and Identification number\n\n    \"subject\":{\n\n         \"reference\" : \"patient/identifiercode=xwz, identifiervalue=239\"}  \n\n\n (3) Merative Integrated Care Identification External System Reference and Identification number,\n\n    \"subject\":{\n\n         \"reference\" : \"patient/identifier=Passport, identifiervalue=239\" } \n\n\n(4) Merative Integrated Care Identification External System Reference and Identification number and birthDate,\n\n      \"subject\":{\n\n         \"reference\" : \"patient/identifiercode=xwz, identifiervalue=239, birthDate=19380821\" }    \n\n\n(5) Merative Integrated Care Identification Type and Identification number and birthDate,\n\n       \"subject\":{\n\n         \"reference\" : \"patient/identifiercode=Passport, identifiervalue=239, birthDate=19380821\"  }   ",
          "type": "string",
          "example": "patient/28416"
        }
      }
    },
    "Attribute": {
      "type": "object",
      "properties": {
        "name": {
          "type": "string",
          "maxLength": 3,
          "description": "Mandatory. The name of the attribute. The expected name is always 'tag'."
        },
        "value": {
          "$ref": "#/definitions/Value"
        }
      }
    },
    "CreateCustomData": {
      "type": "object",
      "required": [
        "name",
        "photoUrls"
      ],
      "properties": {
        "externalSystemReference": {
          "description": "Mandatory. The external system reference for the client data type that Merative Integrated Care uses to store tag data. The expected external system reference is always 'tag'.",
          "type": "string",
          "maxLength": 3,
          "example":"tag"
        },
        "customDataType": {
          "description": "Mandatory. The name of the client data type that Merative Integrated Care uses to store tag data. The expected name is always 'Tag'.",
          "type": "string",
          "maxLength": 3,
          "example":"Tag"
        },
        "subject": {
          "$ref": "#/definitions/Subject"
        },
        "identifier": {
          "$ref": "#/definitions/identifier"
        },
        "source": {
          "$ref": "#/definitions/CodeableConceptSource"
        },
        "originalSource": {
          "$ref": "#/definitions/CodeableConceptOriginalSource"
        },
        "attributes": {
          "type": "array",
          "items": {
            "$ref": "#/definitions/Attribute"
          },
          "example": [
            {
              "name": "tag",
              "value": {
                "valueString": "Private"
              }
            }
          ]
        }
      }
    },
    "CodeableConceptSource": {
      "type": "object",
      "properties": {
        "text": {
          "description": "Optional\n\nTextual description of codeable concept.",
          "type": "string"
        },
        "coding": {
          "type": "array",
          "maxItems": 1,
          "items": {
            "$ref": "#/definitions/CodingSource"
          }
        }
      }
    },
    "CodingSource": {
      "type": "object",
      "properties": {
        "system": {
          "description": "Mandatory. \n\n\"http://wcm/source\" for source.",
          "type": "string",
          "enum": [
            "http://wcm/source"
          ]
        },
        "code": {
          "description": "Mandatory. \n\nThe \"code\" value describes the source system.\n\nThe value provided maps to Merative Integrated Care Source System",
          "type": "string",
          "maxLength": 20
        }
      }
    },
    "CodeableConceptOriginalSource": {
      "type": "object",
      "properties": {
        "text": {
          "description": "Optional\n\nTextual description of codeable concept.",
          "type": "string"
        },
        "coding": {
          "type": "array",
          "maxItems": 1,
          "items": {
            "$ref": "#/definitions/CodingOriginalSource"
          }
        }
      }
    },
    "CodingOriginalSource": {
      "type": "object",
      "properties": {
        "system": {
          "description": "Mandatory. \n\n\"http://wcm/originalsource\" for orginal source.",
          "type": "string",
          "enum": [
            "http://wcm/originalsource"
          ]
        },
        "code": {
          "description": "Mandatory. \n\nThe \"code\" value describes the original source system.\n\nThe value provided maps to Merative Integrated Care Original Source System",
          "type": "string",
          "maxLength": 20
        }
      }
    },
    "identifier": {
      "type": "array",
      "description": "Optional.\n\nThe Identifier list of objects stores values of external identifiers for the enclosing record.\n\nIdentifier objects can be usd to create and update records.\n\nAn external system can provide up to 3 identifiers for a record.\n\nWhen a record is created with an external identifier, the same identifier provided can be used to identify a record. Therefore send a PUT request to update the record.\n\n\nFor Example:\n\nAn Identification record is created providing an identifier with the following values:\n\nidentifier.type.text = \"ExtSys1\"\n\nidentifier.value = \"698368\"\n\nA PUT request with an updated content and identifier as follows:\n\nidentifier.type.text = \"ExtSys1\"\n\nidentifier.value = \"698368\"\n\ncan be sent using the following url:\n\n /Rest/v1/ees/Tag\n\nThe Tag record is updated. ",
      "maxItems": 3,
      "items": {
        "$ref": "#/definitions/Identifier"
      }
    },
    "Identifier": {
      "type": "object",
      "properties": {
        "value": {
          "description": "Optional.\n\n\nThis attribute stores the external identifier value. \n\nIf provided, a type.text value must be provided.",
          "type": "string",
          "maxLength": 100,
          "example": 698368
        },
        "type": {
          "$ref": "#/definitions/CodeableConcept"
        }
      }
    },
    "CodeableConcept": {
      "type": "object",
      "properties": {
        "text": {
          "description": "Optional. \n\nThis attribute stores the value for the identifier type.  It must be provided if an identifier value is provided.",
          "type": "string",
          "maxLength": 100,
          "example": "ExtSys1"
        }
      }
    },
    "UpdateCustomData": {
      "type": "object",
      "required": [
        "name",
        "photoUrls"
      ],
      "properties": {
        "externalSystemReference": {
          "description": "Mandatory. The external system reference for the client data type that Merative Integrated Care uses to store tag data. The expected external system reference is always 'tag'.",
          "type": "string",
          "maxLength": 3,
          "example":"tag"
        },
        "customDataType": {
          "description": "Mandatory. The name of the client data type that Merative Integrated Care uses to store tag data. The expected name is always 'Tag'.",
          "type": "string",
          "maxLength": 3,
          "example":"Tag"
        },
        "id": {
          "type": "string",
          "example": "12345",
          "maxLength": 64,
          "description": "The “id” attribute stores the Identification resource ID."
        },
        "subject": {
          "$ref": "#/definitions/Subject"
        },
        "identifier": {
          "$ref": "#/definitions/identifier"
        },
        "source": {
          "$ref": "#/definitions/CodeableConceptSource"
        },
        "originalSource": {
          "$ref": "#/definitions/CodeableConceptOriginalSource"
        },
        "attributes": {
          "type": "array",
          "items": {
            "$ref": "#/definitions/Attribute"
          },
          "example": [
            {
              "name": "tag",
              "value": {
                "valueString": "Private"
              }
            }
          ]
        }
      }
    }
  }
}
