{
  "swagger": "2.0",
  "info": {
    "description": "By using the protected APIs that follow, you can create, update, or close provider records in Merative Integrated Care so that Merative Integrated Care accurately reflects the external system data. When a provider is created, an external identifier is provided as part of the API. The identifier is then used to identify the provider whose records are to be updated or closed. For example, an external registry can send a copy of their community service providers to Merative Integrated Care. By default, the provider data is set to active and is available for care team members to access and to add to individuals’ plans. The provider records that the API creates are read-only in the Merative Integrated Care Tenant Administration application.",
    "version": "1.0",
    "title": "(External Provider) Provider API",
    "contact": {
      "name": "you@your-company.com"
    }
  },
  "host": "host",
  "basePath": "/Rest",
  "schemes": [
    "http",
    "https"
  ],
  "paths": {
    "/v1/epa/provider": {
      "post": {
        "tags": [
          "Provider"
        ],
        "summary": "Create a provider in Merative Integrated Care.",
        "description": "Create a provider in Merative Integrated Care that is based on an update in the external system that initiates a transfer of valid data to Merative Integrated Care.\n \n    cURL\n    \n    curl -X POST \"https://host:port/Rest/v1/epa/provider\" -H  \"accept: application/json\" -H  \"Content-Type: application/json\" -d \" { \"messageID\" : \"123\",  \"id\" : \"extProviderESR1\", \"name\": \"ext provder1 name\", \"description\": \"ext provder1 desc\", \"email\": \"extprovider1@example.com\", \"url\": \"http://www.extprovider1.com\", \"source\": { \"coding\": [{ \"system\": \"http://wcm/source\", \"code\": \"ExtSS466000\"  }], \"text\": \"Acme Systems\" }, \"originalSource\": { \"coding\": [{ \"system\": \"http://wcm/originalsource\", \"code\": \"ExtSS466001\" }], \"text\": \"Acme Systems\"  }}  \"     \n  \n      \n    \n    JAVA\n\n    HttpResponse response = Unirest.post(\"https://host:port/Rest/v1/epa/provider\")\n\n        .header(\"accept\", \"application/json\")\n\n       .header(\"Content-Type\", \"application/json\")\n\n    .body(\"  { \"messageID\" : \"123\",  \"id\" : \"extProviderESR1\", \"name\": \"ext provder1 name\", \"description\": \"ext provder1 desc\", \"email\": \"extprovider1@example.com\", \"url\": \"http://www.extprovider1.com\", \"source\": { \"coding\": [{ \"system\": \"http://wcm/source\", \"code\": \"ExtSS466000\"  }], \"text\": \"Acme Systems\" }, \"originalSource\": { \"coding\": [{ \"system\": \"http://wcm/originalsource\", \"code\": \"ExtSS466001\" }], \"text\": \"Acme Systems\"  }}  \")     \n\n        .asString();",
        "operationId": "createProvider",
        "consumes": [
          "application/json"
        ],
        "produces": [
          "application/json"
        ],
        "parameters": [
          {
            "in": "body",
            "name": "body",
            "description": "<b>The request body in the JSON format.</b>",
            "required": true,
            "schema": {
              "$ref": "#/definitions/NewProviderInfo"
            }
          }
        ],
        "responses": {
          "201": {
            "description": "The post request was successful.",
            "headers": {
              "Location": {
                "type": "string",
                "description": "The location of the new resource."
              }
            }
          },
          "400": {
            "description": "The data request is invalid. Check the error message for further information and resend the request with the corrected data. \n\nThe following list outlines the possible error messages:\n\nEPAERR3101 - It is mandatory to specify 'name'.  EPAERR3102 - The 'name' entered is too small. The minimum characters that is allowed is 3. \n\nEPAERR3103 - The 'name' entered is too long. The maximum characters that is allowed is 100. \n\nEPAERR3104 - It is mandatory to specify 'description'. \n\nEPAERR3105 - The 'description' entered is too small. The minimum characters that is allowed is 3. \n\nEPAERR3106 - The 'description' entered is too long. The maximum characterts that is allowed is 2000. \n\nEPAERR3107 - The 'source' entered is too long. The maximum characters that is allowed is 100. \n\nEPAERR3108 - The 'originalSource' entered is too long. The maximum characters that is allowed is 100. \n\nInvalid provider ID. \n\nEPAERR3110 - The provider ID exists. \n\nEPAERR3111 - The 'reason' entered is too long. The maximum characters that is allowed is 2000.",
            "schema": {
              "$ref": "#/definitions/DefaultErrorModel"
            }
          },
          "500": {
            "description": "An internal server error occurred. Contact your administrator for more information.",
            "schema": {
              "$ref": "#/definitions/DefaultErrorModel"
            }
          },
          "default": {
            "description": "An unexpected error occurred. Check the error message for further information.",
            "schema": {
              "$ref": "#/definitions/DefaultErrorModel"
            }
          }
        }
      },
      "put": {
        "tags": [
          "Provider"
        ],
        "summary": "Update a provider in Merative Integrated Care.",
        "description": "Updates a provider’s name, description, email, and URL details where a matching record is found when the external system initiates a transfer of valid data to Merative Integrated Care. Merative Integrated Care identifies the record to update based on the ID that the external system provides in the path and the body.\n \n    cURL\n    \n    curl -X POST \"https://host:port/Rest/v1/epa/provider\" -H  \"accept: application/json\" -H  \"Content-Type: application/json\" -d \" { \"messageID\" : \"123\",  \"id\" : \"extProviderESR1\", \"name\": \"ext provder1 name\", \"description\": \"ext provder1 desc\", \"email\": \"extprovider1@example.com\", \"url\": \"http://www.extprovider1.com\"}  \"     \n  \n      \n    \n    JAVA\n\n    HttpResponse response = Unirest.post(\"https://host:port/Rest/v1/epa/provider\")\n\n        .header(\"accept\", \"application/json\")\n\n       .header(\"Content-Type\", \"application/json\")\n\n    .body(\"  { \"messageID\" : \"123\",  \"id\" : \"extProviderESR1\", \"name\": \"ext provder1 name\", \"description\": \"ext provder1 desc\", \"email\": \"extprovider1@example.com\", \"url\": \"http://www.extprovider1.com\"}  \")     \n\n        .asString();",
        "operationId": "updateProvider",
        "consumes": [
          "application/json"
        ],
        "produces": [
          "application/json"
        ],
        "parameters": [
          {
            "in": "body",
            "name": "body",
            "description": "<b>The request body in the JSON format.</b>",
            "required": true,
            "schema": {
              "$ref": "#/definitions/ModifiedProviderInfo"
            }
          }
        ],
        "responses": {
          "200": {
            "description": "The put request was successful.",
            "schema": {
              "$ref": "#/definitions/UpdateProviderResponse"
            }
          },
          "400": {
            "description": "The data request is invalid. Check the error message for further information and resend the request with the corrected data. \n\nThe following list outlines the possible error messages:\n\nEPAERR3101 - It is mandatory to specify 'name'.  \n\nEPAERR3102 - The 'name' entered is too small. The minimum characters that is allowed is 3. \n\nEPAERR3103 - The 'name' entered is too long. The maximum characters that is allowed is 100. \n\nEPAERR3104 - It is mandatory to specify 'description'. \n\nEPAERR3105 - The 'description' entered is too small. The minimum characters that is allowed is 3. \n\nEPAERR3106 - The 'description' entered is too long. The maximum characters that is allowed is 2000. \n\nEPAERR3107 - The 'source' entered is too long. The maximum characters that is allowed is 100. \n\nEPAERR3108 - The 'originalSource' entered is too long. The maximum characters that is allowed is 100. \n\nInvalid provider ID. \n\nEPAERR3110 - The provider ID exists. \n\nEPAERR3111 - The 'reason' entered is too long. The maximum characters that is allowed is 2000.",
            "schema": {
              "$ref": "#/definitions/DefaultErrorModel"
            }
          },
          "500": {
            "description": "An internal server error occurred. Contact your administrator for more information.",
            "schema": {
              "$ref": "#/definitions/DefaultErrorModel"
            }
          },
          "default": {
            "description": "An unexpected error occurred. Check the error message for further information.",
            "schema": {
              "$ref": "#/definitions/DefaultErrorModel"
            }
          }
        }
      }
    },
    "/v1/epa/provider/close": {
      "post": {
        "tags": [
          "Provider"
        ],
        "summary": "Close a provider in Merative Integrated Care.",
        "description": "Closes an externally managed provider record in Merative Integrated Care. Care team members do not see closed providers when they search for providers or services in Merative Integrated Care. \n \n    cURL\n    \n    curl -X POST \"https://host:port/Rest/v1/epa/provider/close\" -H  \"accept: application/json\" -H  \"Content-Type: application/json\" -d \" { \"messageID\" : \"123\", \"id\" : \"extProviderESR1\", \"end_date\" : \"2021-04-09\", \"reason\" : \"some reason\" }  \"     \n  \n      \n    \n    JAVA\n\n    HttpResponse response = Unirest.post(\"https://host:port/Rest/v1/epa/provider/close\")\n\n        .header(\"accept\", \"application/json\")\n\n       .header(\"Content-Type\", \"application/json\")\n\n    .body(\" { \"messageID\" : \"123\", \"id\" : \"extProviderESR1\", \"end_date\" : \"2021-04-09\", \"reason\" : \"some reason\" }   \")     \n\n        .asString();",
        "operationId": "closeProvider",
        "consumes": [
          "application/json"
        ],
        "produces": [
          "application/json"
        ],
        "parameters": [
          {
            "name": "providerID",
            "in": "body",
            "description": "<b>The JSON object that contains the reference ID of a provider.</b>.",
            "required": true,
            "schema": {
              "$ref": "#/definitions/DeleteProvider"
            }
          }
        ],
        "responses": {
          "200": {
            "description": "The post request was successful.",
            "schema": {
              "type": "array",
              "items": {
                "$ref": "#/definitions/ActionCountResponse"
              }
            }
          },
          "400": {
            "description": "The data request is invalid. Check the error message for further information and resend the request with the corrected data. \n\nThe following list outlines the possible error messages:\n\nEPAERR3111 - The 'reason' entered is too long. The maximum characters that is allowed is 2000.\n\nIn order to close the 'provider', all active and suspended care team user accounts associated with the 'provider' must be closed.",
            "schema": {
              "$ref": "#/definitions/DefaultErrorModel"
            }
          },
          "500": {
            "description": "An internal server error occurred. Contact your administrator for more information.",
            "schema": {
              "$ref": "#/definitions/DefaultErrorModel"
            }
          },
          "default": {
            "description": "An unexpected error occurred. Check the error message for further information.",
            "schema": {
              "$ref": "#/definitions/DefaultErrorModel"
            }
          }
        }
      }
    }
  },
  "definitions": {
    "NewProviderInfo": {
      "type": "object",
      "properties": {
        "messageID": {
          "type": "integer",
          "format": "int64",
          "example": "1552641913250",
          "description": "The internal record ID for a provider. The field is mandatory."
        },
        "id": {
          "type": "string",
          "example": "extProviderESR1",
          "description": "The unique identifier of a provider. The field is mandatory.",
          "minLength": 0,
          "maxLength": 20
        },
        "name": {
          "$ref": "#/definitions/NewProviderName"
        },
        "description": {
          "type": "string",
          "example": "ext provider description",
          "description": "The provider description. The field is mandatory.",
          "minLength": 3,
          "maxLength": 2000
        },
        "email": {
          "type": "string",
          "example": "extProvider1@example.com",
          "description": "The email ID of the provider member. The field is optional.",
          "minLength": 0,
          "maxLength": 100
        },
        "url": {
          "type": "string",
          "example": "http://www.extprovider1.com",
          "description": "The URL for the provider. The field is optional.",
          "minLength": 0,
          "maxLength": 100
        },
        "originalSource": {
          "type": "object",
          "description": "Contains the original source system details. The system and code that corresponds to the original source system of the note. The external system reference of the original source system is http://wcm/originalsourcecode. The field is optional.",
          "$ref": "#/definitions/ExternalProviderSource"
        },
        "source": {
          "type": "object",
          "description": "Contains the source details. The system and code that corresponds to the source of the note. The external system reference of the source is http://wcm/sourcecode. The field is a optional.",
          "$ref": "#/definitions/ExternalProviderSource"
        }
      }
    },
    "ModifiedProviderInfo": {
      "type": "object",
      "properties": {
        "messageID": {
          "type": "integer",
          "format": "int64",
          "example": "1552641913250",
          "description": "The internal record ID for a provider. The field is mandatory."
        },
        "id": {
          "type": "string",
          "example": "extProviderESR1",
          "description": "The unique identifier of a provider. The field is mandatory.",
          "minLength": 0,
          "maxLength": 20
        },
        "name": {
          "$ref": "#/definitions/ModifiedProviderName"
        },
        "description": {
          "type": "string",
          "example": "ext provider description",
          "description": "The provider description. The field is mandatory.",
          "minLength": 3,
          "maxLength": 2000
        },
        "email": {
          "type": "string",
          "example": "extProvider1@example.com",
          "description": "The email ID of the provider member. The field is optional.",
          "minLength": 0,
          "maxLength": 100
        },
        "url": {
          "type": "string",
          "example": "http://www.extprovider1.com",
          "description": "The URL for the provider. The field is optional.",
          "minLength": 0,
          "maxLength": 100
        }
      }
    },
    "NewProviderName": {
      "type": "string",
      "example": "ext provder1 name",
      "description": "The name of the provider. The field is mandatory.",
      "minLength": 3,
      "maxLength": 100
    },
    "ModifiedProviderName": {
      "type": "string",
      "example": "ext provder name updated",
      "description": "The name of the provider. The field is mandatory.",
      "minLength": 3,
      "maxLength": 100
    },
    "ExternalProviderSource": {
      "type": "object",
      "properties": {
        "text": {
          "type": "string",
          "example": "Acme Systems",
          "description": "The source details.",
          "maxLength": 100
        },
        "coding": {
          "$ref": "#/definitions/SourceCoding"
        }
      }
    },
    "UpdateProviderResponse": {
      "type": "object",
      "properties": {
        "message": {
          "type": "string",
          "example": "OK",
          "description": "The response message from the API."
        },
        "entries": {
          "type": "array",
          "description": "The list of providers.",
          "uniqueItems": true,
          "items": {
            "$ref": "#/definitions/ModifiedProviderInfo"
          }
        }
      }
    },
    "DeleteProvider": {
      "type": "object",
      "properties": {
        "messageID": {
          "type": "integer",
          "format": "int64",
          "example": "1552641913250",
          "description": "The internal record ID for a provider. This field is mandatory."
        },
        "id": {
          "type": "string",
          "example": "extProviderESR1",
          "description": "The unique identifier of a provider. The field is mandatory.",
          "minLength": 0,
          "maxLength": 20
        },
        "end_date": {
          "type": "string",
          "format": "date",
          "example": "2021-04-09",
          "minLength": 0,
          "description": "The end date of the provider. The field is optional."
        },
        "reason": {
          "type": "string",
          "example": "No longer needed.",
          "description": "The reason to delete the provider details. The field is optional.",
          "minLength": 0,
          "maxLength": 2000
        }
      }
    },
    "SourceCoding": {
      "type": "object",
      "properties": {
        "system": {
          "type": "string",
          "example": "http://wcm/originalsource",
          "description": "The FHIR system details.",
          "maxLength": 100
        },
        "code": {
          "type": "string",
          "example": "ExtSS466001",
          "description": "The FHIR code reference details.",
          "maxLength": 100
        }
      }
    },
    "GenericResponse": {
      "type": "object",
      "properties": {
        "message": {
          "type": "string",
          "example": "OK",
          "description": "The response message from the API."
        }
      }
    },
    "ActionCountResponse": {
      "type": "object",
      "properties": {
        "successCount": {
          "type": "integer",
          "format": "int32",
          "example": "8",
          "description": "The success count."
        },
        "failureCount": {
          "type": "integer",
          "format": "int32",
          "example": "2",
          "description": "The failure count."
        },
        "totalCount": {
          "type": "integer",
          "format": "int32",
          "example": "10",
          "description": "The total number of entries."
        }
      }
    },
    "DefaultErrorModel": {
      "type": "object",
      "properties": {
        "Error": {
          "type": "array",
          "items": {
            "$ref": "#/definitions/Error"
          }
        }
      }
    },
    "Error": {
      "type": "object",
      "properties": {
        "code": {
          "type": "integer",
          "format": "int32",
          "description": "A machine-readable code that identifies the problem. The code does not vary with the Accept-Language setting."
        },
        "message": {
          "type": "string",
          "description": "A human-readable message. The message text is localized based on the Accept-Language setting of the request. The contents of the message text can change over time."
        },
        "level": {
          "type": "string",
          "description": "The level of the error."
        }
      },
      "required": [
        "code",
        "message",
        "level"
      ]
    }
  }
}
