{
  "swagger": "2.0",
  "info": {
    "description": "By using the protected APIs that follow, you can create, update, close, or reopen provider service offering records in Merative Integrated Care so that Merative Integrated Care accurately reflects the external system data. When a service is created, an external identifier is provided as part of the API. The identifier is then used to identify the service whose records require updating, closing, or reopening. The provider’s external identifier must also be included to identify the provider service record to create, update, close, or reopen. For example, an external registry can send newly offered services for providers to Merative Integrated Care. By default, the services are set to active and are then available for care team members to access and to add to individuals’ plans. The service offerings that the API creates are read-only in the Merative Integrated Care Tenant Administration application.\n\nAs part of the API, the service and category attributes are added to the service library in the Tenant Admin as service list page entries and category list page entries (if they do not already exist). Service and category names must be unique. Languages must adhere to ISO-639-2 standards in accordance with the Open Referral HSDA standard.",
    "version": "1.0",
    "title": "(External Provider) Service API",
    "contact": {
      "name": "you@your-company.com"
    }
  },
  "host": "host",
  "basePath": "/Rest",
  "schemes": [
    "http",
    "https"
  ],
  "paths": {
    "/v1/epa/service": {
      "post": {
        "tags": [
          "Service"
        ],
        "summary": "Create service offering records for an externally registered provider in Merative Integrated Care.",
        "description": "Creates service offering records for a provider based on an update in the external system that initiates a transfer of valid data to Merative Integrated Care. Merative Integrated Care identifies the record to update based on the provider ID that the external system provides in the path and the body. Service offerings that are created by using the API are set to active by default and are immediately available to care team members to search for and add to a client’s plans. The taxonomies and services that are created by using the API are also mapped to the Merative Integrated Care Tenant Admin Services library to create services and categories records (if they do not already exist). \n \n    cURL\n    \n    curl -X POST \"https://host:port/Rest/v1/epa/service\" -H  \"accept: application/json\" -H  \"Content-Type: application/json\" -d \" { \"messageID\" : \"123\", \"id\" : \"extServiceESR1\", \"organization_id\": \"extProvider466000\", \"name\": \"ext service1 name\", \"description\": \"ext service1 desc\", \"status\": \"active\", \"fees\": \"21\", \"taxonomys\": [{ \"id\": \"extCategoryESR1\", \"term\": \"ext category1 name\" }, { \"id\": \"extCategoryESR2\", \"term\": \"ext category2 name\" }], \"languages\": [{ \"id\": \"extLangESR1\", \"language\": \"en\" }, { \"id\": \"extLangESR2\", \"language\": \"kn\" }, { \"id\": \"extLangESR3\", \"language\": \"es\" }, { \"id\": \"extLangESR4\", \"language\": \"sa\" }], \"source\": { \"coding\": [{  \"system\": \"http://wcm/source\", \"code\": \"ExtSS466000\" }], \"text\": \"Acme Systems\" },\"originalSource\": { \"coding\": [{ \"system\": \"http://wcm/originalsource\", \"code\": \"ExtSS466001\" }], \"text\": \"Acme Systems\" }}  \"     \n  \n      \n    \n    JAVA\n\n    HttpResponse response = Unirest.post(\"https://host:port/Rest/v1/epa/service\")\n\n        .header(\"accept\", \"application/json\")\n\n       .header(\"Content-Type\", \"application/json\")\n\n    .body(\"  { \"messageID\" : \"123\", \"id\" : \"extServiceESR1\", \"organization_id\": \"extProvider466000\", \"name\": \"ext service1 name\", \"description\": \"ext service1 desc\", \"status\": \"active\", \"fees\": \"21\", \"taxonomys\": [{ \"id\": \"extCategoryESR1\", \"term\": \"ext category1 name\" }, { \"id\": \"extCategoryESR2\", \"term\": \"ext category2 name\" }], \"languages\": [{ \"id\": \"extLangESR1\", \"language\": \"en\" }, { \"id\": \"extLangESR2\", \"language\": \"kn\" }, { \"id\": \"extLangESR3\", \"language\": \"es\" }, { \"id\": \"extLangESR4\", \"language\": \"sa\" }], \"source\": { \"coding\": [{  \"system\": \"http://wcm/source\", \"code\": \"ExtSS466000\" }], \"text\": \"Acme Systems\" },\"originalSource\": { \"coding\": [{ \"system\": \"http://wcm/originalsource\", \"code\": \"ExtSS466001\" }], \"text\": \"Acme Systems\" }}  \")     \n\n        .asString();",
        "operationId": "createService",
        "consumes": [
          "application/json"
        ],
        "produces": [
          "application/json"
        ],
        "parameters": [
          {
            "in": "body",
            "name": "body",
            "description": "<b>Request body in the JSON format.</b>",
            "required": true,
            "schema": {
              "$ref": "#/definitions/NewServiceInfo"
            }
          }
        ],
        "responses": {
          "201": {
            "description": "The post request was successful.",
            "headers": {
              "Location": {
                "type": "string",
                "description": "The location of the new resource."
              }
            }
          },
          "400": {
            "description": "The data request is invalid. Check the error message for further information and resend the request with the corrected data. \n\nThe following list outlines the possible error messages:\n\nEPAERR3201 - It is mandatory to specify 'name'. \n\nEPAERR3202 - The 'name' entered is too small. The minimum characters that is allowed is 3. \n\nEPAERR3203 - The 'name' entered is too long. The maximum characters that is allowed is 100. \n\nEPAERR3204 - It is mandatory to specify 'status'. \n\nEPAERR3205 - The 'status' entered is too long. The maximum characters that is allowed is 20. \n\nEPAERR3206 - The 'description' entered is too long. The maximum characters that is allowed is 2000. \n\nEPAERR3207 - The 'source' entered is too long. The maximum characters that is allowed is 100. \n\nEPAERR3208 - The 'originalSource' entered is too long. The maximum characters that is allowed is 100. \n\nEPAERR3209 - The service ID is invalid. \n\nEPAERR3210 - The service ID exists. \n\nEPAERR3211 - The service ID is already associated with the provider ID. \n\nEPAERR3212 - The 'reason' entered is too long. The maximum characters that is allowed is 2000.",
            "schema": {
              "$ref": "#/definitions/DefaultErrorModel"
            }
          },
          "500": {
            "description": "An internal server error occurred. Contact your administrator for more information.",
            "schema": {
              "$ref": "#/definitions/DefaultErrorModel"
            }
          },
          "default": {
            "description": "An unexpected error occurred. Check the error message for further information.",
            "schema": {
              "$ref": "#/definitions/DefaultErrorModel"
            }
          }
        }
      },
      "put": {
        "tags": [
          "Service"
        ],
        "summary": "Update a provider's service offering record in Merative Integrated Care.",
        "description": "Updates the details of a service offering, that is, the name, description, status, fees, taxonomy, and languages where a matching record is found when the external system initiates a transfer of valid data to Merative Integrated Care. Merative Integrated Care identifies the record to update based on the provider ID and service ID that the external system provides in the path and the body. \n \n    cURL\n    \n    curl -X POST \"https://host:port/Rest/v1/epa/service\" -H  \"accept: application/json\" -H  \"Content-Type: application/json\" -d \" { \"messageID\" : \"123\", \"id\" : \"extServiceESR1\", \"organization_id\": \"extProvider466000\", \"name\": \"ext service1 name\", \"description\": \"ext service1 desc\", \"status\": \"active\", \"fees\": \"21\", \"taxonomys\": [{ \"id\": \"extCategoryESR1\", \"term\": \"ext category1 name\" }, { \"id\": \"extCategoryESR2\", \"term\": \"ext category2 name\" }], \"languages\": [{ \"id\": \"extLangESR1\", \"language\": \"en\" }, { \"id\": \"extLangESR2\", \"language\": \"kn\" }, { \"id\": \"extLangESR3\", \"language\": \"es\" }, { \"id\": \"extLangESR4\", \"language\": \"sa\" }]}  \"     \n  \n      \n    \n    JAVA\n\n    HttpResponse response = Unirest.post(\"https://host:port/Rest/v1/epa/service\")\n\n        .header(\"accept\", \"application/json\")\n\n       .header(\"Content-Type\", \"application/json\")\n\n    .body(\"  { \"messageID\" : \"123\", \"id\" : \"extServiceESR1\", \"organization_id\": \"extProvider466000\", \"name\": \"ext service1 name\", \"description\": \"ext service1 desc\", \"status\": \"active\", \"fees\": \"21\", \"taxonomys\": [{ \"id\": \"extCategoryESR1\", \"term\": \"ext category1 name\" }, { \"id\": \"extCategoryESR2\", \"term\": \"ext category2 name\" }], \"languages\": [{ \"id\": \"extLangESR1\", \"language\": \"en\" }, { \"id\": \"extLangESR2\", \"language\": \"kn\" }, { \"id\": \"extLangESR3\", \"language\": \"es\" }, { \"id\": \"extLangESR4\", \"language\": \"sa\" }]}  \")     \n\n        .asString();",
        "operationId": "updateService",
        "consumes": [
          "application/json"
        ],
        "produces": [
          "application/json"
        ],
        "parameters": [
          {
            "in": "body",
            "name": "body",
            "description": "<b>Request body in the JSON format.</b>",
            "required": true,
            "schema": {
              "$ref": "#/definitions/ModifiedServiceInfo"
            }
          }
        ],
        "responses": {
          "200": {
            "description": "The put request was successful.",
            "schema": {
              "$ref": "#/definitions/UpdateServiceResponse"
            }
          },
          "400": {
            "description": "The data request is invalid. Check the error message for further information and resend the request with the corrected data. \n\nThe following list outlines the possible error messages: \n\nEPAERR3201 - It is mandatory to specify 'name'. \n\nEPAERR3202 - The 'name' entered is too small. The minimum characters that is allowed is 3. \n\nEPAERR3203 - The 'name' entered is too long. The maximum characters that is allowed is 100. \n\nEPAERR3204 - It is mandatory to specify 'status'. \n\nEPAERR3205 - The 'status' entered is too long. The maximum characters that is allowed is 20. \n\nEPAERR3206 - The 'description' entered is too long. The maximum characters that is allowed is 2000. \n\nEPAERR3207 - The 'source' entered is too long. The maximum characters that is allowed is 100. \n\nEPAERR3208 - The 'originalSource' entered is too long. The maximum characters that is allowed is 100. \n\nEPAERR3209 - The service ID is invalid. \n\nEPAERR3210 - The service ID exists. \n\nEPAERR3211 - The service ID is already associated with the provider ID. \n\nEPAERR3212 - The 'reason' entered is too long. The maximum characters that is allowed is 2000.",
            "schema": {
              "$ref": "#/definitions/DefaultErrorModel"
            }
          },
          "500": {
            "description": "An internal server error occurred. Contact your administrator for more information.",
            "schema": {
              "$ref": "#/definitions/DefaultErrorModel"
            }
          },
          "default": {
            "description": "An unexpected error occurred. Check the error message for further information.",
            "schema": {
              "$ref": "#/definitions/DefaultErrorModel"
            }
          }
        }
      }
    },
    "/v1/epa/service/close": {
      "post": {
        "tags": [
          "Service"
        ],
        "summary": "Close a service offering for a provider in Merative Integrated Care.",
        "description": "Closes an externally managed service offering record for a provider in Merative Integrated Care. Merative Integrated Care identifies the record to update based on the provider ID and service ID that the external system provides in the path and the body. Care team members do not see the closed service offering when they search for providers or services in Merative Integrated Care.\n \n    cURL\n    \n    curl -X POST \"https://host:port/Rest/v1/epa/service/close\" -H  \"accept: application/json\" -H  \"Content-Type: application/json\" -d \" { \"messageID\" : \"123\", \"id\" : \"extServiceESR1\", \"organization_id\": \"extProvider466000\", \"end_date\": \"2021-04-09\", \"reason\" : \"reason to close\" }  \"     \n  \n      \n    \n    JAVA\n\n    HttpResponse response = Unirest.post(\"https://host:port/Rest/v1/epa/service/close\")\n\n        .header(\"accept\", \"application/json\")\n\n       .header(\"Content-Type\", \"application/json\")\n\n    .body(\" { \"messageID\" : \"123\", \"id\" : \"extServiceESR1\", \"organization_id\": \"extProvider466000\", \"end_date\": \"2021-04-09\", \"reason\" : \"reason to close\" }  \")     \n\n        .asString();",
        "operationId": "closeService",
        "consumes": [
          "application/json"
        ],
        "produces": [
          "application/json"
        ],
        "parameters": [
          {
            "name": "serviceID",
            "in": "body",
            "description": "<b>JSON object containing the reference id of a service.</b>.",
            "required": true,
            "schema": {
              "$ref": "#/definitions/DeleteService"
            }
          }
        ],
        "responses": {
          "200": {
            "description": "The post operation was successful.",
            "schema": {
              "type": "array",
              "items": {
                "$ref": "#/definitions/ActionCountResponse"
              }
            }
          },
          "400": {
            "description": "The data request is invalid. Check the error message for further information and resend the request with the corrected data. A possible error message is EPAERR3212 - The 'reason' entered is too long. The maximum characters that is allowed is 2000.",
            "schema": {
              "$ref": "#/definitions/DefaultErrorModel"
            }
          },
          "500": {
            "description": "An internal server error occurred. Contact your administrator for more information.",
            "schema": {
              "$ref": "#/definitions/DefaultErrorModel"
            }
          },
          "default": {
            "description": "An unexpected error occurred. Check the error message for further information.",
            "schema": {
              "$ref": "#/definitions/DefaultErrorModel"
            }
          }
        }
      }
    },
    "/v1/epa/service/open": {
      "post": {
        "tags": [
          "Service"
        ],
        "summary": "Reopen a service offering for a provider in Merative Integrated Care.",
        "description": "Reopens an externally managed service offering record for a provider in Merative Integrated Care. Merative Integrated Care identifies the record to reopen based on the provider ID and service ID that the external system provides in the path and the body. \n \n    cURL\n    \n    curl -X POST \"https://host:port/Rest/v1/epa/service/open\" -H  \"accept: application/json\" -H  \"Content-Type: application/json\" -d \" { \"messageID\" : \"123\", \"id\" : \"extServiceESR1\", \"organization_id\": \"extProvider466000\", \"reason\" : \"reason to open\" }  \"     \n  \n      \n    \n    JAVA\n\n    HttpResponse response = Unirest.post(\"https://host:port/Rest/v1/epa/service/open\")\n\n        .header(\"accept\", \"application/json\")\n\n       .header(\"Content-Type\", \"application/json\")\n\n    .body(\" { \"messageID\" : \"123\", \"id\" : \"extServiceESR1\", \"organization_id\": \"extProvider466000\", \"reason\" : \"reason to open\" }  \")     \n\n        .asString();",
        "operationId": "openService",
        "consumes": [
          "application/json"
        ],
        "produces": [
          "application/json"
        ],
        "parameters": [
          {
            "name": "serviceID",
            "in": "body",
            "description": "<b>JSON object containing the reference id of a service.</b>.",
            "required": true,
            "schema": {
              "$ref": "#/definitions/OpenService"
            }
          }
        ],
        "responses": {
          "200": {
            "description": "The post operation was successful.",
            "schema": {
              "type": "array",
              "items": {
                "$ref": "#/definitions/ActionCountResponse"
              }
            }
          },
          "400": {
            "description": "The data request is invalid. Check the error message for further information and resend the request with the corrected data. A possible error message is EPAERR3212 - The 'reason' entered is too long. The maximum characters that is allowed is 2000.",
            "schema": {
              "$ref": "#/definitions/DefaultErrorModel"
            }
          },
          "500": {
            "description": "An internal server error occurred. Contact your administrator for more information.",
            "schema": {
              "$ref": "#/definitions/DefaultErrorModel"
            }
          },
          "default": {
            "description": "An unexpected error occurred. Check the error message for further information.",
            "schema": {
              "$ref": "#/definitions/DefaultErrorModel"
            }
          }
        }
      }
    }
  },
  "definitions": {
    "NewServiceInfo": {
      "type": "object",
      "properties": {
        "messageID": {
          "type": "integer",
          "format": "int64",
          "example": "1552641913250",
          "description": "The internal record ID for a service. The field is optional."
        },
        "id": {
          "type": "string",
          "example": "extServiceESR1",
          "description": "The unique identifier of a service. The field is mandatory.",
          "minLength": 0,
          "maxLength": 20
        },
        "organization_id": {
          "type": "string",
          "example": "extService466000",
          "description": "The reference identifier for an organization. The field is mandatory.",
          "minLength": 0,
          "maxLength": 20
        },
        "name": {
          "$ref": "#/definitions/NewServiceName"
        },
        "description": {
          "type": "string",
          "example": "ext service description",
          "description": "The description of the service. The field is optional.",
          "minLength": 0,
          "maxLength": 2000
        },
        "status": {
          "type": "string",
          "example": "Status of the service",
          "description": "The status of the provider. This field is mandatory",
          "minLength": 0,
          "maxLength": 20
        },
        "fees": {
          "type": "string",
          "format": "money",
          "description": "The fee for the service. This field is optional."
        },
        "taxonomys": {
          "type": "array",
          "items": {
            "$ref": "#/definitions/NewTaxonomyList"
          }
        },
        "languages": {
          "type": "array",
          "items": {
            "$ref": "#/definitions/LanguagesList"
          }
        },
        "originalSource": {
          "type": "object",
          "description": "Contains the original source system details. The system and code that\n\n corresponds to the original source system of the note. The external\n\n reference of the original source system is\n\n http://wcm/originalsourcecode. The field is optional.",
          "$ref": "#/definitions/ExternalServiceSource"
        },
        "source": {
          "type": "object",
          "description": "Contains the source details. The system and code that corresponds to the source of the note. The external reference of the original system is http://wcm/sourcecode. The field is mandatory.",
          "$ref": "#/definitions/ExternalServiceSource"
        }
      }
    },
    "ModifiedServiceInfo": {
      "type": "object",
      "properties": {
        "messageID": {
          "type": "integer",
          "format": "int64",
          "example": "1552641913250",
          "description": "The internal record ID for a service. The field is optional."
        },
        "id": {
          "type": "string",
          "example": "extServiceESR1",
          "description": "The unique identifier of a service. The field is mandatory.",
          "minLength": 0,
          "maxLength": 20
        },
        "organization_id": {
          "type": "string",
          "example": "extService466000",
          "description": "The reference identifier for an organization. The field is mandatory.",
          "minLength": 0,
          "maxLength": 20
        },
        "name": {
          "$ref": "#/definitions/ModifiedServiceName"
        },
        "description": {
          "type": "string",
          "example": "ext service description",
          "description": "The description of the service. The field is optional.",
          "minLength": 0,
          "maxLength": 2000
        },
        "status": {
          "type": "string",
          "example": "Status of the service",
          "description": "The status of the provider. The field is mandatory.",
          "minLength": 0,
          "maxLength": 20
        },
        "fees": {
          "type": "string",
          "format": "money",
          "description": "The fee for the service. The field is optional."
        },
        "taxonomys": {
          "type": "array",
          "items": {
            "$ref": "#/definitions/UpdatedTaxonomyList"
          }
        },
        "languages": {
          "type": "array",
          "items": {
            "$ref": "#/definitions/LanguagesList"
          }
        }
      }
    },
    "NewTaxonomyList": {
      "type": "object",
      "properties": {
        "id": {
          "type": "string",
          "example": "extCategoryESR1",
          "description": "The unique identifier of a category.",
          "maxLength": 20
        },
        "term": {
          "type": "string",
          "example": "ext category name ",
          "description": "The name of a service category."
        }
      }
    },
    "UpdatedTaxonomyList": {
      "type": "object",
      "properties": {
        "id": {
          "type": "string",
          "example": "extCategoryESR1",
          "description": "The unique identifier of a category.",
          "maxLength": 20
        },
        "term": {
          "type": "string",
          "example": "ext category name updated",
          "description": "The name of a service category."
        }
      }
    },
    "LanguagesList": {
      "type": "object",
      "properties": {
        "id": {
          "type": "string",
          "example": "extLangESR1",
          "description": "The unique identifier of a category.",
          "maxLength": 20
        },
        "term": {
          "type": "string",
          "example": "en ",
          "description": "The code of the language. The code is case sensitive. It is mandatory that the code is in lower case."
        }
      }
    },
    "NewServiceName": {
      "type": "string",
      "example": "ext service name",
      "description": "The name of the service. The field is mandatory.",
      "minLength": 3,
      "maxLength": 100
    },
    "ModifiedServiceName": {
      "type": "string",
      "example": "ext service name updated",
      "description": "The name of the service. The field is mandatory.",
      "minLength": 3,
      "maxLength": 100
    },
    "ExternalServiceSource": {
      "type": "object",
      "properties": {
        "text": {
          "type": "string",
          "example": "Acme Systems",
          "description": "The source details.",
          "maxLength": 100
        },
        "coding": {
          "$ref": "#/definitions/SourceCoding"
        }
      }
    },
    "UpdateServiceResponse": {
      "type": "object",
      "properties": {
        "message": {
          "type": "string",
          "example": "OK",
          "description": "The response message from the API."
        },
        "entries": {
          "type": "array",
          "description": "The list of services.",
          "uniqueItems": true,
          "items": {
            "$ref": "#/definitions/ModifiedServiceInfo"
          }
        }
      }
    },
    "DeleteService": {
      "type": "object",
      "properties": {
        "messageID": {
          "type": "integer",
          "format": "int64",
          "example": "1552641913250",
          "description": "The internal record ID for a service. The field is optional."
        },
        "id": {
          "type": "string",
          "example": "extServiceESR1",
          "description": "The unique identifier of a service. The field is mandatory.",
          "minLength": 0,
          "maxLength": 20
        },
        "organization_id": {
          "type": "string",
          "example": "extService466000",
          "description": "The reference identifier for an organization. The field is mandatory.",
          "minLength": 0,
          "maxLength": 20
        },
        "end_date": {
          "type": "string",
          "format": "date",
          "example": "2021-04-09",
          "description": "The end date of the service. The field is optional."
        },
        "reason": {
          "type": "string",
          "example": "No longer needed.",
          "description": "The reason to delete the service details. The field is optional.",
          "minLength": 0,
          "maxLength": 2000
        }
      }
    },
    "OpenService": {
      "type": "object",
      "properties": {
        "messageID": {
          "type": "integer",
          "format": "int64",
          "example": "1552641913250",
          "description": "The internal record ID for a service. The field is optional."
        },
        "id": {
          "type": "string",
          "example": "extServiceESR1",
          "description": "The unique identifier of a service. This field is mandatory.",
          "minLength": 0,
          "maxLength": 20
        },
        "organization_id": {
          "type": "string",
          "example": "extService466000",
          "description": "The reference identifier for the organization. The field is mandatory.",
          "minLength": 0,
          "maxLength": 20
        },
        "reason": {
          "type": "string",
          "example": "Closed by mistake.",
          "description": "The reason to open the service details. The field is optional.",
          "minLength": 0,
          "maxLength": 2000
        }
      }
    },
    "SourceCoding": {
      "type": "object",
      "properties": {
        "system": {
          "type": "string",
          "example": "http://wcm/originalsource",
          "description": "The FHIR system details.",
          "maxLength": 100
        },
        "code": {
          "type": "string",
          "example": "ExtSS466001",
          "description": "The FHIR code reference details.",
          "maxLength": 100
        }
      }
    },
    "GenericResponse": {
      "type": "object",
      "properties": {
        "message": {
          "type": "string",
          "example": "OK",
          "description": "The response message from the API."
        }
      }
    },
    "ActionCountResponse": {
      "type": "object",
      "properties": {
        "successCount": {
          "type": "integer",
          "format": "int32",
          "example": "8",
          "description": "The success count."
        },
        "failureCount": {
          "type": "integer",
          "format": "int32",
          "example": "2",
          "description": "The failure count."
        },
        "totalCount": {
          "type": "integer",
          "format": "int32",
          "example": "10",
          "description": "The total number of entries."
        }
      }
    },
    "DefaultErrorModel": {
      "type": "object",
      "properties": {
        "Error": {
          "type": "array",
          "items": {
            "$ref": "#/definitions/Error"
          }
        }
      }
    },
    "Error": {
      "type": "object",
      "properties": {
        "code": {
          "type": "integer",
          "format": "int32",
          "description": "A machine-readable code that identifies the problem. This code does not vary with the Accept-Language setting."
        },
        "message": {
          "type": "string",
          "description": "A human-readable message. This message text is localized based on the Accept-Language setting of the request. The contents of this message text can change over time."
        },
        "level": {
          "type": "string",
          "description": "The level of the error."
        }
      },
      "required": [
        "code",
        "message",
        "level"
      ]
    }
  }
}
