{
    "swagger": "2.0",
    "info": {
      "description": "By using the protected APIs that follow, you can create and update alert notifications for the care team when specific information that could influence care management is recorded for a client in the external system. For example, a care team member might be alerted in Merative Integrated Care when a client is arrested and charges are entered in the external system.",
      "version": "v1",
      "title": "Alerts API"
    },
    "host": "host",
    "basePath": "/Rest",
    "schemes": [
      "https"
    ],
    "produces": [
      "application/json"
    ],
    "consumes": [
      "application/json"
    ],
    "paths": {
      "/v1/ees/flags": {
        "post": {
          "tags": [
            "Create an alert."
          ],
          "summary": "Create alerts for a client who is registered in Merative Integrated Care.",
          "description": "Create a client alert based on an event in the external system that initiates a transfer of valid data to Merative Integrated Care.\n\n Example request\n \n    cURL\n    \n    curl -X POST \"https://host:port/Rest/v1/ees/flags\" -H  \"accept: application/json\" -H  \"X-WCM-TENANT-ID: Tenant ID\" -H  \"X-WCM-TENANT-INSTANCE: Tenant Instance\" -H  \"Referer: curam://foundational.app\" -H  \"Authorization: access_token\" -H  \"X-GRANT-TYPE: client_credentials\" -H  \"Content-Type: application/json\" -d \"{\"resourceType\": \"Flag\",  \"id\": \"12345679\", \"source\": { \"coding\": [{  \"system\": \"http://wcm/source\",  \"code\": \"T123\" }], \"text\": \"Source\" }, } \"originalSource\": { \"coding\": [ { \"system\": \"http://wcm/originalsource\", \"code\": \"wcm123\" } ], \"text\": \"OriginalSource\" }, } \"identifier\": [{ \"value\": \"1198\", \"type\": { \"text\": \"CourtSystem\" } } }], }] \"status\": \"active\",  \"category\": { \"coding\": [{ \"system\": \"http://wcm/alerttype\", \"code\": \"BP123\"  }],  \"text\": \"Arrested\"  },  } \"code\": { \"text\": \"Individual has been arrested by County updated\" }, } } \"subject\": { \"reference\": \"Patient/identifier=Passport & Driving licence, identifierValue=P123\" }, } \"priority\": \"critical\", \"notifyRole\": { \"coding\": [{ \"system\": \"http://wcm/careteamroles\", \"code\": \"CM123\" }]  }]   }  }]    }  }]    } }]    }  }]    }}\")\n      \n    \n    JAVA\n\n    HttpResponse response = Unirest.post(\"https://host:port/Rest/v1/ees/flags\")\n\n        .header(\"accept\", \"application/json\")\n\n        .header(\"Authorization\", \"access_token\")\n\n        .header(\"X-GRANT-TYPE\", \"client_credentials\")\n\n        .header(\"X-WCM-TENANT-INSTANCE\", \"Tenant Instance\")\n\n     .header(\"X-WCM-TENANT-ID\", \"Tenant ID\")\n\n        .header(\"Referer\", \"curam://foundational.app\")\n\n        .header(\"Content-Type\", \"application/json\")\n\n        .body(\" {\"resourceType\": \"Flag\",  \"id\": \"12345679\", \"source\": { \"coding\": [{  \"system\": \"http://wcm/source\",  \"code\": \"T123\" }], \"text\": \"Source\" }, } \"originalSource\": { \"coding\": [ { \"system\": \"http://wcm/originalsource\", \"code\": \"wcm123\" } ], \"text\": \"OriginalSource\" }, } \"identifier\": [{ \"value\": \"1198\", \"type\": { \"text\": \"CourtSystem\" } } }], }] \"status\": \"active\",  \"category\": { \"coding\": [{ \"system\": \"http://wcm/alerttype\", \"code\": \"BP123\"  }],  \"text\": \"Arrested\"  },  } \"code\": { \"text\": \"Individual has been arrested by County updated\" }, } } \"subject\": { \"reference\": \"Patient/identifier=Passport & Driving licence, identifierValue=P123\" }, } \"priority\": \"critical\", \"notifyRole\": { \"coding\": [{ \"system\": \"http://wcm/careteamroles\", \"code\": \"CM123\" }]  }]   }  }]    }  }]    } }]    }  }]    }}\")\n        .asString();",
          "parameters": [
            {
              "in": "header",
              "name": "Referer",
              "type": "string",
              "enum": [
                "curam://foundational.app"
              ],
              "required": true
            },
            {
              "in": "header",
              "name": "X-WCM-TENANT-ID",
              "type": "string",
              "enum": [
                "The tenant ID."
              ],
              "required": true
            },
            {
              "in": "header",
              "name": "X-WCM-TENANT-INSTANCE",
              "type": "string",
              "enum": [
                "The tenant instance."
              ],
              "required": true
            },
            {
              "in": "header",
              "name": "Authorization",
              "type": "string",
              "enum": [
                "The Access Token."
              ],
              "required": true
            },
            {
              "in": "header",
              "name": "X-GRANT-TYPE",
              "type": "string",
              "enum": [
                "client_credentials"
              ],
              "required": true
            },
            {
              "name": "body",
              "in": "body",
              "description": "The inbound message that contains the information required to create an alert.",
              "required": true,
              "schema": {
                "$ref": "#/definitions/NewAlertEntry"
              }
            }
          ],
          "responses": {
            "201": {
              "description": "The post request was successful.",
              "headers": {
                "Location": {
                  "type": "string",
                  "description": "The location of the new resource."
                }
              }
            },
            "400": {
              "description": "The data request is invalid. Check the error message for further information and resend the request with the corrected data.\n\nThe possible error codes are - \n\nEESERR420 - It is mandatory to specify 'priority'.\n\nEESERR421 - It is mandatory to specify 'source'.\n\nEESERR422 - It is mandatory to specify 'status'.  \n\nEESERR423 - It is mandatory to specify 'category'.  \n\nEESERR424 - It is mandatory to specify 'code'.  \n\nEESERR425 - Invalid 'status' entered. \n\nEESERR426- Invalid 'system' entered for 'category'.\n\nEESERR427 - Invalid 'system' entered for 'notifyRole'.\n\nEESERR428 - Invalid 'priority' entered. \n\nEESERR429 - Invalid 'code' entered for 'category'.EESERR430 - Invalid 'code' entered for 'notiyfyRole'.\n\nEESERR431- The note for this alert has a status of 'Canceled'. A comment must not be added to a 'Canceled' note. \n\nEESERR432 - The 'text' entered for 'code' is too long, maximum allowed characters is 2000. \n\nEESERR433 - Alerts created by Merative Integrated Care users can not be updated by external system API.   \n\nEESERR434 - Attributes of an alert with Inactive status can not be updated except 'text' associated with 'code'. \n\nEESERR435 - Invalid 'resourceType' entered. \n\nEESERR436 - Mismatch in category specified at the time of creation and the category specified during update.\n\nEESERR437 - The 'source' entered is too long, maximum allowed is 100. \n\nEESERR438 - The 'originalSource' entered is too long, maximum allowed is 100. \n\nEESERR439 - Invalid 'system' entered for 'source'. \n\nEESERR440 -  Invalid 'code' entered for 'source'. \n\nEESERR441 - It is mandatory to specify 'code' for 'source'. \n\nEESERR442 -  Invalid 'system' entered for 'originalSource'. \n\nEESERR443 - Invalid 'code' entered for 'originalSource'. ",
              "schema": {
                "$ref": "#/definitions/DefaultErrorModel"
              }
            },
            "500": {
              "description": "An internal server error occurred. Contact your administrator for more information.",
              "schema": {
                "$ref": "#/definitions/DefaultErrorModel"
              }
            },
            "default": {
              "description": "An unexpected error occurred. Check the error message for further information.",
              "schema": {
                "$ref": "#/definitions/DefaultErrorModel"
              }
            }
          }
        },
        "put": {
          "tags": [
            "Update an alert."
          ],
          "summary": "Updates alerts for a client who is registered in Merative Integrated Care.",
          "description": "Updates a specific client alert in Merative Integrated Care that matches the record ID sent from an external system. If no matching record is found when the external system initiates a transfer of data to Merative Integrated Care, Merative Integrated Care creates a new alert for the client.\n\n Example request\n \n    cURL\n    \n    curl -X POST \"https://host:port/Rest/v1/ees/flags\" -H  \"X-WCM-TENANT-ID: Tenant ID\" -H  \"X-WCM-TENANT-INSTANCE: Tenant Instance\" -H  \"accept: application/json\" -H  \"Referer: curam://foundational.app\" -H  \"Authorization: access_token\" -H  \"X-GRANT-TYPE: client_credentials\" -H  \"Content-Type: application/json\" -d \"{\"resourceType\": \"Flag\",  \"id\": \"12345679\", \"source\": { \"coding\": [{  \"system\": \"http://wcm/source\",  \"code\": \"T123\" }], \"text\": \"Source\" }, } \"originalSource\": { \"coding\": [ { \"system\": \"http://wcm/originalsource\", \"code\": \"wcm123\" } ], \"text\": \"OriginalSource\" }, } \"identifier\": [{ \"value\": \"1198\", \"type\": { \"text\": \"CourtSystem\" } } }], }] \"status\": \"active\",  \"category\": { \"coding\": [{ \"system\": \"http://wcm/alerttype\", \"code\": \"BP123\"  }],  \"text\": \"Arrested\"  },  } \"code\": { \"text\": \"Individual has been arrested by County updated\" }, } } \"subject\": { \"reference\": \"Patient/identifier=Passport & Driving licence, identifierValue=P123\" }, } \"priority\": \"critical\", \"notifyRole\": { \"coding\": [{ \"system\": \"http://wcm/careteamroles\", \"code\": \"CM123\" }]  }]   }  }]    }  }]    } }]    }  }]    }}\")\n      \n    \n    JAVA\n\n    HttpResponse response = Unirest.post(\"https://host:port/Rest/v1/ees/flags\")\n\n        .header(\"accept\", \"application/json\")\n\n        .header(\"Authorization\", \"access_token\")\n\n        .header(\"X-GRANT-TYPE\", \"client_credentials\")\n\n        .header(\"X-WCM-TENANT-INSTANCE\", \"Tenant Instance\")\n\n     .header(\"X-WCM-TENANT-ID\", \"Tenant ID\")\n\n        .header(\"Referer\", \"curam://foundational.app\")\n\n        .header(\"Content-Type\", \"application/json\")\n\n        .body(\" {\"resourceType\": \"Flag\",  \"id\": \"12345679\", \"source\": { \"coding\": [{  \"system\": \"http://wcm/source\",  \"code\": \"T123\" }], \"text\": \"Source\" }, } \"originalSource\": { \"coding\": [ { \"system\": \"http://wcm/originalsource\", \"code\": \"wcm123\" } ], \"text\": \"OriginalSource\" }, } \"identifier\": [{ \"value\": \"1198\", \"type\": { \"text\": \"CourtSystem\" } } }], }] \"status\": \"active\",  \"category\": { \"coding\": [{ \"system\": \"http://wcm/alerttype\", \"code\": \"BP123\"  }],  \"text\": \"Arrested\"  },  } \"code\": { \"text\": \"Individual has been arrested by County updated\" }, } } \"subject\": { \"reference\": \"Patient/identifier=Passport & Driving licence, identifierValue=P123\" }, } \"priority\": \"critical\", \"notifyRole\": { \"coding\": [{ \"system\": \"http://wcm/careteamroles\", \"code\": \"CM123\" }]  }]   }  }]    }  }]    } }]    }  }]    }}\")\n\n        .asString();",
          "parameters": [
            {
              "in": "header",
              "name": "Referer",
              "type": "string",
              "enum": [
                "curam://foundational.app"
              ],
              "required": true
            },
            {
              "in": "header",
              "name": "X-WCM-TENANT-ID",
              "type": "string",
              "enum": [
                "The tenant ID."
              ],
              "required": true
            },
            {
              "in": "header",
              "name": "X-WCM-TENANT-INSTANCE",
              "type": "string",
              "enum": [
                "The tenant instance."
              ],
              "required": true
            },
            {
              "in": "header",
              "name": "Authorization",
              "type": "string",
              "enum": [
                "The Access Token."
              ],
              "required": true
            },
            {
              "in": "header",
              "name": "X-GRANT-TYPE",
              "type": "string",
              "enum": [
                "client_credentials"
              ],
              "required": true
            },
            {
              "name": "body",
              "in": "body",
              "description": "The inbound message that contains the information required to create an alert.",
              "required": true,
              "schema": {
                "$ref": "#/definitions/ModifiedAlertEntry"
              }
            }
          ],
          "responses": {
            "200": {
              "description": "The put request was successful.",
              "schema": {
                "$ref": "#/definitions/ModifiedAlertEntry"
              }
            },
            "400": {
              "description": "The data request is invalid. Check the error message for further information and resend the request with the corrected data.\n\nThe possible error codes are-\n\nEESERR420 - It is mandatory to specify 'priority'.\n\nEESERR421 - It is mandatory to specify 'source'.\n\nEESERR422 - It is mandatory to specify 'status'.  \n\nEESERR423 - It is mandatory to specify 'category'.  \n\nEESERR424 - It is mandatory to specify 'code'.  \n\nEESERR425 - Invalid 'status' entered. \n\nEESERR426- Invalid 'system' entered for 'category'.\n\nEESERR427 - Invalid 'system' entered for 'notifyRole'.\n\nEESERR428 - Invalid 'priority' entered. \n\nEESERR429 - Invalid 'code' entered for 'category'.EESERR430 - Invalid 'code' entered for 'notiyfyRole'.\n\nEESERR431- The note for this alert has a status of 'Canceled'. A comment must not be added to a 'Canceled' note. \n\nEESERR432 - The 'text' entered for 'code' is too long, maximum allowed characters is 2000. \n\nEESERR433 - Alerts created by Merative Integrated Care users can not be updated by external system API.   \n\nEESERR434 - Attributes of an alert with Inactive status can not be updated except 'text' associated with 'code'. \n\nEESERR435 - Invalid 'resourceType' entered. \n\nEESERR436 - Mismatch in category specified at the time of creation and the category specified during update.\n\nEESERR437 - The 'source' entered is too long, maximum allowed is 100. \n\nEESERR438 - The 'originalSource' entered is too long, maximum allowed is 100. \n\nEESERR439 - Invalid 'system' entered for 'source'. \n\nEESERR440 -  Invalid 'code' entered for 'source'. \n\nEESERR441 - It is mandatory to specify 'code' for 'source'. \n\nEESERR442 -  Invalid 'system' entered for 'originalSource'. \n\nEESERR443 - Invalid 'code' entered for 'originalSource'. ",
              "schema": {
                "$ref": "#/definitions/DefaultErrorModel"
              }
            },
            "500": {
              "description": "An internal server error occurred. Contact your administrator for more information.",
              "schema": {
                "$ref": "#/definitions/DefaultErrorModel"
              }
            },
            "default": {
              "description": "An unexpected error occurred. Check the error message for further information.",
              "schema": {
                "$ref": "#/definitions/DefaultErrorModel"
              }
            }
          }
        }
      },
      "/v1/ees/flags/{id}": {
        "put": {
          "summary": "Updates alerts for a client who is registered in Merative Integrated Care.",
          "description": "Updates a specific client alert in Merative Integrated Care that matches the record ID sent from an external system. If no matching record is found when the external system initiates a transfer of data to Merative Integrated Care, Merative Integrated Care creates a new alert for the client.\n\n Example request\n \n    cURL\n    \n    curl -X POST \"https://host:port/Rest/v1/ees/flags/{id}\" -H  \"accept: application/json\" -H  \"X-WCM-TENANT-ID: Tenant ID\" -H  \"X-WCM-TENANT-INSTANCE: Tenant Instance\" -H  \"Referer: curam://foundational.app\" -H  \"Authorization: access_token\" -H  \"X-GRANT-TYPE: client_credentials\" -H  \"Content-Type: application/json\" -d \"{\"resourceType\": \"Flag\",  \"id\": \"12345679\", \"source\": { \"coding\": [{  \"system\": \"http://wcm/source\",  \"code\": \"T123\" }], \"text\": \"Source\" }, } \"originalSource\": { \"coding\": [ { \"system\": \"http://wcm/originalsource\", \"code\": \"wcm123\" } ], \"text\": \"OriginalSource\" }, } \"identifier\": [{ \"value\": \"1198\", \"type\": { \"text\": \"CourtSystem\" } } }], }] \"status\": \"active\",  \"category\": { \"coding\": [{ \"system\": \"http://wcm/alerttype\", \"code\": \"BP123\"  }],  \"text\": \"Arrested\"  },  } \"code\": { \"text\": \"Individual has been arrested by County updated\" }, } } \"subject\": { \"reference\": \"Patient/identifier=Passport & Driving licence, identifierValue=P123\" }, } \"priority\": \"critical\", \"notifyRole\": { \"coding\": [{ \"system\": \"http://wcm/careteamroles\", \"code\": \"CM123\" }]  }]   }  }]    }  }]    } }]    }  }]    }}\")\n      \n    \n    JAVA\n\n    HttpResponse response = Unirest.post(\"https://host:port/Rest/v1/ees/flags/{id}\")\n\n        .header(\"accept\", \"application/json\")\n\n        .header(\"Authorization\", \"access_token\")\n\n        .header(\"X-GRANT-TYPE\", \"client_credentials\")\n\n        .header(\"X-WCM-TENANT-INSTANCE\", \"Tenant Instance\")\n\n     .header(\"X-WCM-TENANT-ID\", \"Tenant ID\")\n\n        .header(\"Referer\", \"curam://foundational.app\")\n\n        .header(\"Content-Type\", \"application/json\")\n\n        .body(\" {\"resourceType\": \"Flag\",  \"id\": \"12345679\", \"source\": { \"coding\": [{  \"system\": \"http://wcm/source\",  \"code\": \"T123\" }], \"text\": \"Source\" }, } \"originalSource\": { \"coding\": [ { \"system\": \"http://wcm/originalsource\", \"code\": \"wcm123\" } ], \"text\": \"OriginalSource\" }, } \"identifier\": [{ \"value\": \"1198\", \"type\": { \"text\": \"CourtSystem\" } } }], }] \"status\": \"active\",  \"category\": { \"coding\": [{ \"system\": \"http://wcm/alerttype\", \"code\": \"BP123\"  }],  \"text\": \"Arrested\"  },  } \"code\": { \"text\": \"Individual has been arrested by County updated\" }, } } \"subject\": { \"reference\": \"Patient/identifier=Passport & Driving licence, identifierValue=P123\" }, } \"priority\": \"critical\", \"notifyRole\": { \"coding\": [{ \"system\": \"http://wcm/careteamroles\", \"code\": \"CM123\" }]  }]   }  }]    }  }]    } }]    }  }]    }}\")\n\n        .asString();",
          "tags": [
            "Update alert (by ID)"
          ],
          "parameters": [
            {
              "in": "header",
              "name": "Referer",
              "type": "string",
              "enum": [
                "curam://foundational.app"
              ],
              "required": true
            },
            {
              "in": "header",
              "name": "X-WCM-TENANT-ID",
              "type": "string",
              "enum": [
                "The tenant ID."
              ],
              "required": true
            },
            {
              "in": "header",
              "name": "X-WCM-TENANT-INSTANCE",
              "type": "string",
              "enum": [
                "The tenant instance."
              ],
              "required": true
            },
            {
              "in": "header",
              "name": "Authorization",
              "type": "string",
              "enum": [
                "The Access Token."
              ],
              "required": true
            },
            {
              "in": "header",
              "name": "X-GRANT-TYPE",
              "type": "string",
              "enum": [
                "client_credentials"
              ],
              "required": true
            },
            {
              "name": "body",
              "in": "body",
              "description": "The inbound message that contains the information required to create an alert.",
              "required": true,
              "schema": {
                "$ref": "#/definitions/ModifiedAlertEntry"
              }
            },
            {
              "name": "id",
              "in": "path",
              "required": true,
              "description": "Internal record ID/Merative Integrated Care ID of the alert.",
              "type": "string"
            }
          ],
          "responses": {
            "200": {
              "description": "The put request was successful.",
              "schema": {
                "$ref": "#/definitions/ModifiedAlertEntry"
              }
            },
            "400": {
              "description": "The data request is invalid. Check the error message for further information and resend the request with the corrected data.",
              "schema": {
                "$ref": "#/definitions/DefaultErrorModel"
              }
            },
            "500": {
              "description": "An internal server error occurred. Contact your administrator for more information.",
              "schema": {
                "$ref": "#/definitions/DefaultErrorModel"
              }
            },
            "default": {
              "description": "An unexpected error occurred. Check the error message for further information.",
              "schema": {
                "$ref": "#/definitions/DefaultErrorModel"
              }
            }
          }
        }
      }
    },
    "definitions": {
      "NewAlertEntry": {
        "type": "object",
        "properties": {
          "resourceType": {
            "description": "All alerts are of resource type flag. This is a mandatory field.",
            "type": "string",
            "maxLength": 300
          },
          "id": {
            "description": "Internal record ID of the alert. This is an optional field.",
            "type": "string"
          },
          "status": {
            "description": "Alert status - active,inactive. This is a mandatory field.",
            "type": "string",
            "maxLength": 300
          },
          "priority": {
            "description": "Priority of the alert - low, medium, high, critical. This is a mandatory field.",
            "type": "string",
            "maxLength": 300
          },
          "category": {
            "type": "object",
            "description": "Stores the external system reference of the alert that indicates the alert type. This is a mandatory field.",
            "$ref": "#/definitions/NewAlertCategory"
          },
          "code": {
            "type": "object",
            "description": "Note associated with the alert. It is a mandatory field.",
            "$ref": "#/definitions/NewAlertCode"
          },
          "notifyRole": {
            "type": "object",
            "description": "Stores the external system reference of the care team roles that are to be notified of the alert. This is an optional field.",
            "$ref": "#/definitions/NewAlertRoles"
          },
          "source": {
            "type": "object",
            "description": "Contains the   source   details.System and code corresponding to the   Source   of the note.System would be http://wcm/sourcecode would be the external system reference of the   Source. This is a mandatory field.",
            "$ref": "#/definitions/NewCodeableConceptPR"
          },
          "originalSource": {
            "type": "object",
            "description": "Contains the original source system details.System and code corresponding to the Original Source System of the note.System would be http://wcm/originalsourcecode would be the external system reference of the Original Source System. This is an optional field.",
            "$ref": "#/definitions/NewCodeableConceptPR"
          },
          "identifier": {
            "type": "array",
            "items": {
              "$ref": "#/definitions/NewIdentifier",
              "description": "Stores the external record id of the alert. This is an optional field."
            }
          },
          "subject": {
            "type": "object",
            "description": "Stores the identification details of the client for whom the alert is created. This is a mandatory field.",
            "$ref": "#/definitions/NewSubject"
          }
        },
        "required": [
          "priority"
        ]
      },
      "NewAlertRoles": {
        "type": "object",
        "properties": {
          "coding": {
            "type": "array",
            "items": {
              "$ref": "#/definitions/NewCoding"
            }
          }
        }
      },
      "NewCoding": {
        "type": "object",
        "properties": {
          "system": {
            "type": "string",
            "maxLength": 900,
            "description": "Should be http://wcm/alerttype when used within category and http://wcm/careteamroles when used within notifyRole."
          },
          "code": {
            "type": "string",
            "maxLength": 900,
            "description": "Stores the external system reference of the alert when used within category, and the external system reference of the care team role when used within notifyRole.When used in the context of source systems, it represents the external system reference for the source or original source as applicable."
          }
        }
      },
      "NewIdentifier": {
        "type": "object",
        "properties": {
          "value": {
            "description": "Optional. Stores the external record id of the alert.",
            "type": "string",
            "maxLength": 900
          },
          "type": {
            "type": "object",
            "description": "Opional. This object holds the value for the Identifier type.",
            "$ref": "#/definitions/NewCodeableConcept"
          }
        }
      },
      "NewCodeableConcept": {
        "type": "object",
        "properties": {
          "text": {
            "description": "Optional. This attribute holds the value for the Identification type. \n\nIt must be provided if an identifier value is provided.",
            "type": "string",
            "maxLength": 900
          }
        }
      },
      "NewAlertCode": {
        "type": "object",
        "properties": {
          "text": {
            "type": "string",
            "maxLength": 30720
          }
        }
      },
      "NewSubject": {
        "type": "object",
        "properties": {
          "reference": {
            "type": "string",
            "maxLength": 150
          }
        }
      },
      "NewCodeableConceptPR": {
        "type": "object",
        "properties": {
          "text": {
            "type": "string",
            "maxLength": 900
          },
          "coding": {
            "type": "array",
            "items": {
              "$ref": "#/definitions/NewCodingPR"
            }
          }
        }
      },
      "NewCodingPR": {
        "type": "object",
        "properties": {
          "system": {
            "type": "string",
            "maxLength": 900
          },
          "code": {
            "type": "string",
            "maxLength": 900
          }
        }
      },
      "NewAlertCategory": {
        "type": "object",
        "properties": {
          "text": {
            "type": "string",
            "maxLength": 900
          },
          "coding": {
            "type": "array",
            "items": {
              "$ref": "#/definitions/NewCoding"
            }
          }
        }
      },
      "ModifiedAlertEntry": {
        "type": "object",
        "properties": {
          "resourceType": {
            "description": "All alerts are of resource type flag. This is a mandatory field.",
            "type": "string",
            "maxLength": 300
          },
          "id": {
            "description": "Internal record ID of the alert.This is an optional field if identifier is specified.",
            "type": "string"
          },
          "status": {
            "description": "Alert status - active, inactive.This is a mandatory field.",
            "type": "string",
            "maxLength": 300
          },
          "priority": {
            "description": "Priority of the alert - low, medium, high, critical. This is a mandatory field.",
            "type": "string",
            "maxLength": 300
          },
          "category": {
            "type": "object",
            "description": "Stores the external system reference of the alert that indicates the alert type. This is a mandatory field.",
            "$ref": "#/definitions/ModifiedAlertCategory"
          },
          "code": {
            "type": "object",
            "description": "Note associated with the alert. This is a mandatory field.",
            "$ref": "#/definitions/ModifiedAlertCode"
          },
          "notifyRole": {
            "type": "object",
            "description": "Stores the external system reference of the care team roles that are to be notified of the alert. This is an optional field.",
            "$ref": "#/definitions/ModifiedAlertRoles"
          },
          "source": {
            "type": "object",
            "description": "Contains the   source   details.System and code corresponding to the   Source   of the note.System would be http://wcm/sourcecode would be the external system reference of the   Source. This is a mandatory field.",
            "$ref": "#/definitions/ModifiedCodeableConceptPR"
          },
          "originalSource": {
            "type": "object",
            "description": "Contains the original source system details.System and code corresponding to the Original Source System of the note.System would be http://wcm/originalsourcecode would be the external system reference of the Original Source System. This is an optional field.",
            "$ref": "#/definitions/ModifiedCodeableConceptPR"
          },
          "identifier": {
            "type": "array",
            "description": "Optional. Stores the external record id of the alert. This is an optional field if id is specified.",
            "items": {
              "$ref": "#/definitions/ModifiedIdentifier"
            }
          },
          "subject": {
            "type": "object",
            "description": "Stores the identification details of the client for whom the alert is created. This is a mandatory field.",
            "$ref": "#/definitions/ModifiedSubject"
          }
        },
        "required": [
          "priority"
        ]
      },
      "ModifiedAlertRoles": {
        "type": "object",
        "properties": {
          "coding": {
            "type": "array",
            "items": {
              "$ref": "#/definitions/ModifiedCoding"
            }
          }
        }
      },
      "ModifiedCoding": {
        "type": "object",
        "properties": {
          "system": {
            "type": "string",
            "maxLength": 900
          },
          "code": {
            "type": "string",
            "maxLength": 900
          }
        }
      },
      "ModifiedIdentifier": {
        "type": "object",
        "properties": {
          "value": {
            "description": "Optional. External record ID of the alert.",
            "type": "string",
            "maxLength": 900
          },
          "type": {
            "type": "object",
            "description": "Opional. This object holds the value for the Identifier type.",
            "$ref": "#/definitions/ModifiedCodeableConcept"
          }
        }
      },
      "ModifiedCodeableConcept": {
        "type": "object",
        "properties": {
          "text": {
            "description": "Optional. This attribute holds the value for the Identification type. \n\nIt must be provided if an identifier value is provided.",
            "type": "string",
            "maxLength": 900
          }
        }
      },
      "ModifiedAlertCode": {
        "type": "object",
        "properties": {
          "text": {
            "type": "string",
            "maxLength": 30720
          }
        }
      },
      "ModifiedSubject": {
        "type": "object",
        "properties": {
          "reference": {
            "description": "The Subject object is used to identify an individual in  Merative Integrated Care.\n\nThe \"reference\" String is expected to contain identifier  details that will be used to match an individual in Merative Integrated Care.\n\nThe string is parsed to extract query parameters and   associated values. It can contain a combination of\n\n(1) Merative Integrated Care Patient ID (i.e. Merative Integrated Care Reference Number),\n\n(2) Merative Integrated Care Identification External System Reference and Identification number,\n\n(3) Merative Integrated Care Identification Type and Identification number,\n\n(4) Merative Integrated Care Identification External System Reference and Identification number and birthDate, \n\n(5) Merative Integrated Care Identification Type and Identification number and birthDate.\n\n\nFor example:\n\n(1) Merative Integrated Care Patient ID\n\n    \"subject\":{\n\n        \"reference\" : \"patient/123    \" }   \n\n\n\n(2) Merative Integrated Care Identification External System Reference and Identification number\n\n    \"subject\":{\n         \"reference\" : \"patient/identifiercode=xwz, identifiervalue=239\"}  \n\n\n (3) Merative Integrated Care Identification External System Reference and Identification number,\n\n    \"subject\":{\n\n         \"reference\" : \"patient/identifier=Passport, identifiervalue=239\" } \n\n\n(4) Merative Integrated Care Identification External System Reference and Identification number and birthDate,\n\n      \"subject\":{\n         \"reference\" : \"patient/identifiercode=xwz, identifiervalue=239, birthDate=19380821\" }    \n\n\n(5) Merative Integrated Care Identification Type and Identification number and birthDate,\n\n       \"subject\":{\n\n         \"reference\" : \"patient/identifiercode=Passport, identifiervalue=239, birthDate=19380821\"  }   ",
            "type": "string",
            "maxLength": 150
          }
        }
      },
      "ModifiedCodeableConceptPR": {
        "type": "object",
        "properties": {
          "text": {
            "type": "string",
            "maxLength": 900
          },
          "coding": {
            "type": "array",
            "items": {
              "$ref": "#/definitions/ModifiedCodingPR"
            }
          }
        }
      },
      "ModifiedCodingPR": {
        "type": "object",
        "properties": {
          "system": {
            "type": "string",
            "maxLength": 900
          },
          "code": {
            "type": "string",
            "maxLength": 900
          }
        }
      },
      "ModifiedAlertCategory": {
        "type": "object",
        "properties": {
          "text": {
            "type": "string",
            "maxLength": 900
          },
          "coding": {
            "type": "array",
            "items": {
              "$ref": "#/definitions/ModifiedCoding"
            }
          }
        }
      },
      "DefaultErrorModel": {
        "type": "object",
        "properties": {
          "Error": {
            "type": "array",
            "items": {
              "$ref": "#/definitions/Error"
            }
          }
        }
      },
      "Error": {
        "type": "object",
        "properties": {
          "code": {
            "type": "integer",
            "format": "int32",
            "description": "A machine-readable code that identifies the problem. This code does not vary with the Accept-Language setting."
          },
          "message": {
            "type": "string",
            "description": "A human-readable message. This message text is localized based on the Accept-Language setting of the request. The contents of this message text may change over time."
          },
          "level": {
            "type": "string",
            "description": "The level of the error."
          }
        },
        "required": [
          "code",
          "message",
          "level"
        ]
      }
    }
  }
