{
  "swagger": "2.0",
  "info": {
    "version": "v1",
    "title": "Care Plan API",
    "description": "By using the protected APIs that follow, you can retrieve a client's care plan in PDF format so that extended care team members (who are not Merative Integrated Care users) can view their client's care plan in an external system. Two API calls are necessary to retrieve the client's care plan PDF. The first API call to Get Care Plan Metadata returns the 'Share With' values and the 'Note' details along with a URL to get the Share Care Plan PDF. The second call to Get Care Plan Report triggers the SHARE CARE PLAN event in Merative Integrated Care that generates and returns the PDF to subscribers. Merative Integrated Care uses webhooks to notify subscribers so that they can call back for the Share Care Plan PDF. The notification is triggered by an action of the Care Manager in the application, when they click \"Send\" in the Share Care Plan modal."
  },
  "host": "host",
  "basePath": "/Rest",
  "schemes": [
    "https"
  ],
  "produces": [
    "application/json"
  ],
  "consumes": [
    "application/json"
  ],
  "paths": {
    "/v1/ees/sharecareplan_sharewith/{id}": {
      "get": {
        "description": "\n\nA Merative Integrated Care client might experience changes of circumstances in their care plan, for example, risk factors, assessments, social network contacts and so on. In this case, a Merative Integrated Care user can generate the client's care plan in Merative Integrated Care, select external entities with whom to share the client's care plan, add a note with relevant information, and send a notification to the external systems that are subscribing to the Share Care Plan data type. The external system receives a notification with a URL that contains the ID of the generated Care Plan. For example, if the ID of the Care Plan is 123, the url contained in the notification is  /Rest/v1/ees/sharecareplan_sharewith/123. \n\n The external system must call this URL to receive the care plan \"share with\" and \"note\" metadata, and the URL to get the care plan in a PDF format. See the Get care plan report as PDF API that follows this API.\n\n  Example request\n \n    cURL\n    \n    curl -X GET \"https://host:port/Rest/v1/ees/sharecareplan_sharewith/123\" -H  \"X-WCM-TENANT-ID: Tenant ID\" -H  \"X-WCM-TENANT-INSTANCE: Tenant Instance\" -H  \"Authorization: access_token\" -H  \"X-GRANT-TYPE: client_credentials\"  -H  \"accept: application/json\"\n    \n    \n    JAVA\n\n    HttpResponse response = Unirest.get(\"https://host:port/Rest/v1/ees/sharecareplan_sharewith/123\")\n\n        .header(\"accept\", \"application/json\")\n\n        .header(\"Authorization\", \"access_token\")\n\n        .header(\"X-GRANT-TYPE\", \"client_credentials\")\n\n        .header(\"X-WCM-TENANT-INSTANCE\", \"Tenant Instance\")\n\n     .header(\"X-WCM-TENANT-ID\", \"Tenant ID\")\n\n        .asString();",
        "tags": [
          "Get care plan metadata"
        ],
        "summary": "Get metadata about the care plan.",
        "parameters": [
          {
            "in": "header",
            "name": "Referer",
            "type": "string",
            "enum": [
              "curam://foundational.app"
            ],
            "required": true
          },
          {
            "in": "header",
            "name": "X-WCM-TENANT-ID",
            "type": "string",
            "enum": [
              "The tenant ID."
            ],
            "required": true
          },
          {
            "in": "header",
            "name": "X-WCM-TENANT-INSTANCE",
            "type": "string",
            "enum": [
              "The tenant instance."
            ],
            "required": true
          },
          {
            "in": "header",
            "name": "Authorization",
            "type": "string",
            "enum": [
              "The Access Token."
            ],
            "required": true
          },
          {
            "in": "header",
            "name": "X-GRANT-TYPE",
            "type": "string",
            "enum": [
              "client_credentials"
            ],
            "required": true
          },
          {
            "name": "id",
            "in": "path",
            "required": true,
            "description": "\n\nThe Care Plan resource id, which uniquely identifies the Care Plan report.",
            "type": "integer"
          }
        ],
        "responses": {
          "200": {
            "description": "The Get request was successful.",
            "schema": {
              "$ref": "#/definitions/ShareCarePlanWithDetails"
            }
          },
          "400": {
            "description": "The data request is invalid. Check the error message for more information and resend the request with the corrected data.\n\n            \n\nPossible error message:\n\nEESERR903 - Errors occurred on retrieving Share Care Plan metadata.",
            "schema": {
              "$ref": "#/definitions/DefaultErrorModel"
            }
          },
          "401": {
            "description": "Invalid authentication credentials for the target resource entered.",
            "schema": {
              "$ref": "#/definitions/DefaultErrorModel"
            }
          },
          "404": {
            "description": "The resource requested was not found. Check the error message for more information and resend the request with a valid resource id.\n\nPossible error message:\n\nEESERR900 - Share Care Plan metadata not found.",
            "schema": {
              "$ref": "#/definitions/DefaultErrorModel"
            }
          },
          "500": {
            "description": "An internal server error occurred. Contact your administrator for more information.",
            "schema": {
              "$ref": "#/definitions/DefaultErrorModel"
            }
          },
          "default": {
            "description": "An unexpected error occurred. Check the error message for more information.",
            "schema": {
              "$ref": "#/definitions/DefaultErrorModel"
            }
          }
        }
      }
    },
    "/v1/ees/sharecareplan/{id}": {
      "get": {
        "description": "The first API call to Get Care Plan Metadata is generated by a Merative Integrated Care user when they click Send in the Share Care Plan modal. The Get Care Plan Report as PDF API uses the URL that is returned in the first API call to generate and return the PDF to subscribers. This API returns a PDF that contains a client's Care Plan as configured by the Merative Integrated Care user.\n\n\n\nExample request\n \n    cURL\n    \n    curl -X GET \"https://host:port/Rest/v1/ees/sharecareplan/123\" -H  \"X-WCM-TENANT-ID: Tenant ID\" -H  \"X-WCM-TENANT-INSTANCE: Tenant Instance\" -H  \"Authorization: access_token\" -H  \"X-GRANT-TYPE: client_credentials\"  -H  \"accept: application/octet-stream\" --output careplan_name.pdf\n    \n    \n    JAVA\n\n    HttpResponse<InputStream> response = Unirest.get(\"https://host:port/Rest/v1/ees/sharecareplan/123\")\n\n      .header(\"accept\", \"application/octet-stream\")\n\n     .header(\"X-WCM-TENANT-INSTANCE\", \"Tenant Instance\")\n\n     .header(\"X-WCM-TENANT-ID\", \"Tenant ID\")\n\n      .asBinary();",
        "tags": [
          "Get care plan report as PDF"
        ],
        "summary": "Get the Care Plan report as a PDF.",
        "produces": [
          "application/octet-stream"
        ],
        "parameters": [
          {
            "in": "header",
            "name": "Referer",
            "type": "string",
            "enum": [
              "curam://foundational.app"
            ],
            "required": true
          },
          {
            "in": "header",
            "name": "X-WCM-TENANT-ID",
            "type": "string",
            "enum": [
              "The tenant ID."
            ],
            "required": true
          },
          {
            "in": "header",
            "name": "X-WCM-TENANT-INSTANCE",
            "type": "string",
            "enum": [
              "The tenant instance."
            ],
            "required": true
          },
          {
            "in": "header",
            "name": "Authorization",
            "type": "string",
            "enum": [
              "The Access Token."
            ],
            "required": true
          },
          {
            "in": "header",
            "name": "X-GRANT-TYPE",
            "type": "string",
            "enum": [
              "client_credentials"
            ],
            "required": true
          },
          {
            "name": "id",
            "in": "path",
            "required": true,
            "description": "\n\nThe Care Plan resource id, which uniquely identifies the Care Plan report.",
            "type": "integer"
          }
        ],
        "responses": {
          "200": {
            "description": "The Get request was successful.",
            "schema": {
              "$ref": "#/definitions/ShareCarePlanPDF"
            }
          },
          "400": {
            "description": "The data request is invalid. Check the error message for more information and resend the request with the corrected data.\n\nPossible error message:\n\nEESERR902 - Errors occurred on downloading the Share Care Plan.",
            "schema": {
              "$ref": "#/definitions/DefaultErrorModel"
            }
          },
          "401": {
            "description": "Invalid authentication credentials for the target resource entered.",
            "schema": {
              "$ref": "#/definitions/DefaultErrorModel"
            }
          },
          "404": {
            "description": "The resource requested was not found. Check the error message for more information and resend the request with a valid resource id.\n\nPossible error message:\n\nEESERR901 - Share Care Plan not found."
          },
          "500": {
            "description": "An internal server error occurred. Contact your administrator for more information.",
            "schema": {
              "$ref": "#/definitions/DefaultErrorModel"
            }
          },
          "default": {
            "description": "An unexpected error occurred. Check the error message for more information.",
            "schema": {
              "$ref": "#/definitions/DefaultErrorModel"
            }
          }
        }
      }
    }
  },
  "definitions": {
    "ShareCarePlanPDF": {
      "type": "object",
      "properties": {
        "data": {
          "description": "The Care Plan report in a PDF format.",
          "type": "string",
          "format": "byte",
          "maxLength": 512000
        },
        "fileName": {
          "description": "The filename that is associated with the Care Plan report in PDF format.",
          "type": "string",
          "maxLength": 2000
        }
      },
      "required": [
        "data",
        "fileName"
      ]
    },
    "ShareCarePlanWithDetails": {
      "type": "object",
      "properties": {
        "id": {
          "description": "The Care Plan resource id. \n\nThis id uniquely identifies the Care Plan instance for which the details are requested. ",
          "type": "integer"
        },
        "note": {
          "description": "A note that is added by the Merative Integrated Care user. \n\nWhen sending a notification to external systems, the Merative Integrated Care user might want to add details about the Care Plan they are sharing in a free text format.",
          "type": "string",
          "maxLength": 2000
        },
        "url": {
          "description": "The URL to use for a GET request to retrieve the Care Plan report in a PDF format.\n\nFor example, if the id of the Care Plan is 123, the url is \n\n\n  /Rest/v1/ees/sharecareplan/123",
          "type": "string",
          "maxLength": 300
        },
        "originator": {
          "description": "The originator field contains the name of the Merative Integrated Care user who sent the notification to external systems.",
          "type": "string",
          "maxLength": 64
        },
        "shareWith": {
          "$ref": "#/definitions/CodeableConceptSCP"
        },
        "template": {
          "$ref": "#/definitions/CodeableConceptTN"
        }
      },
      "required": [
        "id",
        "url",
        "template"
      ]
    },
    "CodeableConceptSCP": {
      "type": "object",
      "properties": {
        "coding": {
          "type": "array",
          "description": "Representation of a Share With value. \n\nWhen creating a Care Plan report and sending a notification to external systems, the Merative Integrated Care user can select a number of entities that the Care Plan can be shared with.\n\nThe Share With values are configured by an Administrator user in Merative Integrated Care. The Administrator user can configure an external system reference for each Share With value. If an External System Reference is configured, this is returned to the external system. ",
          "items": {
            "$ref": "#/definitions/CodingSCP"
          }
        }
      }
    },
    "CodingSCP": {
      "type": "object",
      "properties": {
        "code": {
          "description": "The External System Reference for the Share With value as configured in Merative Integrated Care by an Administrator user.",
          "type": "string",
          "maxLength": 20
        },
        "display": {
          "description": "The display value of the Share With entry. This field contains the value as it is displayed in the application to the Merative Integrated Care user.",
          "type": "string",
          "maxLength": 100
        },
        "system": {
          "description": "The system that the code belongs to.\n\nExternal System Reference codes are codes that are configured in Merative Integrated Care. Therefore the system for a Share With value is always http://wcm/sharecareplan_sharewith .",
          "type": "string",
          "maxLength": 150,
          "enum": [
            "http://wcm/sharecareplan_sharewith"
          ]
        }
      }
    },
    "CodeableConceptTN": {
      "type": "object",
      "properties": {
        "text": {
          "description": "The Merative Integrated Care Care Plan template name.\n\nWhen creating a Care Plan report to be shared with external systems, the Merative Integrated Care user must select a Share Care Plan template.\n\nTemplates are configured by an Administrator user.",
          "type": "string",
          "maxLength": 100
        },
        "coding": {
          "type": "array",
          "maxItems": 1,
          "description": "Representation of the External System References for the selected Share Care Plan template.",
          "items": {
            "$ref": "#/definitions/CodingTN"
          }
        }
      },
      "required": [
        "text"
      ]
    },
    "CodingTN": {
      "type": "object",
      "properties": {
        "system": {
          "description": "The system that the code belongs to.\n\nExternal System Reference codes are codes configured in Merative Integrated Care. Therefore, the system for a Template name value is always http://wcm/sharecareplan_template.",
          "type": "string",
          "maxLength": 150,
          "enum": [
            "http://wcm/sharecareplan_template"
          ]
        },
        "code": {
          "description": "External System Reference for the Template name. The external system reference is configured in Merative Integrated Care by an Administrator user. Not yet available, so the value returned is empty.",
          "type": "string",
          "maxLength": 20
        }
      }
    },
    "DefaultErrorModel": {
      "type": "object",
      "properties": {
        "Error": {
          "type": "array",
          "items": {
            "$ref": "#/definitions/Error"
          }
        }
      }
    },
    "Error": {
      "type": "object",
      "properties": {
        "code": {
          "type": "integer",
          "format": "int32",
          "description": "A machine-readable code that identifies the problem. This does not vary with the Accept-Language setting."
        },
        "message": {
          "type": "string",
          "description": "A human-readable message. This message text is localized based on the Accept-Language setting of the request. The contents of this message text may change over time."
        },
        "level": {
          "type": "string",
          "description": "The level of the error"
        }
      },
      "required": [
        "code",
        "message",
        "level"
      ]
    }
  }
}
