{
  "swagger": "2.0",
  "info": {
    "description": "By using the protected APIs that follow, you can create notes, delete notes, and retrieve the latest notes information for clients who are registered in Merative Integrated Care. ",
    "version": "v1",
    "title": "Notes API"
  },
  "host": "host",
  "basePath": "/Rest",
  "schemes": [
    "https"
  ],
  "produces": [
    "application/json"
  ],
  "consumes": [
    "application/json"
  ],
  "paths": {
    "/v1/ees/notes": {
      "get": {
        "tags": [
          "Get notes"
        ],
        "summary": "Get a client's notes based on their identification type and number.",
        "description": "Retrieve a client's notes based on their identification type and number, for example, their passport and passport number. You can further refine the search by providing the client’s date of birth.\n\nExample request\n\n\n    cURL\n\n    curl -X GET \"https://host:port/Rest/v1/ees/notes?PatientIdentifierValue=&PatientIdentifier=&since=&page=&limit=&birthDate=\" -H  \"X-WCM-TENANT-ID: Tenant ID\" -H \"X-WCM-TENANT-INSTANCE: Tenant Instance\" -H  \"Authorization: access_token\" -H  \"X-GRANT-TYPE: client_credentials\" -H \"accept: application/json\" -H \"Referrer: curam://foundational.app\"\n\n    JAVA\n\n    HttpResponse response = Unirest.get(\"https://host:port/Rest/v1/ees/notes?PatientIdentifierValue=&PatientIdentifier=&since=&page=&limit=&birthDate=' \")\n\n      .header(\"accept\", \"application/json\")\n\n      .header(\"Authorization\", \"access_token\")\n\n      .header(\"X-GRANT-TYPE\", \"client_credentials\")\n\n      .header(\"X-WCM-TENANT-INSTANCE\", \"Tenant Instance\")\n\n      .header(\"X-WCM-TENANT-ID\", \"Tenant ID\")\n\n      .header(\"Referrer\", \"curam://foundational.app\")\n\n      .asString();\n\n",
        "parameters": [
          {
            "in": "header",
            "name": "Referer",
            "type": "string",
            "enum": [
              "curam://foundational.app"
            ],
            "required": true
          },
          {
            "in": "header",
            "name": "X-WCM-TENANT-ID",
            "type": "string",
            "enum": [
              "The tenant ID."
            ],
            "required": true
          },
          {
            "in": "header",
            "name": "X-WCM-TENANT-INSTANCE",
            "type": "string",
            "enum": [
              "The tenant instance."
            ],
            "required": true
          },
          {
            "in": "header",
            "name": "Authorization",
            "type": "string",
            "enum": [
              "The Access Token."
            ],
            "required": true
          },
          {
            "in": "header",
            "name": "X-GRANT-TYPE",
            "type": "string",
            "enum": [
              "client_credentials"
            ],
            "required": true
          },
          {
            "name": "PatientIdentifierValue",
            "in": "query",
            "required": true,
            "description": "The identification number that is provided for the PatientIdentifier.",
            "type": "string",
            "maxLength": 200
          },
          {
            "name": "PatientIdentifier",
            "in": "query",
            "required": false,
            "description": "The type of identification that is provided for the individual.",
            "type": "string",
            "maxLength": 200
          },
          {
            "name": "since",
            "in": "query",
            "required": false,
            "description": "The date and time from which you want to return records for an individual with associated added or updated notes. Specify the date and time in ISO 8601 combined format YYYYMMDDTHHMMSS. For example, 20170824T141417. The default returns the entire results set.",
            "type": "string",
            "maxLength": 20
          },
          {
            "name": "page",
            "in": "query",
            "required": false,
            "description": "The parameter to allow the pagination persist through the API results set.",
            "type": "number",
            "maxLength": 1000000
          },
          {
            "name": "limit",
            "in": "query",
            "required": false,
            "description": "The number of records to return in each page of results. The default page limit is 1000.",
            "type": "number",
            "maxLength": 4
          },
          {
            "name": "birthDate",
            "in": "query",
            "required": false,
            "description": "The date of birth of the individual. Specify date in in ISO 8601 format YYYYMMDD. For example, 20010824.",
            "type": "string",
            "maxLength": 20
          }
        ],
        "responses": {
          "200": {
            "description": "The get request was successful.",
            "schema": {
              "$ref": "#/definitions/INResponseDetails"
            }
          },
          "400": {
            "description": "The data request is invalid. Check the error message for further information and resend the request with the corrected data.",
            "schema": {
              "$ref": "#/definitions/DefaultErrorModel"
            }
          },
          "401": {
            "description": "Invalid authentication credentials for the target resource entered.",
            "schema": {
              "$ref": "#/definitions/DefaultErrorModel"
            }
          },
          "500": {
            "description": "An internal server error occurred. Contact your administrator for more information.",
            "schema": {
              "$ref": "#/definitions/DefaultErrorModel"
            }
          },
          "default": {
            "description": "An unexpected error occurred. Check the error message for further information.",
            "schema": {
              "$ref": "#/definitions/DefaultErrorModel"
            }
          }
        }
      },
      "post": {
        "tags": [
          "Create notes"
        ],
        "summary": "Create notes for a client who is registered in Merative Integrated Care.",
        "description": "\n\nExample request\n\n    cURL\n\n    curl POST -X \"http://host:port/Rest/v1/ees/notes\" -H\n\n    \"Content-Type: application/json\" -H  \"X-WCM-TENANT-ID: Tenant ID\" -H  \"X-WCM-TENANT-INSTANCE: Tenant Instance\" -H  \"Authorization: access_token\" -H  \"X-GRANT-TYPE: client_credentials\" -H \"Referer: curam//foundational.app\"\n\n\n    JAVA\n\n    HttpResponse response = Unirest.get(\"https://host:port/Rest/v1/ees/notes\")\n\n      .header(\"accept\", \"application/json\")\n\n      .header(\"Authorization\", \"access_token\")\n\n      .header(\"X-GRANT-TYPE\", \"client_credentials\")\n\n      .header(\"Referrer\", \"curam://foundational.app\")\n\n      .body(\"{\\\"resourceType\\\":\\\"string\\\",\\\"id\\\":\\\"string\\\",\\\"noteSubject\\\":\\\"string\\\",\\\"note\\\":\\\"string\\\",\\\"duration\\\":\\\"string\\\",\\\"context\\\":\\\"string\\\",\\\"creationDate\\\":\\\"string\\\",\\\"addedBy\\\":\\\"string\\\",\\\"contactWith\\\":\\\"string\\\",\\\"method\\\":\\\"string\\\",\\\"direction\\\":\\\"string\\\",\\\"outcome\\\":\\\"string\\\",\\\"validated\\\":true,\\\"latestUpdateDate\\\":\\\"string\\\",\\\"updatedBy\\\":\\\"string\\\",\\\"comments\\\":[{\\\"datetime\\\":\\\"string\\\",\\\"comment\\\":\\\"string\\\",\\\"addedBy\\\":\\\"string\\\"}],\\\"identifier\\\":[{\\\"value\\\":\\\"string\\\",\\\"type\\\":[{\\\"text\\\":\\\"string\\\"}]}],\\\"source\\\":{\\\"text\\\":\\\"string\\\",\\\"coding\\\":[{\\\"system\\\":\\\"string\\\",\\\"code\\\":\\\"string\\\"}]},\\\"originalSource\\\":{\\\"text\\\":\\\"string\\\",\\\"coding\\\":[{\\\"system\\\":\\\"string\\\",\\\"code\\\":\\\"string\\\"}]},\\\"programs\\\":[{\\\"program\\\":\\\"string\\\"}],\\\"subject\\\":{\\\"reference\\\":\\\"string\\\"},\\\"type\\\":{\\\"coding\\\":[{\\\"system\\\":\\\"string\\\",\\\"code\\\":\\\"string\\\"}]}}\").asString();\n\n",
        "parameters": [
          {
            "in": "header",
            "name": "Referer",
            "type": "string",
            "enum": [
              "curam://foundational.app"
            ],
            "required": true
          },
          {
            "in": "header",
            "name": "X-WCM-TENANT-ID",
            "type": "string",
            "enum": [
              "The tenant ID."
            ],
            "required": true
          },
          {
            "in": "header",
            "name": "X-WCM-TENANT-INSTANCE",
            "type": "string",
            "enum": [
              "The tenant instance."
            ],
            "required": true
          },
          {
            "in": "header",
            "name": "Authorization",
            "type": "string",
            "enum": [
              "The Access Token."
            ],
            "required": true
          },
          {
            "in": "header",
            "name": "X-GRANT-TYPE",
            "type": "string",
            "enum": [
              "client_credentials"
            ],
            "required": true
          },
          {
            "name": "body",
            "in": "body",
            "required": true,
            "schema": {
              "$ref": "#/definitions/INRequestNotesPayload"
            }
          }
        ],
        "responses": {
          "201": {
            "description": "The post request was successful."
          },
          "400": {
            "description": "The data request is invalid. Check the error message for further information and resend the request with the corrected data.",
            "schema": {
              "$ref": "#/definitions/DefaultErrorModel"
            }
          },
          "401": {
            "description": "Invalid authentication credentials for the target resource entered.",
            "schema": {
              "$ref": "#/definitions/DefaultErrorModel"
            }
          },
          "500": {
            "description": "An internal server error occurred. Contact your administrator for more information.",
            "schema": {
              "$ref": "#/definitions/DefaultErrorModel"
            }
          },
          "default": {
            "description": "An unexpected error occurred. Check the error message for further information.",
            "schema": {
              "$ref": "#/definitions/DefaultErrorModel"
            }
          }
        }
      }
    },
    "/v1/ees/notes/{noteID}": {
      "delete": {
        "tags": [
          "Delete notes"
        ],
        "summary": "Delete notes for a client who is registered in Merative Integrated Care based on the note identification number.",
        "description": "\n\nExample request\n\n    cURL\n\n    curl -X DELETE \"http://host:port/Rest/v1/ees/notes/{noteID}\" -H \"X-WCM-TENANT-ID: Tenant ID\" -H \"X-WCM-TENANT-INSTANCE: Tenant Instance\" -H  \"Authorization: access_token\" -H  \"X-GRANT-TYPE: client_credentials\" -H \"accept: application/json\" -H \"Referer: curam://foundational.app\" -H \"Content-Type: application/json\" \n\n\n    JAVA\n\n    HttpResponse response = Unirest.get(\"https://host:port/Rest/v1/ees/notes/{notesID}\")\n\n      .header(\"accept\", \"application/json\")\n\n      .header(\"Authorization\", \"access_token\")\n\n      .header(\"X-GRANT-TYPE\", \"client_credentials\")\n\n      .header(\"Referrer\", \"curam://foundational.app\")\n\n      .body(\"{\\\"noteID\\\":\\\"string\\\",\\\"deleteReason\\\":\\\"string\\\",\\\"comment\\\":\\\"string\\\",\\\"originalSource\\\":{\\\"text\\\":\\\"string\\\",\\\"coding\\\":[{\\\"system\\\":\\\"string\\\",\\\"code\\\":\\\"string\\\"}]},\\\"source\\\":{\\\"text\\\":\\\"string\\\",\\\"coding\\\":[{\\\"system\\\":\\\"string\\\",\\\"code\\\":\\\"string\\\"}]}}\")\n\n      .asString(); \n\n",
        "parameters": [
          {
            "in": "header",
            "name": "Referer",
            "type": "string",
            "enum": [
              "curam://foundational.app"
            ],
            "required": true
          },
          {
            "in": "header",
            "name": "X-WCM-TENANT-ID",
            "type": "string",
            "enum": [
              "The tenant ID."
            ],
            "required": true
          },
          {
            "in": "header",
            "name": "X-WCM-TENANT-INSTANCE",
            "type": "string",
            "enum": [
              "The tenant instance."
            ],
            "required": true
          },
          {
            "in": "header",
            "name": "Authorization",
            "type": "string",
            "enum": [
              "The Access Token."
            ],
            "required": true
          },
          {
            "in": "header",
            "name": "X-GRANT-TYPE",
            "type": "string",
            "enum": [
              "client_credentials"
            ],
            "required": true
          },
          {
            "name": "noteID",
            "in": "path",
            "required": true,
            "description": "The unique note identifier.",
            "type": "string"
          },
          {
            "name": "body",
            "in": "body",
            "required": false,
            "schema": {
              "$ref": "#/definitions/INRequestCancelNotesPayload"
            }
          }
        ],
        "responses": {
          "204": {
            "description": "The delete request was successful."
          },
          "400": {
            "description": "The data request is invalid. Check the error message for further information and resend the request with the corrected data.",
            "schema": {
              "$ref": "#/definitions/DefaultErrorModel"
            }
          },
          "401": {
            "description": "Invalid authentication credentials for the target resource entered.",
            "schema": {
              "$ref": "#/definitions/DefaultErrorModel"
            }
          },
          "500": {
            "description": "An internal server error occurred. Contact your administrator for more information.",
            "schema": {
              "$ref": "#/definitions/DefaultErrorModel"
            }
          },
          "default": {
            "description": "An unexpected error occurred. Check the error message for further information.",
            "schema": {
              "$ref": "#/definitions/DefaultErrorModel"
            }
          }
        }
      }
    }
  },
  "definitions": {
    "Paging": {
      "type": "object",
      "properties": {
        "previous": {
          "description": "Previous.",
          "type": "string",
          "maxLength": 150
        },
        "next": {
          "description": "Next.",
          "type": "string",
          "maxLength": 150
        }
      }
    },
    "TenantDetails": {
      "type": "object",
      "properties": {
        "tenantID": {
          "description": "The tenant identifier.",
          "type": "string",
          "maxLength": 500
        },
        "instanceType": {
          "description": "The tenant instance type.",
          "type": "string",
          "maxLength": 500
        }
      }
    },
    "INResponseDetails": {
      "type": "object",
      "properties": {
        "notes": {
          "type": "array",
          "items": {
            "$ref": "#/definitions/INResponseDetailsNote"
          }
        },
        "paging": {
          "$ref": "#/definitions/Paging"
        },
        "tenantDetails": {
          "$ref": "#/definitions/TenantDetails"
        }
      }
    },
    "INResponseDetailsNote": {
      "type": "object",
      "properties": {
        "noteID": {
          "description": "The note unique identifier.",
          "type": "string"
        },
        "subject": {
          "description": "The subject text for the note.",
          "type": "string",
          "maxLength": 120
        },
        "note": {
          "description": "The text for the note.",
          "type": "string",
          "maxLength": 30720
        },
        "status": {
          "description": "The status of the note. The status is always Final as the note is not editable by users of Merative Integrated Care. If the note is deleted by the external system, the status is Canceled.",
          "type": "string",
          "maxLength": 500
        },
        "duration": {
          "description": "Indicates how long the client activity is expected to take, in minutes.",
          "type": "string",
          "maxLength": 4
        },
        "context": {
          "description": "The note context details.",
          "type": "string",
          "maxLength": 500
        },
        "creationDate": {
          "description": "The creation date of the note.",
          "type": "string",
          "maxLength": 20
        },
        "addedBy": {
          "description": "The username associated with the organization's API account or the name of the user who added the note in the external system. If a username is received, Merative Integrated Care checks that the username is associated with a valid Merative Integrated Care account and displays the user's full name in Merative Integrated Care. Otherwise, the value entered is displayed.   ",
          "type": "string",
          "maxLength": 131
        },
        "contactWith": {
          "description": "One or more people who were interacted with when the touchpoint was recorded.",
          "type": "string",
          "maxLength": 500
        },
        "method": {
          "description": "The communication method recorded when the touchpoint was created.",
          "type": "string",
          "maxLength": 500
        },
        "direction": {
          "description": "The direction of the communication when the touchpoint was created, Outbound or Inbound.",
          "type": "string",
          "maxLength": 500
        },
        "outcome": {
          "description": "The outcome of the contact, Successful or Unsuccessful.",
          "type": "string",
          "maxLength": 500
        },
        "validated": {
          "description": "Indicates whether the identity of the person who was contacted was validated.",
          "type": "boolean"
        },
        "latestUpdateDate": {
          "description": "",
          "type": "string",
          "maxLength": 20
        },
        "updatedBy": {
          "description": "",
          "type": "string",
          "maxLength": 131
        },
        "sensitiveInd": {
          "description": "Indicates whether the note is sensitive.",
          "type": "boolean"
        },
        "shareWith": {
          "description": "The name of the external system the note can be shared with.",
          "type": "string",
          "maxLength": 256
        },
        "share": {
          "description": "Indicates whether the note can be shared.",
          "type": "boolean"
        },
        "deleteReason": {
          "description": "The reason for the note deletion.",
          "type": "string",
          "maxLength": 256
        },
        "comments": {
          "type": "array",
          "items": {
            "$ref": "#/definitions/INResponseDetailsComment"
          }
        },
        "originalSource": {
          "type": "array",
          "items": {
            "$ref": "#/definitions/OriginalSource"
          }
        },
        "programs": {
          "type": "array",
          "items": {
            "$ref": "#/definitions/INResponseDetailsPrograms"
          }
        },
        "source": {
          "type": "array",
          "items": {
            "$ref": "#/definitions/Source"
          }
        },
        "type": {
          "type": "array",
          "items": {
            "$ref": "#/definitions/Type"
          }
        }
      }
    },
    "INResponseDetailsComment": {
      "description": "The number of comments that are added to a note.",
      "type": "object",
      "properties": {
        "datetime": {
          "description": "The timestamp of the comment.",
          "type": "string",
          "maxLength": 20
        },
        "comment": {
          "description": "Comments that are added to the note or No Records if the note has no associated comments.",
          "type": "string",
          "maxLength": 300
        },
        "addedBy": {
          "description": "The username associated with the organization's API account or the name of the user who added the comment in the external system. If a username is received, Merative Integrated Care checks that the username is associated with a valid Merative Integrated Care account and displays the user's full name in Merative Integrated Care. Otherwise, the value entered is displayed.",
          "type": "string",
          "maxLength": 131
        }
      }
    },
    "INResponseDetailsPrograms": {
      "type": "object",
      "properties": {
        "program": {
          "description": "One or more programs associated with the touchpoint.",
          "type": "string",
          "maxLength": 500
        }
      }
    },
    "INRequestNotesPayload": {
      "type": "object",
      "properties": {
        "resourceType": {
          "description": "Mandatory. The resource type. This attribute accepts one of the following values:\n\nnote",
          "type": "string"
        },
        "id": {
          "description": "Mandatory. The unique identifier for the note.",
          "type": "string"
        },
        "noteSubject": {
          "description": "Mandatory. The subject text for the note.",
          "type": "string",
          "maxLength": 120
        },
        "note": {
          "description": "Mandatory.\n\nThe note text.",
          "type": "string",
          "maxLength": 30720
        },
        "duration": {
          "description": "Optional. Indicates how long the client activity is expected to take, in minutes. This attribute accepts a numeric value up to a maximum of 4 digits.",
          "type": "string",
          "maxLength": 4
        },
        "context": {
          "description": "Mandatory. The note context details. This attribute accepts one of the following values:\n\nAssessment\n\nGeneral\n\nReview\n\nAlert\n\nBarrier\n\nExternal",
          "type": "string",
          "maxLength": 500
        },
        "creationDate": {
          "description": "Mandatory. The creation date of the note. The expected format is ISO 8601 standard date-time format. ",
          "type": "string",
          "maxLength": 20
        },
        "addedBy": {
          "description": "Mandatory. The username associated with the organization's API account or the name of the user who added  the note in the external system. If a username is received, Merative Integrated Care checks that the username is associated with a valid Merative Integrated Care account and displays the user's full name in Merative Integrated Care. Otherwise, the value entered is displayed.",
          "type": "string",
          "maxLength": 131
        },
        "contactWith": {
          "description": "Mandatory. Applies only touchpoints. The people who were interacted with when the note was recorded. This attribute accepts one or more of the following values (Use a comma-separated list if providing more than one value). \n\nClient\n\nCare Giver\n\nCare Team\n\nFamily Member\n\nMedical\n\nOther",
          "type": "string",
          "maxLength": 500
        },
        "method": {
          "description": "Mandatory. The communication method recorded when the touchpoint was created. This attribute accepts one of the following values:\n\nPhone\n\nEmail\n\nFace to Face Home\n\nFace to Face Other\n\nMail\n\nOther\n\nText",
          "type": "string",
          "maxLength": 500
        },
        "direction": {
          "description": "Mandatory. The direction of the communication when the touchpoint was created, Outbound or Inbound. This attribute accepts one of the following values:\n\nOutbound\n\nInbound",
          "type": "string",
          "maxLength": 500
        },
        "outcome": {
          "description": "Mandatory. Applies only to touchpoints. The outcome of the touchpoint. This attribute accepts one of the following values:\n\nSuccessful\n\nUnsuccessful",
          "type": "string",
          "maxLength": 500
        },
        "validated": {
          "description": "Optional. Applies only to touchpoints. Indicates whether the identity of the person who was contacted was validated. This attribute accepts one of the following values:\n\nTRUE\n\nFALSE",
          "type": "boolean"
        },
        "sensitiveInd": {
          "description": "Optional. Indicates whether the note is sensitive. If not specified, the note is created in Merative Integrated Care as non-sensitive.",
          "type": "boolean",
          "default": false
        },
        "serviceDeliveryID": {
          "description": "Optional. Receives a note that is associated with a service. This attribute associates the note with the correct service.",
          "type": "string",
          "maxLength": 500
        },
        "comments": {
          "type": "array",
          "items": {
            "$ref": "#/definitions/INResponseDetailsComment"
          }
        },
        "identifier": {
          "type": "array",
          "items": {
            "$ref": "#/definitions/Identifier"
          }
        },
        "source": {
          "description": "Mandatory.",
          "$ref": "#/definitions/Source"
        },
        "originalSource": {
          "description": "Optional.",
          "$ref": "#/definitions/OriginalSource"
        },
        "programs": {
          "type": "array",
          "items": {
            "$ref": "#/definitions/INResponseDetailsPrograms"
          }
        },
        "subject": {
          "$ref": "#/definitions/SubjectIdentifier"
        },
        "type": {
          "$ref": "#/definitions/INRequestNotesType"
        }
      }
    },
    "INRequestCancelNotesPayload": {
      "type": "object",
      "properties": {
        "noteID": {
          "description": "Mandatory. The unique note identifier assigned by the external sytem.",
          "type": "string"
        },
        "deleteReason": {
          "description": "Optional. The note deletion reason.",
          "type": "string",
          "maxLength": 256
        },
        "comment": {
          "description": "Optional. The comment added when the note was deleted.",
          "type": "string",
          "maxLength": 300
        },
        "originalSource": {
          "$ref": "#/definitions/OriginalSource"
        },
        "source": {
          "$ref": "#/definitions/Source"
        }
      }
    },
    "OriginalSource": {
      "description": "The name of the original source system where the note first originated. The external system identifies the original source system by its external system reference.",
      "type": "object",
      "properties": {
        "text": {
          "description": "Description of the original source system.",
          "type": "string",
          "maxLength": 300
        },
        "coding": {
          "type": "array",
          "items": {
            "$ref": "#/definitions/CodingPR"
          }
        }
      }
    },
    "Source": {
      "description": "The source of the note. The external system identifies the source by its external system reference.",
      "type": "object",
      "properties": {
        "text": {
          "description": "Description of the source.",
          "type": "string",
          "maxLength": 300
        },
        "coding": {
          "type": "array",
          "items": {
            "$ref": "#/definitions/CodingPR"
          }
        }
      }
    },
    "INRequestNotesType": {
      "type": "object",
      "properties": {
        "coding": {
          "type": "array",
          "items": {
            "$ref": "#/definitions/CodingPR"
          }
        }
      }
    },
    "Type": {
      "type": "object",
      "properties": {
        "text": {
          "description": "Description of the note type details.",
          "type": "string",
          "maxLength": 300
        },
        "coding": {
          "type": "array",
          "items": {
            "$ref": "#/definitions/Coding"
          }
        }
      }
    },
    "Coding": {
      "type": "object",
      "properties": {
        "system": {
          "type": "string",
          "maxLength": 900
        },
        "version": {
          "type": "string",
          "maxLength": 900
        },
        "code": {
          "type": "string",
          "description": "Mandatory.",
          "maxLength": 900
        },
        "display": {
          "type": "string",
          "maxLength": 900
        },
        "userSelected": {
          "type": "boolean"
        }
      }
    },
    "CodingPR": {
      "type": "object",
      "properties": {
        "system": {
          "type": "string",
          "maxLength": 900
        },
        "code": {
          "type": "string",
          "maxLength": 900
        }
      }
    },
    "SubjectIdentifier": {
      "type": "object",
      "properties": {
        "reference": {
          "description": "The string value for this attribute must be provided in the following format: \"Patient/{IndividualID}\".\n\nThe {IndividualID} must either be the Reference Number recorded for the client in Merative Integrated Care or two identifier properties (Key=value). The allowed properties are:\n\n  identifier={Existing identifier in Merative Integrated Care}\n\n  identifierValue={Value for the existing identifier for the client}\n\n  The identifier must map to a configured identification in Merative Integrated Care created by an Administrator. Example custom identifier for the Reference attribute: \"Patient/identifier=Passport Number, identifierValue=LI23451\".",
          "type": "string",
          "maxLength": 150
        }
      }
    },
    "DefaultErrorModel": {
      "type": "object",
      "properties": {
        "Error": {
          "type": "array",
          "items": {
            "$ref": "#/definitions/Error"
          }
        }
      }
    },
    "Identifier": {
      "type": "object",
      "properties": {
        "value": {
          "description": "The Identifier object holds the values of an external identifier for the enclosing record.",
          "type": "string",
          "maxLength": 300
        },
        "type": {
          "type": "array",
          "items": {
            "$ref": "#/definitions/CodetableConcept"
          }
        }
      }
    },
    "CodetableConcept": {
      "type": "object",
      "properties": {
        "text": {
          "type": "string",
          "maxLength": 900
        }
      }
    },
    "Error": {
      "type": "object",
      "properties": {
        "code": {
          "type": "integer",
          "format": "int32",
          "description": "A machine readable code identifying the problem. This will not vary with the Accept-Language setting."
        },
        "message": {
          "type": "string",
          "description": "A human readable message. This message text is localized based on the Accept-Language setting of the request. The contents of this message text may change over time."
        },
        "level": {
          "type": "string",
          "description": "The level of the error."
        }
      },
      "required": [
        "code",
        "message",
        "level"
      ]
    }
  }
}
