{
  "swagger": "2.0",
  "info": {
    "version": "v1",
    "title": "(Demographics) Telecoms API",
    "description": "By using the protected APIs that follow, you can send email and phone contact updates for a client from an external system to Merative Integrated Care so that Merative Integrated Care accurately reflects the external system data. The API sends Merative Integrated Care updates for a client's phone contact (home, mobile, work, other) or email address contact (personal, business, other). The client is identified when Merative Integrated Care receives the Merative Integrated Care client ID or the external ID and type (with or without the client's date of birth). The client's email or phone contact record is identified when Merative Integrated Care receives an identifier type and record id for each contact type."
  },
  "host": "host",
  "basePath": "/Rest",
  "schemes": [
    "https"
  ],
  "produces": [
    "application/json"
  ],
  "consumes": [
    "application/json"
  ],
  "paths": {
    "/v1/ees/individual_telecoms": {
      "post": {
        "tags": [
          "Create a contact point"
        ],
        "parameters": [
          {
            "in": "header",
            "name": "Referer",
            "type": "string",
            "enum": [
              "curam://foundational.app"
            ],
            "required": true
          },
          {
            "in": "header",
            "name": "X-WCM-TENANT-ID",
            "type": "string",
            "enum": [
              "The tenant ID."
            ],
            "required": true
          },
          {
            "in": "header",
            "name": "X-WCM-TENANT-INSTANCE",
            "type": "string",
            "enum": [
              "The tenant instance."
            ],
            "required": true
          },
          {
            "in": "header",
            "name": "Authorization",
            "type": "string",
            "enum": [
              "The Access Token."
            ],
            "required": true
          },
          {
            "in": "header",
            "name": "X-GRANT-TYPE",
            "type": "string",
            "enum": [
              "client_credentials"
            ],
            "required": true
          },
          {
            "name": "body",
            "in": "body",
            "description": "The inbound message that contains the information required to update a client's contact point record.",
            "required": true,
            "schema": {
              "$ref": "#/definitions/NewContactPointCr"
            }
          }
        ],
        "description": "Creates a client's contact point record based on an event in the external system that\n\n initiates a transfer of valid data to Merative Integrated Care.\n\n  Example request\n  \n     cURL\n     \n     curl -X POST \"https://host:port/Rest/v1/ees/individual_telecoms\" -H  \"X-WCM-TENANT-ID: Tenant ID\" -H  \"X-WCM-TENANT-INSTANCE: Tenant Instance\" -H  \"accept: application/json\" -H  \"Referer: curam://foundational.app\" -H  \"Authorization: access_token\" -H  \"X-GRANT-TYPE: client_credentials\" -H  \"Content-Type: application/json\" -d \"{  \\\"system\\\": \\\"phone\\\",  \\\"value\\\": \\\"09090909\\\",  \\\"use\\\": \\\"home\\\",  \\\"resourceType\\\": \\\"ContactPoint\\\",  \\\"source\\\": \\\"Dept. of Justice\\\",  \\\"originalSource\\\": \\\"Officer\\\",  \\\"identifier\\\": [    {      \\\"value\\\": \\\"DepJu\\\",      \\\"type\\\": {        \\\"text\\\": \\\"345672\\\"      }    }  ],  \\\"period\\\": {    \\\"start\\\": \\\"2015-12-12\\\",    \\\"end\\\": \\\"2016-12-12\\\"  },  \\\"subject\\\": {    \\\"reference\\\": \\\"patient/identifiercode=RTSD, identifiervalue=693\\\"  }}\"\n     \n     \n     JAVA\n\n     HttpResponse response = Unirest.post(\"https://host:port/Rest/v1/ees/individual_telecoms\")\n\n         .header(\"accept\", \"application/json\")\n\n        .header(\"Authorization\", \"access_token\")\n\n        .header(\"X-GRANT-TYPE\", \"client_credentials\")\n\n        .header(\"X-WCM-TENANT-INSTANCE\", \"Tenant Instance\")\n\n     .header(\"X-WCM-TENANT-ID\", \"Tenant ID\")\n\n         .header(\"Referer\", \"curam://foundational.app\")\n\n         .header(\"Content-Type\", \"application/json\")\n\n         .body(\"{  \\\"system\\\": \\\"phone\\\",  \\\"value\\\": \\\"09090909\\\",  \\\"use\\\": \\\"home\\\",  \\\"resourceType\\\": \\\"ContactPoint\\\",  \\\"source\\\": \\\"Dept. of Justice\\\",  \\\"originalSource\\\": \\\"Officer\\\",  \\\"identifier\\\": [    {      \\\"value\\\": \\\"DepJu\\\",      \\\"type\\\": {        \\\"text\\\": \\\"345672\\\"      }    }  ],  \\\"period\\\": {    \\\"start\\\": \\\"2015-12-12\\\",    \\\"end\\\": \\\"2016-12-12\\\"  },  \\\"subject\\\": {    \\\"reference\\\": \\\"patient/identifiercode=RTSD, identifiervalue=693\\\"  }}\")\n\n         .asString();",
        "summary": "Create a contact point record for a client who is registered in Merative Integrated Care.",
        "responses": {
          "201": {
            "description": "The post request was successful.",
            "headers": {
              "Location": {
                "type": "string",
                "description": "The location of the new resource."
              }
            }
          },
          "400": {
            "description": "The data request is invalid. Check the error message for more information and resend the request with the corrected data.\n\nPossible errors message:\n\nEESERR161 - There are no matching individuals based on the ID entered.\n\nEESERR165 - The individual ID value provided, ..., is invalid and not in the correct format.\n\nEESERR180 - The identification details provided match multiple clients.\n\nEESERR182 - The date value provided, ..., is invalid and not in the correct format.\n\nEESERR183 - The date value provided, ..., is invalid.\n\nEESERR193 - A valid reference number or 'identifier' and 'identifierValue' or or 'identifiercode' and 'identifierValue' must be provided.\n\nEESERR612 - Expected resourceType is ContactPoint.\n\nEESERR505 - Invalid 'system' provided for contact point record.\n\nEESERR642 - Failed to map values provided to Merative Integrated Care email type.\n\nEESERR509 - The 'use' provided for contact point 'email' is not supported.\n\nEESERR506 - The 'system' provided for contact point is not supported.\n\nEESERR507 - A 'value' must be provided if contact point is provided.\n\nEESERR508 - A 'use' for contact point must be provided if contact point is provided.\n\nEESERR602 - A 'system' must be specified if contact point is provided.\n\nEESERR643 - Failed to map values provided to Merative Integrated Care phone type.\n\nEESERR511 - The 'use' provided for contact point 'phone' is not supported.\n\nEESERR512 - The 'value' for contact point 'phone' must not exceed 20 characters.\n\nEESERR504 - A subject reference must be provided.\n\nEESERR635 - Failed to create a record.\n\nEESERR651 - Failed to create a record: ...\n\nEESERR357 - Values for identifier text and identifier value must be provided if identifier is provided.\n\nEESERR358 - Max number of identifiers to be provided per record is 3.\n\nEESERR350 - Identifiers for a client's record of the same type must be unique.\n\nEESERR353 - Identifier ... - ... matches multiple ContactPoint records for this person.\n\nEESERR354 - Resource id and identifier(s) match different ContactPoint records for this person.\n\nEESERR352 - ContactPoint record with identifier ... - ... already exists for this person.\n\nEESERR359 - Resource ... is locked by another process.\n\nEESERR355 - Concurrent processing, please retry.\n\nEESERR636 - Failed to retrieve case ID for the patient.\n\nEESERR649 - Error:  ... .\n\nEESERR650 - Error:  ... .\n\nEESERR481 - Period start date must be before today's date.\n\nEESERR482 - Period end date must be after start date.\n\nEESERR483 - Period start date must be provided if end is provided.\n\nEESERR484 - Period start date must be after patient's birth date.",
            "schema": {
              "$ref": "#/definitions/DefaultErrorModel"
            }
          },
          "401": {
            "description": "Invalid authentication credentials for the target resource entered.",
            "schema": {
              "$ref": "#/definitions/DefaultErrorModel"
            }
          },
          "500": {
            "description": "An internal server error occurred. Contact your administrator for more information.",
            "schema": {
              "$ref": "#/definitions/DefaultErrorModel"
            }
          },
          "default": {
            "description": "An unexpected error occurred. Check the error message for more information.",
            "schema": {
              "$ref": "#/definitions/DefaultErrorModel"
            }
          }
        }
      },
      "put": {
        "description": "Updates a client's contact point record assuming that a matching record is found when the external system initiates a transfer of valid data to Merative Integrated Care.\n\nMerative Integrated Care identifies the record to be updated based on the external identifiers that the external system provides in the body. If no matching contact point record is found, Merative Integrated Care creates a new contact point record for the individual.\n\n Example request\n \n \n    cURL\n    \n    curl -X PUT \"https://host:port/Rest/v1/ees/individual_telecoms\" -H  \"X-WCM-TENANT-ID: Tenant ID\" -H  \"X-WCM-TENANT-INSTANCE: Tenant Instance\" -H  \"accept: application/json\" -H  \"Referer: curam://foundational.app\" -H  \"Authorization: access_token\" -H  \"X-GRANT-TYPE: client_credentials\" -H  \"Content-Type: application/json\" -d \"{  \\\"system\\\": \\\"phone\\\",  \\\"value\\\": \\\"05059595\\\",  \\\"use\\\": \\\"home\\\",  \\\"resourceType\\\": \\\"ContactPoint\\\",  \\\"source\\\": \\\"Local Office\\\",  \\\"originalSource\\\": \\\"Officer\\\",  \\\"identifier\\\": [    {      \\\"value\\\": \\\"OffID\\\",      \\\"type\\\": {        \\\"text\\\": \\\"33677\\\"      }    }  ],  \\\"period\\\": {    \\\"start\\\": \\\"2018-06-06\\\",    \\\"end\\\": \\\"\\\"  },  \\\"subject\\\": {    \\\"reference\\\": \\\"patient/identifiercode=STID, identifiervalue=7772346537\\\"  }}\"\n    \n    \n    JAVA\n\n    HttpResponse response = Unirest.put(\"https://host:port/Rest/v1/ees/individual_telecoms\")\n\n        .header(\"accept\", \"application/json\")\n\n        .header(\"Authorization\", \"access_token\")\n\n        .header(\"X-GRANT-TYPE\", \"client_credentials\")\n\n        .header(\"X-WCM-TENANT-INSTANCE\", \"Tenant Instance\")\n\n     .header(\"X-WCM-TENANT-ID\", \"Tenant ID\")\n\n        .header(\"Referer\", \"curam://foundational.app\")\n\n        .header(\"Content-Type\", \"application/json\")\n\n        .body(\"{  \\\"system\\\": \\\"phone\\\",  \\\"value\\\": \\\"05059595\\\",  \\\"use\\\": \\\"home\\\",  \\\"resourceType\\\": \\\"ContactPoint\\\",  \\\"source\\\": \\\"Local Office\\\",  \\\"originalSource\\\": \\\"Officer\\\",  \\\"identifier\\\": [    {      \\\"value\\\": \\\"OffID\\\",      \\\"type\\\": {        \\\"text\\\": \\\"33677\\\"      }    }  ],  \\\"period\\\": {    \\\"start\\\": \\\"2018-06-06\\\",    \\\"end\\\": \\\"\\\"  },  \\\"subject\\\": {    \\\"reference\\\": \\\"patient/identifiercode=STID, identifiervalue=7772346537\\\"  }}\")\n\n        .asString();",
        "tags": [
          "Update a contact point"
        ],
        "summary": "Update a contact point record for a client who is registered in Merative Integrated Care.",
        "parameters": [
          {
            "in": "header",
            "name": "Referer",
            "type": "string",
            "enum": [
              "curam://foundational.app"
            ],
            "required": true
          },
          {
            "in": "header",
            "name": "X-WCM-TENANT-ID",
            "type": "string",
            "enum": [
              "The tenant ID."
            ],
            "required": true
          },
          {
            "in": "header",
            "name": "X-WCM-TENANT-INSTANCE",
            "type": "string",
            "enum": [
              "The tenant instance."
            ],
            "required": true
          },
          {
            "in": "header",
            "name": "Authorization",
            "type": "string",
            "enum": [
              "The Access Token."
            ],
            "required": true
          },
          {
            "in": "header",
            "name": "X-GRANT-TYPE",
            "type": "string",
            "enum": [
              "client_credentials"
            ],
            "required": true
          },
          {
            "name": "body",
            "in": "body",
            "description": "The inbound message that contains the information required to update a client's contact point record.",
            "required": true,
            "schema": {
              "$ref": "#/definitions/ModifiedContactPointCr"
            }
          }
        ],
        "responses": {
          "200": {
            "description": "The put request was successful.",
            "schema": {
              "$ref": "#/definitions/ModifiedContactPointExt"
            }
          },
          "400": {
            "description": "The data request is invalid. Check the error message for more information and resend the request with the corrected data.\n\n\nPossible error messages:\n\nEESERR161 - There are no matching individuals based on the ID entered.\n\nEESERR165 - The individual ID value provided, ..., is invalid and not in the correct format.\n\nEESERR180 - The identification details provided match multiple clients.\n\nEESERR182 - The date value provided, ..., is invalid and not in the correct format.\n\nEESERR183 - The date value provided, ..., is invalid.\n\nEESERR193 - A valid reference number or 'identifier' and 'identifierValue' or or 'identifiercode' and 'identifierValue' must be provided.\n\nEESERR612 - Expected resourceType is ContactPoint.\n\nEESERR505 - Invalid 'system' provided for contact point record.\n\nEESERR642 - Failed to map values provided to Merative Integrated Care email type.\n\nEESERR509 - The 'use' provided for contact point 'email' is not supported.\n\nEESERR506 - The 'system' provided for contact point is not supported.\n\nEESERR507 - A 'value' must be provided if contact point is provided.\n\nEESERR508 - A 'use' for contact point must be provided if contact point is provided.\n\nEESERR602 - A 'system' must be specified if contact point is provided.\n\nEESERR643 - Failed to map values provided to Merative Integrated Care phone type.\n\nEESERR511 - The 'use' provided for contact point 'phone' is not supported.\n\nEESERR512 - The 'value' for contact point 'phone' must not exceed 20 characters.\n\nEESERR357 - Values for identifier text and identifier value must be provided if identifier is provided.\n\nEESERR358 - Max number of identifiers to be provided per record is 3.\n\nEESERR350 - Identifiers for a client's record of the same type must be unique.\n\nEESERR353 - Identifier ... - ... matches multiple ContactPoint records for this person.\n\nEESERR354 - Resource id and identifier(s) match different ContactPoint records for this person.\n\nEESERR623 - The record was updated by a Care manager, so it can't be udpated by an external system.\n\nEESERR637 - Failed to update a record.\n\nEESERR652 - Failed to update a record:  ...\n\nEESERR351 - The resource id provided doesn't exist for a ContactPoint record for this person.\n\nEESERR625 - The record was deleted by a Care manager, so it can't be reactivated by an external system.\n\nEESERR648 - Error reading the existing record .\n\nEESERR359 - Resource ... is locked by another process.\n\nEESERR355 - Concurrent processing, please retry.\n\nEESERR636 - Failed to retrieve case ID for the patient.\n\nEESERR647 - Error reading the existing record .\n\nEESERR649 - Error:  ... .\n\nEESERR650 - Error:  ... .\n\nEESERR626 - The record doesn't exist.\n\nEESERR356 - Resource ... doesn't exist.\n\nEESERR481 - Period start date must be before today's date.\n\nEESERR482 - Period end date must be after start date.\n\nEESERR483 - Period start date must be provide if end is provided.\n\nEESERR484 - Period start date must be after patient's birth date.",
            "schema": {
              "$ref": "#/definitions/DefaultErrorModel"
            }
          },
          "401": {
            "description": "Invalid authentication credentials for the target resource entered.",
            "schema": {
              "$ref": "#/definitions/DefaultErrorModel"
            }
          },
          "500": {
            "description": "An internal server error occurred. Contact your administrator for more information.",
            "schema": {
              "$ref": "#/definitions/DefaultErrorModel"
            }
          },
          "default": {
            "description": "An unexpected error occurred. Check the error message for more information.",
            "schema": {
              "$ref": "#/definitions/DefaultErrorModel"
            }
          }
        }
      }
    },
    "/v1/ees/individual_telecoms/{id}": {
      "put": {
        "description": "Updates a client's contact point record assuming that a matching record is found when the external system initiates a transfer of valid data to Merative Integrated Care.\n\nMerative Integrated Care identifies the record to be updated based on the resource ID that the external system provides in the path and body. \n\n Example request\n \n    cURL\n    \n    curl -X PUT \"https://host:port/Rest/v1/ees/individual_telecoms/13427653876\" -H  \"X-WCM-TENANT-ID: Tenant ID\" -H  \"X-WCM-TENANT-INSTANCE: Tenant Instance\" -H  \"accept: application/json\" -H  \"Referer: curam://foundational.app\" -H  \"Authorization: access_token\" -H  \"X-GRANT-TYPE: client_credentials\" -H  \"Content-Type: application/json\" -d \"{  \\\"system\\\": \\\"email\\\",  \\\"value\\\": \\\"mypersonal@email.com\\\",  \\\"use\\\": \\\"home\\\",  \\\"id\\\": \\\"13427653876\\\",  \\\"resourceType\\\": \\\"ContactPoint\\\",  \\\"source\\\": \\\"self Reported\\\",  \\\"originalSource\\\": \\\"Self reported\\\",  \\\"identifier\\\": [    {      \\\"value\\\": \\\"265486578\\\",      \\\"type\\\": {        \\\"text\\\": \\\"System7\\\"      }    }  ],  \\\"period\\\": {    \\\"start\\\": \\\"2016-09-09\\\",    \\\"end\\\": \\\"\\\"  },  \\\"subject\\\": {    \\\"reference\\\": \\\"patient/identifiercode=RTCD, identifiervalue=87546\\\"  }}\"\n    \n    \n    JAVA\n\n    HttpResponse response = Unirest.put(\"https://host:port/Rest/v1/ees/individual_telecoms/13427653876\")\n\n        .header(\"accept\", \"application/json\")\n\n        .header(\"Authorization\", \"access_token\")\n\n        .header(\"X-GRANT-TYPE\", \"client_credentials\")\n\n    .header(\"X-WCM-TENANT-INSTANCE\", \"Tenant Instance\")\n\n     .header(\"X-WCM-TENANT-ID\", \"Tenant ID\")\n\n        .header(\"Referer\", \"curam://foundational.app\")\n\n        .header(\"Content-Type\", \"application/json\")\n\n        .body(\"{  \\\"system\\\": \\\"email\\\",  \\\"value\\\": \\\"mypersonal@email.com\\\",  \\\"use\\\": \\\"home\\\",  \\\"id\\\": \\\"13427653876\\\",  \\\"resourceType\\\": \\\"ContactPoint\\\",  \\\"source\\\": \\\"self Reported\\\",  \\\"originalSource\\\": \\\"Self reported\\\",  \\\"identifier\\\": [    {      \\\"value\\\": \\\"265486578\\\",      \\\"type\\\": {        \\\"text\\\": \\\"System7\\\"      }    }  ],  \\\"period\\\": {    \\\"start\\\": \\\"2016-09-09\\\",    \\\"end\\\": \\\"\\\"  },  \\\"subject\\\": {    \\\"reference\\\": \\\"patient/identifiercode=RTCD, identifiervalue=87546\\\"  }}\")\n\n        .asString();",
        "tags": [
          "Update a contact point (by ID)"
        ],
        "summary": "Update a contact point record for a client who is registered in Merative Integrated Care.",
        "parameters": [
          {
            "in": "header",
            "name": "Referer",
            "type": "string",
            "enum": [
              "curam://foundational.app"
            ],
            "required": true
          },
          {
            "in": "header",
            "name": "X-WCM-TENANT-ID",
            "type": "string",
            "enum": [
              "The tenant ID."
            ],
            "required": true
          },
          {
            "in": "header",
            "name": "X-WCM-TENANT-INSTANCE",
            "type": "string",
            "enum": [
              "The tenant instance."
            ],
            "required": true
          },
          {
            "in": "header",
            "name": "Authorization",
            "type": "string",
            "enum": [
              "The Access Token."
            ],
            "required": true
          },
          {
            "in": "header",
            "name": "X-GRANT-TYPE",
            "type": "string",
            "enum": [
              "client_credentials"
            ],
            "required": true
          },
          {
            "name": "body",
            "in": "body",
            "required": true,
            "schema": {
              "$ref": "#/definitions/ModifiedContactPointExt"
            }
          },
          {
            "name": "id",
            "in": "path",
            "required": true,
            "description": "Mandatory. \n\nThe \"id\" attribute holds the resource ID of the ContactPoint record.",
            "type": "string",
            "maxLength": 900
          }
        ],
        "responses": {
          "200": {
            "description": "The put request was successful.",
            "schema": {
              "$ref": "#/definitions/ModifiedContactPointExt"
            }
          },
          "400": {
            "description": "The data request is invalid. Check the error message for more information and resend the request with the corrected data.\n\nPossible error messages:\n\nEESERR161 - There are no matching individuals based on the ID entered.\n\nEESERR165 - The individual ID value provided, ..., is invalid and not in the correct format.\n\nEESERR180 - The identification details provided match multiple clients.\n\nEESERR182 - The date value provided, ..., is invalid and not in the correct format.\n\nEESERR183 - The date value provided, ..., is invalid.\n\nEESERR193 - A valid reference number or 'identifier' and 'identifierValue' or or 'identifiercode' and 'identifierValue' must be provided.\n\nEESERR612 - Expected resourceType is ContactPoint.\n\nEESERR505 - Invalid 'system' provided for contact point record.\n\nEESERR642 - Failed to map values provided to Merative Integrated Care email type.\n\nEESERR509 - The 'use' provided for contact point 'email' is not supported.\n\nEESERR506 - The 'system' provided for contact point is not supported.\n\nEESERR507 - A 'value' must be provided if contact point is provided.\n\nEESERR508 - A 'use' for contact point must be provided if contact point is provided.\n\nEESERR602 - A 'system' must be specified if contact point is provided.\n\nEESERR643 - Failed to map values provided to Merative Integrated Care phone type.\n\nEESERR511 - The 'use' provided for contact point 'phone' is not supported.\n\nEESERR512 - The 'value' for contact point 'phone' must not exceed 20 characters.\n\nEESERR357 - Values for identifier text and identifier value must be provided if identifier is provided.\n\nEESERR358 - Max number of identifiers to be provided per record is 3.\n\nEESERR350 - Identifiers for a client's record of the same type must be unique.\n\nEESERR353 - Identifier ... - ... matches multiple ContactPoint records for this person.\n\nEESERR354 - Resource id and identifier(s) match different ContactPoint records for this person.\n\nEESERR623 - The record was updated by a Care manager, so it can't be udpated by an external system.\n\nEESERR637 - Failed to update a record.\n\nEESERR652 - Failed to update a record:  ...\n\nEESERR351 - The resource id provided doesn't exist for a ContactPoint record for this person.\n\nEESERR625 - The record was deleted by a Care manager, so it can't be reactivated by an external system.\n\nEESERR648 - Error reading the existing record.\n\nEESERR359 - Resource ... is locked by another process.\n\nEESERR355 - Concurrent processing, please retry.\n\nEESERR636 - Failed to retrieve case ID for the patient.\n\nEESERR647 - Error reading the existing record.\n\nEESERR649 - Error:  ... .\n\nEESERR650 - Error:  ... .\n\nEESERR626 - The record doesn't exist.\n\nEESERR356 - Resource ... doesn't exist.\n\nEESERR481 - Period start date must be before today's date.\n\nEESERR482 - Period end date must be after start date.\n\nEESERR483 - Period start date must be provide if end is provided.\n\nEESERR484 - Period start date must be after patient's birth date.",
            "schema": {
              "$ref": "#/definitions/DefaultErrorModel"
            }
          },
          "401": {
            "description": "Invalid authentication credentials for the target resource entered.",
            "schema": {
              "$ref": "#/definitions/DefaultErrorModel"
            }
          },
          "500": {
            "description": "An internal server error occurred. Contact your administrator for more information.",
            "schema": {
              "$ref": "#/definitions/DefaultErrorModel"
            }
          },
          "default": {
            "description": "An unexpected error occurred. Check the error message for more information.",
            "schema": {
              "$ref": "#/definitions/DefaultErrorModel"
            }
          }
        }
      },
      "delete": {
        "tags": [
          "Delete a contact point"
        ],
        "summary": "Delete a contact point record for a client who is registered in Merative Integrated Care.",
        "description": "Deletes a client's contact point record based on a delete event in the external system that initiates a transfer of information to Merative Integrated Care. WMerative Integrated Care identifies the record to be deleted based on the resource ID that the external system provides.\n\n Example request\n \n    cURL\n    \n    curl -X DELETE \"https://host:port/Rest/v1/ees/individual_telecoms/586789\" -H  \"X-WCM-TENANT-ID: Tenant ID\" -H  \"X-WCM-TENANT-INSTANCE: Tenant Instance\" -H  \"accept: application/json\" -H  \"Referer: curam://foundational.app\" -H  \"Authorization: access_token\" -H  \"X-GRANT-TYPE: client_credentials\"  \n    \n    \n    JAVA\n\n    HttpResponse response = Unirest.delete(\"https://host:port/Rest/v1/ees/individual_telecoms/586789\")\n\n     .header(\"X-WCM-TENANT-INSTANCE\", \"Tenant Instance\")\n\n     .header(\"X-WCM-TENANT-ID\", \"Tenant ID\")\n\n        .header(\"accept\", \"application/json\")\n\n        .header(\"Authorization\", \"access_token\")\n\n        .header(\"X-GRANT-TYPE\", \"client_credentials\")\n\n        .header(\"Referer\", \"curam://foundational.app\")\n\n        .asString();",
        "parameters": [
          {
            "in": "header",
            "name": "Referer",
            "type": "string",
            "enum": [
              "curam://foundational.app"
            ],
            "required": true
          },
          {
            "in": "header",
            "name": "X-WCM-TENANT-ID",
            "type": "string",
            "enum": [
              "The tenant ID."
            ],
            "required": true
          },
          {
            "in": "header",
            "name": "X-WCM-TENANT-INSTANCE",
            "type": "string",
            "enum": [
              "The tenant instance."
            ],
            "required": true
          },
          {
            "in": "header",
            "name": "Authorization",
            "type": "string",
            "enum": [
              "The Access Token."
            ],
            "required": true
          },
          {
            "in": "header",
            "name": "X-GRANT-TYPE",
            "type": "string",
            "enum": [
              "client_credentials"
            ],
            "required": true
          },
          {
            "name": "id",
            "in": "path",
            "required": true,
            "description": "Mandatory. \n\nThe \"id\" attribute holds the resource ID of the ContactPoint record to be deleted.",
            "type": "string",
            "maxLength": 64
          }
        ],
        "responses": {
          "204": {
            "description": "The delete request was successful."
          },
          "400": {
            "description": "The data request is invalid. Check the error message for more information and resend the request with the corrected data.\n\n\n          \n\nPossible error messages returned:\n\nEESERR624 - The record was updated by a Care Manager, so it can't be deleted by an external system.\n\nEESERR638 - Failed to delete a record.\n\nEESERR653 - Failed to delete a record:  ... .\n\nEESERR359 - Resource ... is locked by another process.\n\nEESERR355 - Concurrent processing, please retry.\n\nEESERR636 - Failed to retrieve case ID for the patient.\n\nEESERR647 - Error reading the existing record .\n\nEESERR649 - Error:  ... .\n\nEESERR650 - Error:  ... .\n\nEESERR626 - The record doesn't exist.\n\nEESERR356 - Resource ... doesn't exist.",
            "schema": {
              "$ref": "#/definitions/DefaultErrorModel"
            }
          },
          "401": {
            "description": "Invalid authentication credentials for the target resource entered.",
            "schema": {
              "$ref": "#/definitions/DefaultErrorModel"
            }
          },
          "500": {
            "description": "An internal server error occurred. Contact your administrator for more information.",
            "schema": {
              "$ref": "#/definitions/DefaultErrorModel"
            }
          },
          "default": {
            "description": "An unexpected error occurred. Check the error message for more information.",
            "schema": {
              "$ref": "#/definitions/DefaultErrorModel"
            }
          }
        }
      }
    }
  },
  "definitions": {
    "NewPeriod": {
      "type": "object",
      "properties": {
        "start": {
          "description": "Optional. \n\nThe start date of the record. The expected format is yyyy-MM-dd.",
          "type": "string",
          "format": "date"
        },
        "end": {
          "description": "Optional. \n\nThe end date of the record.  If provided, the start date must also be provided. The expected format is yyyy-MM-dd.",
          "type": "string",
          "format": "date"
        }
      }
    },
    "ModifiedPeriod": {
      "type": "object",
      "properties": {
        "start": {
          "description": "Optional. \n\nThe start date of the record. The expected format is yyyy-MM-dd.",
          "type": "string",
          "format": "date"
        },
        "end": {
          "description": "Optional. \n\nThe end date of the record.  If provided, the start date must also be provided. The expected format is yyyy-MM-dd.",
          "type": "string",
          "format": "date"
        }
      }
    },
    "NewIdentifier": {
      "type": "object",
      "properties": {
        "value": {
          "description": "Optional.\n\nThis attribute stores the external identifier value.If provided, a type.text value must be provided.",
          "type": "string",
          "maxLength": 100
        },
        "type": {
          "$ref": "#/definitions/NewCodeableConcept"
        }
      }
    },
    "NewCodeableConcept": {
      "type": "object",
      "properties": {
        "text": {
          "description": "Optional. \n\nThis attribute stores the value for the identifier type.  It must be provided if an identifier value is provided.",
          "type": "string",
          "maxLength": 100
        }
      }
    },
    "CodeableConceptSource": {
      "type": "object",
      "properties": {
        "text": {
          "description": "Optional\n\nTextual description of codeable concept.",
          "type": "string"
        },
        "coding": {
          "type": "array",
          "maxItems": 1,
          "items": {
            "$ref": "#/definitions/CodingSource"
          }
        }
      }
    },
    "CodingSource": {
      "type": "object",
      "properties": {
        "system": {
          "description": "Required. \n\n\"http://wcm/source\" for source.",
          "type": "string",
          "enum": [
            "http://wcm/source"
          ]
        },
        "code": {
          "description": "Required. \n\nThe \"code\" value describes the source system.\n\nThe value provided maps to Merative Integrated Care Source System",
          "type": "string",
          "maxLength": 20
        }
      },
      "required": [
        "code"
      ]
    },
    "CodeableConceptOriginalSource": {
      "type": "object",
      "properties": {
        "text": {
          "description": "Optional\n\nTextual description of codeable concept.",
          "type": "string"
        },
        "coding": {
          "type": "array",
          "maxItems": 1,
          "items": {
            "$ref": "#/definitions/CodingOriginalSource"
          }
        }
      }
    },
    "CodingOriginalSource": {
      "type": "object",
      "properties": {
        "system": {
          "description": "Required. \n\n\"http://wcm/originalsource\" for orginal source.",
          "type": "string",
          "enum": [
            "http://wcm/originalsource"
          ]
        },
        "code": {
          "description": "Required. \n\nThe \"code\" value describes the original source system.\n\nThe value provided maps to Merative Integrated Care Original Source System",
          "type": "string",
          "maxLength": 20
        }
      },
      "required": [
        "code"
      ]
    },
    "ModifiedSubject": {
      "type": "object",
      "properties": {
        "reference": {
          "description": "The Subject object is used to identify an individual in Merative Integrated Care.\n\n\nThe \"reference\" String is expected to contain identifier details that are used to match an individual in Merative Integrated Care.\n\n\n The string is parsed to extract query parameters and associated values. It can contain a combination of\n\n(1) Merative Integrated Care Patient ID (i.e. Merative Integrated Care Reference Number),\n\n(2) Merative Integrated Care Identification External System Reference and Identification number,\n\n(3) Merative Integrated Care Identification Type and Identification number,\n\n(4) Merative Integrated Care Identification External System Reference and Identification number and birthDate, \n\n(5) Merative Integrated Care Identification Type and Identification number and birthDate.\n\n\nFor example:\n\n(1) Merative Integrated Care Patient ID\n\n    \"subject\":{\n\n        \"reference\" : \"patient/123    \" }   \n\n\n\n(2) Merative Integrated Care Identification External System Reference and Identification number\n\n    \"subject\":{\n\n         \"reference\" : \"patient/identifiercode=xwz, identifiervalue=239\"}  \n\n\n (3) Merative Integrated Care Identification External System Reference and Identification number,\n\n    \"subject\":{\n\n         \"reference\" : \"patient/identifier=Passport, identifiervalue=239\" } \n\n\n(4) Merative Integrated Care Identification External System Reference and Identification number and birthDate,\n\n      \"subject\":{\n\n         \"reference\" : \"patient/identifiercode=xwz, identifiervalue=239, birthDate=19380821\" }    \n\n\n(5) Merative Integrated Care Identification Type and Identification number and birthDate,\n\n       \"subject\":{\n\n         \"reference\" : \"patient/identifiercode=Passport, identifiervalue=239, birthDate=19380821\"  }   ",
          "type": "string",
          "maxLength": 150
        }
      }
    },
    "NewSubject": {
      "type": "object",
      "properties": {
        "reference": {
          "description": "The Subject object is used to identify an individual in Merative Integrated Care.\n\n\nThe \"reference\" String is expected to contain identifier details that are used to match an individual in Merative Integrated Care.\n\n\n The string is parsed to extract query parameters and associated values. It can contain a combination of\n\n(1) Merative Integrated Care Patient ID (i.e. Merative Integrated Care Reference Number),\n\n(2) Merative Integrated Care Identification External System Reference and Identification number,\n\n(3) Merative Integrated Care Identification Type and Identification number,\n\n(4) Merative Integrated Care Identification External System Reference and Identification number and birthDate, \n\n(5) Merative Integrated Care Identification Type and Identification number and birthDate.\n\n\nFor example:\n\n(1) Merative Integrated Care Patient ID\n\n    \"subject\":{\n\n        \"reference\" : \"patient/123    \" }   \n\n\n\n(2) Merative Integrated Care Identification External System Reference and Identification number\n\n    \"subject\":{\n\n         \"reference\" : \"patient/identifiercode=xwz, identifiervalue=239\"}  \n\n\n (3) Merative Integrated Care Identification External System Reference and Identification number,\n\n    \"subject\":{\n\n         \"reference\" : \"patient/identifier=Passport, identifiervalue=239\" } \n\n\n(4) Merative Integrated Care Identification External System Reference and Identification number and birthDate,\n\n      \"subject\":{\n\n         \"reference\" : \"patient/identifiercode=xwz, identifiervalue=239, birthDate=19380821\" }    \n\n\n(5) Merative Integrated Care Identification Type and Identification number and birthDate,\n\n       \"subject\":{\n\n         \"reference\" : \"patient/identifiercode=Passport, identifiervalue=239, birthDate=19380821\"  }   ",
          "type": "string",
          "maxLength": 150
        }
      }
    },
    "ModifiedIdentifier": {
      "type": "object",
      "properties": {
        "value": {
          "description": "Optional.\n\nThis attribute stores the external identifier value.  If provided, a type.text value must be provided.",
          "type": "string",
          "maxLength": 100
        },
        "type": {
          "type": "object",
          "description": "Optional. This object stores the value for the Identifier type.",
          "$ref": "#/definitions/ModifiedCodeableConcept"
        }
      }
    },
    "ModifiedCodeableConcept": {
      "type": "object",
      "properties": {
        "text": {
          "description": "Optional. \n  \n  \nThis attribute stores the value for the Identification type.  It must be provided if an identifier value is provided.",
          "type": "string",
          "maxLength": 100
        }
      }
    },
    "DefaultErrorModel": {
      "type": "object",
      "properties": {
        "Error": {
          "type": "array",
          "items": {
            "$ref": "#/definitions/Error"
          }
        }
      }
    },
    "Error": {
      "type": "object",
      "properties": {
        "code": {
          "type": "integer",
          "format": "int32",
          "description": "A machine-readable code that identifies the problem. This does not vary with the Accept-Language setting."
        },
        "message": {
          "type": "string",
          "description": "A human-readable message. This message text is localized based on the Accept-Language setting of the request. The contents of this message text may change over time."
        },
        "level": {
          "type": "string",
          "description": "The level of the error."
        }
      },
      "required": [
        "code",
        "message",
        "level"
      ]
    },
    "NewContactPointCr": {
      "type": "object",
      "properties": {
        "resourceType": {
          "description": "Mandatory. \n\nThe expected resource type for Telecoms API is \"ContactPoint\".  Any other value is rejected.",
          "type": "string",
          "enum": [
            "ContactPoint"
          ]
        },
        "system": {
          "description": "Mandatory. \n\nThis attribute defines the communications system that is required to make use of the contact.\n\nThe value that is provided for this attribute determines whether the ContactPoint record is a Merative Integrated Care Email or Phone data type.\n\nIf 'phone' is provided, this corresponds to a Merative Integrated Care Phone record.\n\nIf 'email' is provided, this corresponds to a Merative Integrated Care Email record.",
          "type": "string",
          "enum": [
            "phone",
            "email"
          ]
        },
        "value": {
          "description": "Mandatory. \n\nThis attribute stores the actual contact point details.\n\nIf the \"system\" for the ContactPoint record is 'phone', the value must not exceed 20 characters.",
          "type": "string",
          "maxLength": 256
        },
        "use": {
          "description": "Optional. \n\nThe \"use\" attribute describes the purpose of the ContactPoint record.\n\nIf the \"system\" for the ContactPoint record is 'phone', the use value will be mapped to a Phone Type, as follows: \n\n\"home\" > Home\n\n\"work\" > Work\n\n\"temp\" > Temporary\n\n\"mobile\" > Mobile\n\n\"old\" > Old\n\nIf no value is provided, the Merative Integrated Care default value of Home will be applied to Phone Type.\n\n\nIf the \"system\" for the ContactPoint record is 'email', the use value will be mapped to a Email Type, as follows: \n\n\"home\" > Personal\n\n\"work\" > Work\n\n\"temp\" > Temporary\n\n\"old\" > Old\n\nIf no value is provided, the Merative Integrated Care default value of Personal will be applied to Email type.  A mobile \"use\" for an email will be rejected.",
          "type": "string",
          "enum": [
            "home",
            "work",
            "temp",
            "mobile",
            "old"
          ]
        },
        "source": {
          "$ref": "#/definitions/CodeableConceptSource"
        },
        "originalSource": {
          "$ref": "#/definitions/CodeableConceptOriginalSource"
        },
        "identifier": {
          "type": "array",
          "description": "Optional.\n\nThe Identifier list of objects stores values of external identifiers for the enclosing record.\n\nIdentifier objects can be used to create and update records.\n\nAn external system can provide up to 3 identifiers for a record.\n\nWhen a record is created with an external identifier, the same identifier that is provided can be used to identify a record. Therefore send a PUT request to update the record.\n\n\nFor Example:\n\nA contactPoint record is created providing an identifier with the following values:\n\nidentifier.type.text = \"ExtSys1\"\n\nidentifier.value = \"698368\"\n\nA PUT request with an updated content and identifier as follows:\n\nidentifier.type.text = \"ExtSys1\"\n\nidentifier.value = \"698368\"\n\ncan be sent using the following url:\n\n /Rest/v1/ees/individual_telecoms\n\nThe contactPoint record will be updated. ",
          "maxItems": 3,
          "items": {
            "$ref": "#/definitions/NewIdentifier"
          }
        },
        "period": {
          "type": "object",
          "description": "Optional. \n\nA Period object stores the start and the end date of the enclosing record.",
          "$ref": "#/definitions/NewPeriod"
        },
        "subject": {
          "type": "object",
          "description": "A Subject object stores the reference to the Patient the record belongs to.",
          "$ref": "#/definitions/NewSubject"
        }
      },
      "required": [
        "system",
        "resourceType",
        "subject",
        "value"
      ]
    },
    "ModifiedContactPointCr": {
      "type": "object",
      "properties": {
        "resourceType": {
          "description": "Mandatory. \n\nThe expected resource type for Telecoms API is \"ContactPoint\".  Any other value is rejected.",
          "type": "string",
          "enum": [
            "ContactPoint"
          ]
        },
        "system": {
          "description": "Mandatory. \n\nThis attribute defines the communications system that is required to make use of the contact.\n\nThe value provided for this attribute determines whether the ContactPoint record is a Merative Integrated Care Email or Phone data type.\n\nA ContactPoint record that is created as an Email can't be updated providing a 'phone' system. ",
          "type": "string",
          "enum": [
            "phone",
            "email"
          ]
        },
        "value": {
          "description": "Mandatory. \n\nThis attribute stores the actual contact point details.\n\nIf the \"system\" for the ContactPoint record is 'phone', the value must not exceed 20 characters.",
          "type": "string",
          "maxLength": 256
        },
        "use": {
          "description": "Optional. \n\nThe \"use\" attribute describes the purpose of the ContactPoint record.\n\nIf the \"system\" for the ContactPoint record is 'phone', the use value will be mapped to a Phone Type, as follows: \n\n\"home\" > Home\n\n\"work\" > Work\n\n\"temp\" > Temporary\n\n\"mobile\" > Mobile\n\n\"old\" > Old\n\nIf no value is provided, the Merative Integrated Care default value of Home is applied to Phone Type.\n\n\nIf the \"system\" for the ContactPoint record is 'email', the use value will be mapped to a Email Type, as follows: \n\n\"home\" > Personal\n\n\"work\" > Work\n\n\"temp\" > Temporary\n\n\"old\" > Old\n\nIf no value is provided, the Merative Integrated Care default value of Personal is applied to Email type.  A mobile \"use\" for an email is rejected.",
          "type": "string",
          "enum": [
            "home",
            "work",
            "temp",
            "mobile",
            "old"
          ]
        },
        "source": {
          "$ref": "#/definitions/CodeableConceptSource"
        },
        "originalSource": {
          "$ref": "#/definitions/CodeableConceptOriginalSource"
        },
        "identifier": {
          "type": "array",
          "description": "Optional.\n\nThe Identifier list of objects stores values of external identifiers for the enclosing record.\n\nIdentifier objects can be used to create and update records.\n\nAn external system can create record identifiers when creating or updating a record. An external system can provide up to 3 identifiers for a record, for each REST call.\n\nAn individual's record can be identified using external identifiers.\n\nWhen invoking this PUT API, if identifiers that are provided match a contactPoint record for this individual, the record is updated. If no contactPoint record is matched, a new contactPoint record is created.\n\nFor Example:\n\nA contactPoint record that was created providing this identifier:\n\nidentifier.type.text = \"ExtSys1\"\n\nidentifier.value = \"698368\"\n\ncan then be updated invoking this API and providig the same identifier. ",
          "maxItems": 3,
          "items": {
            "$ref": "#/definitions/ModifiedIdentifier"
          }
        },
        "period": {
          "type": "object",
          "description": "Optional. \n\nA Period object stores the start and the end date of the enclosing record.",
          "$ref": "#/definitions/ModifiedPeriod"
        },
        "subject": {
          "type": "object",
          "description": "A Subject object stores the reference to the Patient the record belongs to.",
          "$ref": "#/definitions/ModifiedSubject"
        }
      },
      "required": [
        "system",
        "resourceType",
        "subject",
        "value"
      ]
    },
    "ModifiedContactPointExt": {
      "type": "object",
      "properties": {
        "resourceType": {
          "description": "Mandatory. \n\nThe expected resource type for Telecoms API is \"ContactPoint\".  Any other value is rejected.",
          "type": "string",
          "enum": [
            "ContactPoint"
          ]
        },
        "id": {
          "description": "Mandatory. \n\nThe \"id\" attribute stores the resource ID of the ContactPoint record.",
          "type": "string",
          "maxLength": 900
        },
        "system": {
          "description": "Mandatory. \n\nThis attribute defines the communications system that is required to make use of the contact.\n\nThe value that is provided for this attribute determines whether the ContactPoint record is a Merative Integrated Care Email or Phone data type.\n\nA ContactPoint record created as an Email can't be updated providing a 'phone' system. ",
          "type": "string",
          "enum": [
            "phone",
            "email"
          ]
        },
        "value": {
          "description": "Mandatory. \n\nThis attribute stores the actual contact point details.\n\nIf the \"system\" for the ContactPoint record is 'phone', the value must not exceed 20 characters.",
          "type": "string",
          "maxLength": 256
        },
        "use": {
          "description": "Optional. \n\nThe \"use\" attribute describes the purpose of the ContactPoint record.\n\nIf the \"system\" for the ContactPoint record is 'phone', the use value will be mapped to a Phone Type, as follows: \n\n\"home\" > Home\n\n\"work\" > Work\n\n\"temp\" > Temporary\n\n\"mobile\" > Mobile\n\n\"old\" > Old\n\nIf no value is provided, the Merative Integrated Care default value of Home is applied to Phone Type.\n\n\nIf the \"system\" for the ContactPoint record is 'email', the use value will be mapped to a Email Type, as follows: \n\n\"home\" > Personal\n\n\"work\" > Work\n\n\"temp\" > Temporary\n\n\"old\" > Old\n\nIf no value is provided, the Merative Integrated Care default value of Personal is applied to Email type.  A mobile \"use\" for an email will be rejected.",
          "type": "string",
          "enum": [
            "home",
            "work",
            "temp",
            "mobile",
            "old"
          ]
        },
        "source": {
          "$ref": "#/definitions/CodeableConceptSource"
        },
        "originalSource": {
          "$ref": "#/definitions/CodeableConceptOriginalSource"
        },
        "identifier": {
          "type": "array",
          "maxItems": 3,
          "description": "Optional.\n\nThe Identifier list of objects stores values of external identifiers for the enclosing record.\n\nIdentifier objects can be used to create and update records.\n\nAn external system can create record identifiers when creating or updating a record. An external system can provide up to 3 identifiers for a record, for each REST call.\n\nAn individual's record can be identified using external identifiers.\n\nWhen invoking this PUT API, identifiers are evaluated before they are added to the record to be updated:\n\n- If no other contactPoint record exists with any of these identifiers exist for this individual, the identifiers are added to this record in Merative Integrated Care.\n\n- If another contactPoint record already exists in Merative Integrated Care for this individual with one of the identifiers provided, the request fails.\n\n- If identifiers already exist for a contactPoint record for this individual and the resource ID provided is the one of the contactPoint record, the update is successful.        ",
          "items": {
            "$ref": "#/definitions/ModifiedIdentifier"
          }
        },
        "period": {
          "type": "object",
          "description": "Optional. \n\nA Period object stores the start and the end date of the enclosing record.",
          "$ref": "#/definitions/ModifiedPeriod"
        },
        "subject": {
          "type": "object",
          "description": "A Subject object stores the reference to the Patient the record belongs to.",
          "$ref": "#/definitions/ModifiedSubject"
        }
      },
      "required": [
        "system",
        "resourceType",
        "subject",
        "value"
      ]
    }
  }
}
