{
  "swagger": "2.0",
  "info": {
    "description": "By using the protected APIs that follow, you can create, update, or close provider contact records in Merative Integrated Care so that Merative Integrated Care accurately reflects the external system data. When a contact is created, an external identifier is provided as part of the API. The identifier is then used to identify the contact whose records are to be updated or closed. \n\nA contact can be associated with a provider. For example, the organization’s main contact. If only the provider identifier is provided, the contact is only associated with the provider. A contact can be associated with a provider and a service offering for that provider. For example, the contact responsible for a specific service offering for the provider. If the provider external identifier and the service external identifier is provided, the contact is associated with the provider and the service offering. The contact records that the API creates are read-only in the Merative Integrated Care Tenant Administration application.",
    "version": "1.0",
    "title": "(External Provider) Contact API",
    "contact": {
      "name": "you@your-company.com"
    }
  },
  "host": "host",
  "basePath": "/Rest",
  "schemes": [
    "http",
    "https"
  ],
  "paths": {
    "/v1/epa/contact": {
      "post": {
        "tags": [
          "Contact"
        ],
        "summary": "Create contact records for providers and provider service offerings in Merative Integrated Care.",
        "description": "Creates contact records for providers and provider service offerings based on an update in the external system that initiates a transfer of valid data to Merative Integrated Care. Merative Integrated Care identifies the record to update based on the provider ID and service ID (if applicable) that the external system provides in the path and the body.\n \n    cURL\n    \n    curl -X POST \"https://host:port/Rest/v1/epa/contact\" -H  \"accept: application/json\" -H  \"Content-Type: application/json\" -d \" { \"messageID\" : \"123\", \"id\" : \"extContactESR1\", \"organization_id\": \"extProvider466000\", \"service_id\": \"extService466000\", \"name\": \"Ext contact name1\", \"title\": \"Manager\", \"email\": \"extContact1@example.com\", \"mobile_phone\": { \"id\": \"extMobileESR1\", \"number\": \"9342389951\"  }, \"personal_phone\": { \"id\": \"extPhoneESR1\", \"number\": \"9342389952\" }, \"source\": { \"coding\": [{ \"system\": \"http://wcm/source\", \"code\": \"ExtSS466000\" }], \"text\": \"Acme Systems\" }, \"originalSource\": { \"coding\": [{ \"system\": \"http://wcm/originalsource\", \"code\": \"ExtSS466001\" }], \"text\": \"Acme Systems\" }}  \"     \n  \n      \n    \n    JAVA\n\n    HttpResponse response = Unirest.post(\"https://host:port/Rest/v1/epa/contact\")\n\n        .header(\"accept\", \"application/json\")\n\n       .header(\"Content-Type\", \"application/json\")\n\n    .body(\" { \"messageID\" : \"123\", \"id\" : \"extContactESR1\", \"organization_id\": \"extProvider466000\", \"service_id\": \"extService466000\", \"name\": \"Ext contact name1\", \"title\": \"Manager\", \"email\": \"extContact1@example.com\", \"mobile_phone\": { \"id\": \"extMobileESR1\", \"number\": \"9342389951\"  }, \"personal_phone\": { \"id\": \"extPhoneESR1\", \"number\": \"9342389952\" }, \"source\": { \"coding\": [{ \"system\": \"http://wcm/source\", \"code\": \"ExtSS466000\" }], \"text\": \"Acme Systems\" }, \"originalSource\": { \"coding\": [{ \"system\": \"http://wcm/originalsource\", \"code\": \"ExtSS466001\" }], \"text\": \"Acme Systems\" }}   \")     \n\n        .asString();",
        "operationId": "createContact",
        "consumes": [
          "application/json"
        ],
        "produces": [
          "application/json"
        ],
        "parameters": [
          {
            "in": "body",
            "name": "body",
            "description": "<b>The request body in the JSON format.</b>",
            "required": true,
            "schema": {
              "$ref": "#/definitions/NewContactInfo"
            }
          }
        ],
        "responses": {
          "201": {
            "description": "The post request was successful.",
            "headers": {
              "Location": {
                "type": "string",
                "description": "The location of the new resource."
              }
            }
          },
          "400": {
            "description": "The data request is invalid. Check the error message for further information and resend the request with the corrected data. \n\nThe following list outlines the possible error messages:\n\nEPAERR3301 - Phone, mobile phone, or email address must be entered. \n\nEPAERR3302 - The 'name' entered is too long. The maximum characters that is allowed is 65. \n\nEPAERR3303 - The 'title' entered is too long. The maximum characters that is allowed is 100. \n\nEPAERR3304 - The contact ID is invalid.  \n\nEPAERR3305 - The contact ID exists. \n\nEPAERR3306 - The contact ID is not associated with the service ID.",
            "schema": {
              "$ref": "#/definitions/DefaultErrorModel"
            }
          },
          "500": {
            "description": "An internal server error occurred. Contact your administrator for more information.",
            "schema": {
              "$ref": "#/definitions/DefaultErrorModel"
            }
          },
          "default": {
            "description": "An unexpected error occurred. Check the error message for further information.",
            "schema": {
              "$ref": "#/definitions/DefaultErrorModel"
            }
          }
        }
      },
      "put": {
        "tags": [
          "Contact"
        ],
        "summary": "Update contact records for providers and provider service offerings in Merative Integrated Care.",
        "description": "Updates contact records for providers and provider service offerings based on an update in the external system that initiates a transfer of valid data to Merative Integrated Care. Merative Integrated Care identifies the record to update based on the provider ID and service ID (if applicable) that the external system provides in the path and the body. \n \n    cURL\n    \n    curl -X POST \"https://host:port/Rest/v1/epa/contact\" -H  \"accept: application/json\" -H  \"Content-Type: application/json\" -d \" { \"messageID\" : \"123\", \"id\" : \"extContactESR1\", \"organization_id\": \"extProvider466000\", \"service_id\": \"extService466000\", \"name\": \"Ext contact name1\", \"title\": \"Manager\", \"email\": \"extContact1@example.com\", \"mobile_phone\": { \"id\": \"extMobileESR1\", \"number\": \"9342389951\"  }, \"personal_phone\": { \"id\": \"extPhoneESR1\", \"number\": \"9342389952\" }}  \"     \n  \n      \n    \n    JAVA\n\n    HttpResponse response = Unirest.post(\"https://host:port/Rest/v1/epa/contact\")\n\n        .header(\"accept\", \"application/json\")\n\n       .header(\"Content-Type\", \"application/json\")\n\n    .body(\" { \"messageID\" : \"123\", \"id\" : \"extContactESR1\", \"organization_id\": \"extProvider466000\", \"service_id\": \"extService466000\", \"name\": \"Ext contact name1\", \"title\": \"Manager\", \"email\": \"extContact1@example.com\", \"mobile_phone\": { \"id\": \"extMobileESR1\", \"number\": \"9342389951\"  }, \"personal_phone\": { \"id\": \"extPhoneESR1\", \"number\": \"9342389952\" }}   \")     \n\n        .asString();",
        "operationId": "updateContact",
        "consumes": [
          "application/json"
        ],
        "produces": [
          "application/json"
        ],
        "parameters": [
          {
            "in": "body",
            "name": "body",
            "description": "<b> The request body in the JSON format.</b>",
            "required": true,
            "schema": {
              "$ref": "#/definitions/ModifiedContactInfo"
            }
          }
        ],
        "responses": {
          "200": {
            "description": "The put request was successful.",
            "schema": {
              "$ref": "#/definitions/UpdateContactResponse"
            }
          },
          "400": {
            "description": "The data request is invalid. Check the error message for further information and resend the request with the corrected data. \n\nThe following list outlines the possible error messages:\n\nEPAERR3301 - Phone, mobile phone or email address must be entered. \n\nEPAERR3302 - The 'name' entered is too long. The maximum characters that is allowed is 65. \n\nEPAERR3303 - The 'title' entered is too long. The maximum characters that is allowed is 100. \n\nEPAERR3304 - The contact ID is invalid.\n\nEPAERR3305 - The contact ID exists. \n\nEPAERR3306 - The contact ID is not associated with the service ID.",
            "schema": {
              "$ref": "#/definitions/DefaultErrorModel"
            }
          },
          "500": {
            "description": "An internal server error occurred. Contact your administrator for more information.",
            "schema": {
              "$ref": "#/definitions/DefaultErrorModel"
            }
          },
          "default": {
            "description": "An unexpected error occurred. Check the error message for further information.",
            "schema": {
              "$ref": "#/definitions/DefaultErrorModel"
            }
          }
        }
      }
    },
    "/v1/epa/contact/close": {
      "post": {
        "tags": [
          "Contact"
        ],
        "summary": "Delete contact records for providers and provider service offerings in Merative Integrated Care.",
        "description": "Deletes contact records for providers and provider service offerings based on an update in the external system that initiates a transfer of valid data to Merative Integrated Care. Merative Integrated Care identifies the record to update based on the provider ID and service ID (if applicable) that the external system provides in the path and the body. \n \n    cURL\n    \n    curl -X POST \"https://host:port/Rest/v1/epa/contact/close\" -H  \"accept: application/json\" -H  \"Content-Type: application/json\" -d \" { \"messageID\" : \"123\", \"id\" : \"extContactESR1\", \"organization_id\": \"extProvider466000\", \"service_id\": \"extService466000\"}  \"     \n  \n      \n    \n    JAVA\n\n    HttpResponse response = Unirest.post(\"https://host:port/Rest/v1/epa/contact/close\")\n\n        .header(\"accept\", \"application/json\")\n\n       .header(\"Content-Type\", \"application/json\")\n\n    .body(\" { \"messageID\" : \"123\", \"id\" : \"extContactESR1\", \"organization_id\": \"extProvider466000\", \"service_id\": \"extService466000\"}   \")     \n\n        .asString();",
        "operationId": "deleteContact",
        "consumes": [
          "application/json"
        ],
        "produces": [
          "application/json"
        ],
        "parameters": [
          {
            "name": "contactID",
            "in": "body",
            "description": "<b>The JSON object that contains the referene ID of a contact.</b>.",
            "required": true,
            "schema": {
              "$ref": "#/definitions/DeleteContact"
            }
          }
        ],
        "responses": {
          "200": {
            "description": "The post request was successful.",
            "schema": {
              "type": "array",
              "items": {
                "$ref": "#/definitions/ActionCountResponse"
              }
            }
          },
          "500": {
            "description": "An internal server error occurred. Contact your administrator for more information.",
            "schema": {
              "$ref": "#/definitions/DefaultErrorModel"
            }
          },
          "default": {
            "description": "An unexpected error occurred. Check the error message for further information.",
            "schema": {
              "$ref": "#/definitions/DefaultErrorModel"
            }
          }
        }
      }
    }
  },
  "definitions": {
    "NewContactInfo": {
      "type": "object",
      "properties": {
        "messageID": {
          "type": "integer",
          "format": "int64",
          "example": "1552641913250",
          "description": "The internal record ID for a contact. The field is optional."
        },
        "id": {
          "type": "string",
          "example": "extcontactESR1",
          "description": "The unique identifier of a contact. The field is mandatory.",
          "minLength": 0,
          "maxLength": 20
        },
        "organization_id": {
          "type": "string",
          "example": "extOrg466000",
          "description": "The reference identifier for an organization. The field is mandatory.",
          "minLength": 0,
          "maxLength": 20
        },
        "service_id": {
          "type": "string",
          "example": "extService466000",
          "description": "The reference identifier for a service. The field is optional.",
          "minLength": 0,
          "maxLength": 20
        },
        "name": {
          "$ref": "#/definitions/NewContactName"
        },
        "title": {
          "type": "string",
          "example": "Manager",
          "description": "The role or title of the contact member. The field is optional.",
          "minLength": 0,
          "maxLength": 100
        },
        "email": {
          "type": "string",
          "example": "extContact1@example.com",
          "description": "The email ID of the contact member. Either of the contact numbers or the email ID must be provided.",
          "minLength": 0,
          "maxLength": 256
        },
        "mobile_phone": {
          "$ref": "#/definitions/MobilePhoneInfo"
        },
        "personal_phone": {
          "$ref": "#/definitions/PersonalPhoneInfo"
        },
        "originalSource": {
          "type": "object",
          "description": "Contains the original source system details. The system and the code that corresponds to the original source system of the note. The system reference of the source is http://wcm/originalsourcecode. The field is optional.",
          "$ref": "#/definitions/ExternalContactSource"
        },
        "source": {
          "type": "object",
          "description": "Contains the original source details. The system and the code that corresponds to the source of the note. The system http://wcm/sourcecode is the external system reference of the source. The field is optional.",
          "$ref": "#/definitions/ExternalContactSource"
        }
      }
    },
    "ModifiedContactInfo": {
      "type": "object",
      "properties": {
        "messageID": {
          "type": "integer",
          "format": "int64",
          "example": "1552641913250",
          "description": "The internal record ID for a contact. The field is optional."
        },
        "id": {
          "type": "string",
          "example": "extcontactESR1",
          "description": "The unique identifier of a contact. The field is mandatory.",
          "minLength": 0,
          "maxLength": 20
        },
        "organization_id": {
          "type": "string",
          "example": "extOrg466000",
          "description": "The reference identifier for an organization. The field is mandatory.",
          "minLength": 0,
          "maxLength": 20
        },
        "service_id": {
          "type": "string",
          "example": "extService466000",
          "description": "The reference identifier for a service. The field is optional.",
          "minLength": 0,
          "maxLength": 20
        },
        "name": {
          "$ref": "#/definitions/ModifiedContactName"
        },
        "title": {
          "type": "string",
          "example": "Manager",
          "description": "The role or title of the contact member. The field is optional.",
          "minLength": 0,
          "maxLength": 100
        },
        "email": {
          "type": "string",
          "example": "extContact1@example.com",
          "description": "The email ID of the contact member. Either of the contact numbers or the email ID must be provided.",
          "minLength": 0,
          "maxLength": 256
        },
        "mobile_phone": {
          "$ref": "#/definitions/MobilePhoneInfo"
        },
        "personal_phone": {
          "$ref": "#/definitions/PersonalPhoneInfo"
        }
      }
    },
    "NewContactName": {
      "type": "string",
      "example": "Ext contact name1",
      "description": "The full name of the contact member. The field is optional.",
      "minLength": 0,
      "maxLength": 65
    },
    "ModifiedContactName": {
      "type": "string",
      "example": "Ext contact name2",
      "description": "The full name of the contact member. The field is optional.",
      "minLength": 0,
      "maxLength": 65
    },
    "MobilePhoneInfo": {
      "type": "object",
      "properties": {
        "id": {
          "type": "string",
          "example": "extMobileESR1",
          "description": "The reference identifier for an external contact number. Either of the contact numbers or the email ID must be provided.",
          "minLength": 0,
          "maxLength": 20
        },
        "number": {
          "type": "number",
          "example": "9123456789",
          "description": "The mobile phone number. The field is mandatory.",
          "minLength": 0,
          "maxLength": 20
        }
      }
    },
    "PersonalPhoneInfo": {
      "type": "object",
      "properties": {
        "id": {
          "type": "string",
          "example": "extPhoneESR1",
          "description": "The reference identifier for an external contact number. Either of the contact numbers or the email ID must be provided.",
          "minLength": 0,
          "maxLength": 20
        },
        "number": {
          "type": "number",
          "example": "9123456789",
          "description": "The mobile phone number. The field is mandatory.",
          "minLength": 0,
          "maxLength": 20
        }
      }
    },
    "ExternalContactSource": {
      "type": "object",
      "properties": {
        "text": {
          "type": "string",
          "example": "Acme Systems",
          "description": "The source details.",
          "minLength": 0,
          "maxLength": 100
        },
        "coding": {
          "$ref": "#/definitions/SourceCoding"
        }
      }
    },
    "UpdateContactResponse": {
      "type": "object",
      "properties": {
        "message": {
          "type": "string",
          "example": "OK",
          "description": "The response message from the API."
        },
        "entries": {
          "type": "array",
          "description": "The Merative Integrated Care internal ID of the contact is updated.",
          "uniqueItems": true,
          "items": {
            "$ref": "#/definitions/ModifiedContactInfo"
          }
        }
      }
    },
    "DeleteContact": {
      "type": "object",
      "properties": {
        "messageID": {
          "type": "integer",
          "format": "int64",
          "example": "1552641913250",
          "description": "The internal record ID for a contact. The field is optional"
        },
        "id": {
          "type": "string",
          "example": "extcontactESR1",
          "description": "The unique identifier of a contact. The field is mandatory.",
          "minLength": 0,
          "maxLength": 20
        },
        "organization_id": {
          "type": "string",
          "example": "extOrg466000",
          "description": "The reference identifier for an organization. The field is mandatory.",
          "minLength": 0,
          "maxLength": 20
        },
        "service_id": {
          "type": "string",
          "example": "extService466000",
          "description": "The reference identifier for a service. The field is optional.",
          "minLength": 0,
          "maxLength": 20
        }
      }
    },
    "SourceCoding": {
      "type": "object",
      "properties": {
        "system": {
          "type": "string",
          "example": "http://wcm/originalsource",
          "description": "The FHIR system details.",
          "minLength": 0,
          "maxLength": 100
        },
        "code": {
          "type": "string",
          "example": "ExtSS466001",
          "description": "The FHIR code reference details.",
          "minLength": 0,
          "maxLength": 100
        }
      }
    },
    "GenericResponse": {
      "type": "object",
      "properties": {
        "message": {
          "type": "string",
          "example": "OK",
          "description": "The response message from the API."
        }
      }
    },
    "ActionCountResponse": {
      "type": "object",
      "properties": {
        "successCount": {
          "type": "integer",
          "format": "int32",
          "example": "8",
          "description": "The success count."
        },
        "failureCount": {
          "type": "integer",
          "format": "int32",
          "example": "2",
          "description": "The failure count."
        },
        "totalCount": {
          "type": "integer",
          "format": "int32",
          "example": "10",
          "description": "The total number of entries."
        }
      }
    },
    "DefaultErrorModel": {
      "type": "object",
      "properties": {
        "Error": {
          "type": "array",
          "items": {
            "$ref": "#/definitions/Error"
          }
        }
      }
    },
    "Error": {
      "type": "object",
      "properties": {
        "code": {
          "type": "integer",
          "format": "int32",
          "description": "A machine-readable code that identifies the problem. This code does not vary with the Accept-Language setting."
        },
        "message": {
          "type": "string",
          "description": "A human-readable message. This message text is localized based on the Accept-Language setting of the request. The contents of this message text can change over time."
        },
        "level": {
          "type": "string",
          "description": "The level of the error."
        }
      },
      "required": [
        "code",
        "message",
        "level"
      ]
    }
  }
}
