{
  "swagger": "2.0",
  "info": {
    "version": "v1",
    "title": "Federated Users API",
    "description": "By using the protected API that follows, you can create federated user accounts in Merative Integrated Care that are stored in an external identity provider. When received, Merative Integrated Care security administrators can manage the user account in the same way that manually created accounts are in the Merative Integrated Care security workspace."
  },
  "host": "host",
  "basePath": "/Rest",
  "schemes": [
    "https"
  ],
  "produces": [
    "application/json"
  ],
  "consumes": [
    "application/json"
  ],
  "paths": {
    "/v1/federatedidentity/usermanagement/user": {
      "post": {
        "tags": [
          "Create a federated user"
        ],
        "summary": "Create a federated user in Merative Integrated Care.",
        "description": "Creates a federated user account record based on an event in the external system that initiates a transfer of valid data to Merative Integrated Care.\n\nExample request\n\n    cURL\n\n    curl POST -X \"http://host:port/Rest/v1/federatedidentity/usermanagement/user\" -H\n\n    \"Content-Type: application/json\" -H  \"X-WCM-TENANT-ID: Tenant ID\" -H  \"X-WCM-TENANT-INSTANCE: Tenant Instance\" -H  \"Authorization: access_token\" -H  \"X-GRANT-TYPE: client_credentials\" -H \"Referer: curam//foundational.app\" -d \"{\\\"firstName\\\": \\\"Jane\\\",  \"lastName\\\": \\\"Doe\\\", \\\"email\\\": \\\"jane@eample.com\\\", \\\"workspaces\\\": \\\"Security Administrator,Care Team\\\", \\\"securityRoles\\\": \\\"Care Team Standard Access\\\"}\"\n\n\n    JAVA\n\n    HttpResponse response = Unirest.get(\"https://host:port/Rest/v1/federatedidentity/usermanagement/user\")\n\n      .header(\"accept\", \"application/json\")\n\n      .header(\"Authorization\", \"access_token\")\n\n      .header(\"X-GRANT-TYPE\", \"client_credentials\")\n\n      .header(\"Referrer\", \"curam://foundational.app\")\n\n      .body(\"{\\\"firstName\\\": \\\"Jane\\\", \\\"lastName\\\": \\\"Doe\", \\\"email\\\": \\\"jane@eample.com\\\", \\\"workspaces\\\": \\\"Security Administrator,Care Team\\\", \\\"securityRoles\\\": \\\"Care Team Standard Access\\\"}\\\").asString();\n\n",
        "parameters": [
          {
            "in": "header",
            "name": "Referer",
            "type": "string",
            "enum": [
              "curam://foundational.app"
            ],
            "required": true
          },
          {
            "in": "header",
            "name": "X-WCM-TENANT-ID",
            "type": "string",
            "enum": [
              "The tenant ID."
            ],
            "required": true
          },
          {
            "in": "header",
            "name": "X-WCM-TENANT-INSTANCE",
            "type": "string",
            "enum": [
              "The tenant instance."
            ],
            "required": true
          },
          {
            "in": "header",
            "name": "Authorization",
            "type": "string",
            "enum": [
              "The Access Token."
            ],
            "required": true
          },
          {
            "in": "header",
            "name": "X-GRANT-TYPE",
            "type": "string",
            "enum": [
              "client_credentials"
            ],
            "required": true
          },
          {
            "name": "body",
            "in": "body",
            "required": true,
            "schema": {
              "$ref": "#/definitions/NewCreateUserDetails"
            }
          }
        ],
        "responses": {
          "200": {
            "description": "The post request was successful.",
            "schema": {
              "$ref": "#/definitions/NewCreateUserDetailsResponseJsonResponse"
            }
          },
          "400": {
            "description": "The data request is invalid. Check the error message for further information and resend the request with the corrected data.\n\nPossible error messages:\n\n1. The email address entered has already been assigned to another user. Please enter a different email address.\n\n2. Invalid user email.\n\n3. Invalid user email. 'Email Address' must be entered.\n\n4. 'Default Workspace' must be entered.\n\n5. User name cannot be empty. Please enter first name and surname.",
            "schema": {
              "$ref": "#/definitions/DefaultErrorModel"
            }
          },
          "500": {
            "description": "The data request is invalid. Check the error message for further information and resend the request with the corrected data.\n\nPossible error messages:\n\n1. An un-handled server exception occurred. Please contact your administrator.\n\nNote: This error is caused by inputting an unsupported value for the workspaces or not authenticating correctly.",
            "schema": {
              "$ref": "#/definitions/DefaultErrorModel"
            }
          },
          "default": {
            "description": "An unexpected error occurred. Check the error message for further information.",
            "schema": {
              "$ref": "#/definitions/DefaultErrorModel"
            }
          }
        }
      }
    }
  },
  "definitions": {
    "NewCreateUserDetails": {
      "type": "object",
      "properties": {
        "email": {
          "description": "The user's login ID.",
          "type": "string",
          "maxLength": 256
        },
        "firstName": {
          "description": "The name of the person.",
          "type": "string",
          "maxLength": 65
        },
        "lastName": {
          "description": "The surname of the person.",
          "type": "string",
          "maxLength": 65
        },
        "workspaces": {
          "description": "A comma-separated list of workspaces for the user account. The order of the list is important. The first entry is the user's default workspace. The workspace names must match the values configured in Merative Integrated Care.",
          "type": "string",
          "maxLength": 500
        },
        "securityRoles": {
          "description": "An optional parameter to specify a comma-separated list of security roles for user accounts assigned to the Care Team workspace. Merative Integrated Care includes 1 default security role called Care Team Standard Access on all deployments with role based access control enabled. If additional security roles are configured by a security administrator, you can specify them here. Alternatively, if you want to create a user only with the Care Team workspace assigned and but no security role, leave this field  blank. The security role names must match the values configured in Merative Integrated Care.",
          "type": "string",
          "maxLength": 500
        }
      },
      "required": [
        "email",
        "firstName",
        "lastName",
        "workspaces"
      ]
    },
    "NewCreateUserDetailsResponseJsonResponse": {
      "type": "object",
      "properties": {
        "username": {
          "description": "The unique ID of the user account created in the system. Merative Integrated Care uses this ID internally to identify the user accounts and it is not displayed in the user interface.",
          "type": "string",
          "maxLength": 64
        }
      }
    },
    "DefaultErrorModel": {
      "type": "object",
      "properties": {
        "Error": {
          "type": "array",
          "items": {
            "$ref": "#/definitions/Error"
          }
        }
      }
    },
    "Error": {
      "type": "object",
      "properties": {
        "code": {
          "type": "integer",
          "format": "int32",
          "description": "A machine readable code identifying the problem. This will not vary with the Accept-Language setting."
        },
        "message": {
          "type": "string",
          "description": "A human readable message. This message text is localized based on the Accept-Language setting of the request. The contents of this message text may change over time."
        },
        "level": {
          "type": "string",
          "description": "The level of the error."
        }
      },
      "required": [
        "code",
        "message",
        "level"
      ]
    }
  }
}
