{
  "swagger": "2.0",
  "info": {
    "version": "v1",
    "title": "(Demographics) Identification API",
    "description": "By using the protected APIs that follow, you can send identification updates for a client from an external system to Merative Integrated Care so that Merative Integrated Care accurately reflects the external system data. The client is identified when Merative Integrated Care receives the Merative Integrated Care client ID or the external ID and type (with or without the client's date of birth). The client's identification record is identified when Merative Integrated Care receives an identifier type and record id for each identification."
  },
  "host": "host",
  "basePath": "/Rest",
  "schemes": [
    "https"
  ],
  "produces": [
    "application/json"
  ],
  "consumes": [
    "application/json"
  ],
  "paths": {
    "/v1/ees/individual_identifications": {
      "post": {
        "tags": [
          "Create an identification"
        ],
        "summary": "Create an identification record for a client who is registered in Merative Integrated Care.",
        "description": "Create a client's identification record based on an event in the external system that initiates a transfer of valid data to Merative Integrated Care.\n\n Example request\n \n    cURL\n    \n    curl -X POST \"https://host:port/Rest/v1/ees/individual_identifications\" -H  \"X-WCM-TENANT-ID: Tenant ID\" -H  \"X-WCM-TENANT-INSTANCE: Tenant Instance\" -H  \"Authorization: access_token\" -H  \"X-GRANT-TYPE: client_credentials\" -H \"accept: application/json\" -H \"Referer: curam://foundational.app\" -H \"Content-Type: application/json\" -d \"{  \\\"resourceType\\\": \\\"Identification\\\", \\\"value\\\": 69365799, \\\"source\\\": {    \\\"text\\\": \\\"string\\\", \\\"coding\\\": [ { \\\"system\\\": \\\"http://wcm/source\\\", \\\"code\\\": \\\"XWZS\\\" } ] }, \\\"originalSource\\\": { \\\"text\\\": \\\"string\\\", \\\"coding\\\": [ { \\\"system\\\": \\\"http://wcm/originalsource\\\", \\\"code\\\": \\\"OSSXWZ\\\" } ] }, \\\"type\\\": { \\\"coding\\\": [ { \\\"system\\\": \\\"http://wcm/identification\\\", \\\"code\\\": \\\"IDESR\\\" } ] }, \\\"identifier\\\": [ { \\\"value\\\": 698368, \\\"type\\\": { \\\"text\\\": \\\"ExtSys1\\\" } } ], \\\"period\\\": { \\\"start\\\": \\\"2019-01-14\\\", \\\"end\\\": \\\"\\\" }, \\\"subject\\\": { \\\"reference\\\": \\\"patient/identifiercode=xwz, identifiervalue=239\\\" }}\"\n    \n    \n    JAVA\n\n    HttpResponse response = Unirest.post(\"https://host:port/Rest/v1/ees/individual_identifications\")\n\n        .header(\"accept\", \"application/json\")\n\n        .header(\"Authorization\", \"access_token\")\n\n        .header(\"X-GRANT-TYPE\", \"client_credentials\")\n\n        .header(\"X-WCM-TENANT-INSTANCE\", \"Tenant Instance\")\n\n     .header(\"X-WCM-TENANT-ID\", \"Tenant ID\")\n\n        .header(\"Referer\", \"curam://foundational.app\")\n\n        .header(\"Content-Type\", \"application/json\")\n\n        .body(\"{  \\\"resourceType\\\": \\\"Identification\\\", \\\"value\\\": 69365799, \\\"source\\\": { \\\"text\\\": \\\"string\\\", \\\"coding\\\": [ { \\\"system\\\": \\\"http://wcm/source\\\", \\\"code\\\": \\\"XWZS\\\" } ] }, \\\"originalSource\\\": { \\\"text\\\": \\\"string\\\", \\\"coding\\\": [ { \\\"system\\\": \\\"http://wcm/originalsource\\\", \\\"code\\\": \\\"OSSXWZ\\\" } ]  }, \\\"type\\\": { \\\"coding\\\": [ { \\\"system\\\": \\\"http://wcm/identification\\\", \\\"code\\\": \\\"IDESR\\\" } ] }, \\\"identifier\\\": [ { \\\"value\\\": 698368, \\\"type\\\": { \\\"text\\\": \\\"ExtSys1\\\" } } ], \\\"period\\\": { \\\"start\\\": \\\"2019-01-14\\\", \\\"end\\\":  \\\"\\\" }, \\\"subject\\\": { \\\"reference\\\": \\\"patient/identifiercode=xwz, identifiervalue=239\\\" }}\")\n\n        .asString();",
        "parameters": [
          {
            "in": "header",
            "name": "Referer",
            "type": "string",
            "enum": [
              "curam://foundational.app"
            ],
            "required": true
          },
          {
            "in": "header",
            "name": "X-WCM-TENANT-ID",
            "type": "string",
            "enum": [
              "The tenant ID."
            ],
            "required": true
          },
          {
            "in": "header",
            "name": "X-WCM-TENANT-INSTANCE",
            "type": "string",
            "enum": [
              "The tenant instance."
            ],
            "required": true
          },
          {
            "in": "header",
            "name": "Authorization",
            "type": "string",
            "enum": [
              "The Access Token."
            ],
            "required": true
          },
          {
            "in": "header",
            "name": "X-GRANT-TYPE",
            "type": "string",
            "enum": [
              "client_credentials"
            ],
            "required": true
          },
          {
            "name": "body",
            "in": "body",
            "description": "The inbound message that contains the information required to create a client identification record.",
            "required": true,
            "schema": {
              "$ref": "#/definitions/IdentificationCr"
            }
          }
        ],
        "responses": {
          "201": {
            "description": "The post request was successful.",
            "headers": {
              "Location": {
                "type": "string",
                "description": "The location of the new resource."
              }
            }
          },
          "400": {
            "description": "The data request is invalid. Check the error message for more information and resend the request with the corrected data.\n\n\n\nPossible errors message:\n\nEESERR161 - There are no matching individuals based on the ID entered.\n\nEESERR165 - The individual ID value provided, ..., is invalid and not in the correct format.\n\nEESERR180 - The identification details provided match multiple clients.\n\nEESERR182 - The date value provided, ..., is invalid and not in the correct format.\n\nEESERR183 - The date value provided, ..., is invalid.\n\nEESERR193 - A valid reference number or 'identifier' and 'identifierValue' or or 'identifiercode' and 'identifierValue' must be provided.\n\nEESERR628 - External system reference value provided for patient identifier code matches no record.\n\nEESERR646 - Failed to map values provided to Merative Integrated Care identification type.\n\nEESERR615 - Expected resourceType is Identification.\n\nEESERR513 - An Identification External System Reference 'code' is mandatory for patient Identifier.\n\nEESERR514 - Only 1 coding object can be provided for patient Identifier.\n\nEESERR515 - Only Merative Integrated Care system is supported for patient Identifier codes.\n\nEESERR516 - A 'value' must be provided if patient Identifier is provided.\n\nEESERR517 - The 'value' for patient Identifier must not exceed 18 characters.\n\nEESERR603 - The 'code' for patient Identifier must not exceed 20 characters.\n\nEESERR504 - A subject reference must be provided.\n\nEESERR635 - Failed to create a record.\n\nEESERR651 - Failed to create a record: ...\n\nEESERR357 - Values for identifier text and identifier value must be provided if identifier is provided.\n\nEESERR358 - Max number of identifiers to be provided per record is 3.\n\nEESERR350 - Identifiers for a client's record of the same type must be unique.\n\nEESERR353 - Identifier ... - ... matches multiple ContactPoint records for this person.\n\nEESERR354 - Resource id and identifier(s) match different ContactPoint records for this person.\n\nEESERR352 - ContactPoint record with identifier ... - ... already exists for this person.\n\nEESERR359 - Resource ... is locked by another process.\n\nEESERR355 - Concurrent processing, please retry.\n\nEESERR636 - Failed to retrieve case ID for the patient.\n\nEESERR649 - Error:  ... .\n\nEESERR650 - Error:  ... .\n\nEESERR481 - Period start date must be before today's date.\n\nEESERR482 - Period end date must be after start date.\n\nEESERR483 - Period start date must be provided if end is provided.\n\nEESERR484 - Period start date must be after patient's birth date.\n\nEESERR616 - A valid reference for a source system must be provided.\n  \nEESERR617 - A valid reference for an original source system must be provided.",
            "schema": {
              "$ref": "#/definitions/DefaultErrorModel"
            }
          },
          "401": {
            "description": "Invalid authentication credentials for the target resource entered.",
            "schema": {
              "$ref": "#/definitions/DefaultErrorModel"
            }
          },
          "500": {
            "description": "An internal server error occurred. Contact your administrator for more information.",
            "schema": {
              "$ref": "#/definitions/DefaultErrorModel"
            }
          },
          "default": {
            "description": "An unexpected error occurred. Check the error message for more information.",
            "schema": {
              "$ref": "#/definitions/DefaultErrorModel"
            }
          }
        }
      },
      "put": {
        "tags": [
          "Update an identification"
        ],
        "parameters": [
          {
            "in": "header",
            "name": "Referer",
            "type": "string",
            "enum": [
              "curam://foundational.app"
            ],
            "required": true
          },
          {
            "in": "header",
            "name": "X-WCM-TENANT-ID",
            "type": "string",
            "enum": [
              "The tenant ID."
            ],
            "required": true
          },
          {
            "in": "header",
            "name": "X-WCM-TENANT-INSTANCE",
            "type": "string",
            "enum": [
              "The tenant instance."
            ],
            "required": true
          },
          {
            "in": "header",
            "name": "Authorization",
            "type": "string",
            "enum": [
              "The Access Token."
            ],
            "required": true
          },
          {
            "in": "header",
            "name": "X-GRANT-TYPE",
            "type": "string",
            "enum": [
              "client_credentials"
            ],
            "required": true
          },
          {
            "name": "body",
            "in": "body",
            "description": "The inbound message that contains the information required to update a client identification record.",
            "required": true,
            "schema": {
              "$ref": "#/definitions/ModifiedIdentificationCr"
            }
          }
        ],
        "description": "Updates a client's identification record assuming that a matching record is found when the external system initiates a transfer of valid data to Merative Integrated Care.\n\nMerative Integrated Care identifies the record to be updated based on the external identifiers that the external system provides in the body. If no matching identification record is found, Merative Integrated Care creates a new identification record for the individual.\n\n Example request\n \n \n    cURL\n    \n    curl -X PUT \"https://host:port/Rest/v1/ees/individual_identifications\" -H  \"X-WCM-TENANT-ID: Tenant ID\" -H  \"X-WCM-TENANT-INSTANCE: Tenant Instance\" -H  \"Authorization: access_token\" -H  \"X-GRANT-TYPE: client_credentials\" -H \"accept: application/json\" -H \"Referer: curam://foundational.app\" -H \"Content-Type: application/json\" -d \"{ \\\"resourceType\\\": \\\"Identification\\\", \\\"value\\\": 69365799, \\\"source\\\": { \\\"text\\\": \\\"string\\\", \\\"coding\\\": [ { \\\"system\\\": \\\"http://wcm/source\\\", \\\"code\\\": \\\"XWZS\\\" } ] }, \\\"originalSource\\\": { \\\"text\\\": \\\"string\\\", \\\"coding\\\": [ { \\\"system\\\": \\\"http://wcm/originalsource\\\", \\\"code\\\": \\\"OSSXWZ\\\" } ] }, \\\"type\\\": { \\\"coding\\\": [ { \\\"system\\\": \\\"http://wcm/identification\\\", \\\"code\\\": \\\"IDESR\\\" } ] }, \\\"identifier\\\": [ { \\\"value\\\": 698368, \\\"type\\\": { \\\"text\\\": \\\"ExtSys1\\\" } } ], \\\"period\\\": { \\\"start\\\": \\\"2019-01-14\\\", \\\"end\\\": \\\"\\\" }, \\\"subject\\\": { \\\"reference\\\": \\\"patient/identifiercode=xwz, identifiervalue=239\\\" }}\"\n    \n    \n    JAVA\n\n    HttpResponse response = Unirest.put(\"https://host:port/Rest/v1/ees/individual_identifications\")\n\n        .header(\"accept\", \"application/json\")\n\n        .header(\"Authorization\", \"access_token\")\n\n        .header(\"X-GRANT-TYPE\", \"client_credentials\")\n\n        .header(\"X-WCM-TENANT-INSTANCE\", \"Tenant Instance\")\n\n     .header(\"X-WCM-TENANT-ID\", \"Tenant ID\")\n\n        .header(\"Referer\", \"curam://foundational.app\")\n\n        .header(\"Content-Type\", \"application/json\")\n\n        .body(\"{ \\\"resourceType\\\": \\\"Identification\\\", \\\"value\\\": 69365799, \\\"source\\\": { \\\"text\\\": \\\"string\\\", \\\"coding\\\": [ { \\\"system\\\": \\\"http://wcm/source\\\", \\\"code\\\": \\\"XWZS\\\" } ] }, \\\"originalSource\\\": { \\\"text\\\": \\\"string\\\", \\\"coding\\\": [ { \\\"system\\\": \\\"http://wcm/originalsource\\\", \\\"code\\\": \\\"OSSXWZ\\\" } ] }, \\\"type\\\": { \\\"coding\\\": [ { \\\"system\\\": \\\"http://wcm/identification\\\", \\\"IDESR\\\": \\\"string\\\" } ] }, \\\"identifier\\\": [ { \\\"value\\\": 698368, \\\"type\\\": { \\\"text\\\": \\\"ExtSys1\\\" } } ], \\\"period\\\": { \\\"start\\\": \\\"2019-01-14\\\", \\\"end\\\": \\\"\\\" }, \\\"subject\\\": { \\\"reference\\\": \\\"patient/identifiercode=xwz, identifiervalue=239\\\" }}\")\n\n        .asString();",
        "summary": "Update an identification record for a client who is registered in Merative Integrated Care.",
        "responses": {
          "200": {
            "description": "The put request was successful.",
            "schema": {
              "$ref": "#/definitions/ModifiedIdentification"
            }
          },
          "400": {
            "description": "The data request is invalid. Check the error message for more information and resend the request with the corrected data.\n\n\nPossible error messages:\n\nEESERR161 - There are no matching individuals based on the ID entered.\n\nEESERR165 - The individual ID value provided, ..., is invalid and not in the correct format.\n\nEESERR180 - The identification details provided match multiple clients.\n\nEESERR182 - The date value provided, ..., is invalid and not in the correct format.\n\nEESERR183 - The date value provided, ..., is invalid.\n\nEESERR193 - A valid reference number or 'identifier' and 'identifierValue' or or 'identifiercode' and 'identifierValue' must be provided.\n\nEESERR628 - External system reference value provided for patient identifier code matches no record.\n\nEESERR632 - Patient Identifier 'use' can't be updated with a value different from the existing one.\n\nEESERR646 - Failed to map values provided to Merative Integrated Care identification type.\n\nEESERR615 - Expected resourceType is Identification.\n\nEESERR513 - An Identification External System Reference 'code' is mandatory for patient Identifier.\n\nEESERR514 - Only 1 coding object can be provided for patient Identifier.\n\nEESERR515 - Only Merative Integrated Care system is supported for patient Identifier codes.\n\nEESERR516 - A 'value' must be provided if patient Identifier is provided.\n\nEESERR517 - The 'value' for patient Identifier must not exceed 18 characters.\n\nEESERR504 - A subject reference must be provided.\n\nEESERR603 - The 'code' for patient Identifier must not exceed 20 characters.\n\nEESERR357 - Values for identifier text and identifier value must be provided if identifier is provided.\n\nEESERR358 - Max number of identifiers to be provided per record is 3.\n\nEESERR350 - Identifiers for a client's record of the same type must be unique.\n\nEESERR353 - Identifier ... - ... matches multiple Identification records for this person.\n\nEESERR354 - Resource id and identifier(s) match different Identification records for this person.\n\nEESERR623 - The record was updated by a Care manager, so it can't be udpated by an external system.\n\nEESERR637 - Failed to update a record.\n\nEESERR652 - Failed to update a record:  ...\n\nEESERR351 - The resource id provided doesn't exist for a Identification record for this person.\n\nEESERR625 - The record was deleted by a Care manager, so it can't be reactivated by an external system.\n\nEESERR648 - Error reading the existing record .\n\nEESERR359 - Resource ... is locked by another process.\n\nEESERR355 - Concurrent processing, please retry.\n\nEESERR636 - Failed to retrieve case ID for the patient.\n\nEESERR647 - Error reading the existing record .\n\nEESERR649 - Error:  ... .\n\nEESERR650 - Error:  ... .\n\nEESERR626 - The record doesn't exist.\n\nEESERR356 - Resource ... doesn't exist.\n\nEESERR481 - Period start date must be before today's date.\n\nEESERR482 - Period end date must be after start date.\n\nEESERR483 - Period start date must be provide if end is provided.\n\nEESERR484 - Period start date must be after patient's birth date.\n\nEESERR616 - A valid reference for a source system must be provided.\n  \nEESERR617 - A valid reference for an original source system must be provided.",
            "schema": {
              "$ref": "#/definitions/DefaultErrorModel"
            }
          },
          "401": {
            "description": "Invalid authentication credentials for the target resource entered.",
            "schema": {
              "$ref": "#/definitions/DefaultErrorModel"
            }
          },
          "500": {
            "description": "An internal server error occurred. Contact your administrator for more information.",
            "schema": {
              "$ref": "#/definitions/DefaultErrorModel"
            }
          },
          "default": {
            "description": "An unexpected error occurred. Check the error message for further information",
            "schema": {
              "$ref": "#/definitions/DefaultErrorModel"
            }
          }
        }
      }
    },
    "/v1/ees/individual_identifications/{id}": {
      "put": {
        "tags": [
          "Update an identification (by ID)"
        ],
        "parameters": [
          {
            "in": "header",
            "name": "Referer",
            "type": "string",
            "enum": [
              "curam://foundational.app"
            ],
            "required": true
          },
          {
            "in": "header",
            "name": "X-WCM-TENANT-ID",
            "type": "string",
            "enum": [
              "The tenant ID."
            ],
            "required": true
          },
          {
            "in": "header",
            "name": "X-WCM-TENANT-INSTANCE",
            "type": "string",
            "enum": [
              "The tenant instance."
            ],
            "required": true
          },
          {
            "in": "header",
            "name": "Authorization",
            "type": "string",
            "enum": [
              "The Access Token."
            ],
            "required": true
          },
          {
            "in": "header",
            "name": "X-GRANT-TYPE",
            "type": "string",
            "enum": [
              "client_credentials"
            ],
            "required": true
          },
          {
            "name": "body",
            "in": "body",
            "description": "The inbound message that contains the information required to update a client identification record.",
            "required": true,
            "schema": {
              "$ref": "#/definitions/ModifiedIdentification"
            }
          },
          {
            "name": "id",
            "in": "path",
            "required": true,
            "description": "Mandatory. \n\nThe \"id\" attribute stores the Identification resource ID.",
            "type": "string",
            "maxLength": 64
          }
        ],
        "description": "Updates a client's identification record assuming that a matching record is found when the external system initiates a transfer of valid data to Merative Integrated Care.\n\nMerative Integrated Care identifies the record to be updated based on the resource ID that the external system provides in the path and body. \n\n\n Example request\n \n    cURL\n    \n    curl -X PUT \"https://host:port/Rest/v1/ees/individual_identifications/12345678910\" -H  \"X-WCM-TENANT-ID: Tenant ID\" -H  \"X-WCM-TENANT-INSTANCE: Tenant Instance\" -H  \"Authorization: access_token\" -H  \"X-GRANT-TYPE: client_credentials\" -H \"accept: application/json\" -H \"Referer: curam://foundational.app\" -H \"Content-Type: application/json\" -d \"{ \\\"resourceType\\\": \\\"Identification\\\", \\\"id\\\": \\\"3333333\\\", \\\"value\\\": 69365799, \\\"source\\\": { \\\"text\\\": \\\"string\\\", \\\"coding\\\": [ { \\\"system\\\": \\\"http://wcm/source\\\", \\\"code\\\": \\\"XWZS\\\" } ] }, \\\"originalSource\\\": { \\\"text\\\": \\\"string\\\", \\\"coding\\\": [ { \\\"system\\\": \\\"http://wcm/originalsource\\\", \\\"code\\\": \\\"OSSXWZ\\\" } ] }, \\\"type\\\": { \\\"coding\\\": [ { \\\"system\\\": \\\"http://wcm/identification\\\", \\\"code\\\": \\\"IDESR\\\" } ] }, \\\"identifier\\\": [ { \\\"value\\\": 698368, \\\"type\\\": { \\\"text\\\": \\\"ExtSys1\\\" } } ], \\\"period\\\": { \\\"start\\\": \\\"2019-01-14\\\", \\\"end\\\": \\\"\\\" }, \\\"subject\\\": { \\\"reference\\\": \\\"patient/identifiercode=xwz, identifiervalue=239\\\" }}\"\n    \n    \n    JAVA\n\n    HttpResponse response = Unirest.put(\"https://host:port/Rest/v1/ees/individual_identifications/456745\")\n\n        .header(\"accept\", \"application/json\")\n\n        .header(\"Authorization\", \"access_token\")\n\n        .header(\"X-GRANT-TYPE\", \"client_credentials\")\n\n        .header(\"X-WCM-TENANT-INSTANCE\", \"Tenant Instance\")\n\n     .header(\"X-WCM-TENANT-ID\", \"Tenant ID\")\n\n        .header(\"Referer\", \"curam://foundational.app\")\n\n        .header(\"Content-Type\", \"application/json\")\n\n        .body(\"{ \\\"resourceType\\\": \\\"Identification\\\", \\\"id\\\": \\\"3333333\\\", \\\"value\\\": 69365799, \\\"source\\\": { \\\"text\\\": \\\"string\\\", \\\"coding\\\": [ { \\\"system\\\": \\\"http://wcm/source\\\", \\\"code\\\": \\\"XWZS\\\" } ] }, \\\"originalSource\\\": { \\\"text\\\": \\\"string\\\", \\\"coding\\\": [ { \\\"system\\\": \\\"http://wcm/originalsource\\\", \\\"code\\\": \\\"OSSXWZ\\\" } ] }, \\\"type\\\": { \\\"coding\\\": [ { \\\"system\\\": \\\"http://wcm/identification\\\", \\\"code\\\": \\\"IDESR\\\" } ] }, \\\"identifier\\\": [ { \\\"value\\\": 698368, \\\"type\\\": { \\\"text\\\": \\\"ExtSys1\\\" } } ], \\\"period\\\": { \\\"start\\\": \\\"2019-01-14\\\", \\\"end\\\": \\\"\\\" }, \\\"subject\\\": { \\\"reference\\\": \\\"patient/identifiercode=xwz, identifiervalue=239\\\" }}\")\n\n        .asString();",
        "summary": "Update an identification record for a client who is registered in Merative Integrated Care.",
        "responses": {
          "200": {
            "description": "The put request was successful.",
            "schema": {
              "$ref": "#/definitions/ModifiedIdentification"
            }
          },
          "400": {
            "description": "The data request is invalid. Check the error message for more information and resend the request with the corrected data.\n\n\n\n\nPossible error messages:\n\nEESERR161 - There are no matching individuals based on the ID entered.\n\nEESERR165 - The individual ID value provided, ..., is invalid and not in the correct format.\n\nEESERR180 - The identification details provided match multiple clients.\n\nEESERR182 - The date value provided, ..., is invalid and not in the correct format.\n\nEESERR183 - The date value provided, ..., is invalid.\n\nEESERR193 - A valid reference number or 'identifier' and 'identifierValue' or or 'identifiercode' and 'identifierValue' must be provided.\n\nEESERR628 - External system reference value provided for patient identifier code matches no record.\n\nEESERR632 - Patient Identifier 'use' can't be updated with a value different from the existing one.\n\nEESERR646 - Failed to map values provided to Merative Integrated Care identification type.\n\nEESERR615 - Expected resourceType is Identification.\n\nEESERR513 - An Identification External System Reference 'code' is mandatory for patient Identifier.\n\nEESERR514 - Only 1 coding object can be provided for patient Identifier.\n\nEESERR515 - Only Merative Integrated Care system is supported for patient Identifier codes.\n\nEESERR516 - A 'value' must be provided if patient Identifier is provided.\n\nEESERR517 - The 'value' for patient Identifier must not exceed 18 characters.\n\nEESERR504 - A subject reference must be provided.\n\nEESERR603 - The 'code' for patient Identifier must not exceed 20 characters.\n\nEESERR357 - Values for identifier text and identifier value must be provided if an identifier is provided.\n\nEESERR358 - Max number of identifiers to be provided per record is 3.\n\nEESERR350 - Identifiers for a client's record of the same type must be unique.\n\nEESERR353 - Identifier ... - ... matches multiple Identification records for this person.\n\nEESERR354 - Resource id and identifier(s) match different Identification records for this person.\n\nEESERR623 - The record was updated by a Care manager, so it can't be udpated by an external system.\n\nEESERR637 - Failed to update a record.\n\nEESERR652 - Failed to update a record:  ...\n\nEESERR351 - The resource id provided doesn't exist for a Identification record for this person.\n\nEESERR625 - The record was deleted by a Care manager, so it can't be reactivated by an external system.\n\nEESERR648 - Error reading the existing record .\n\nEESERR359 - Resource ... is locked by another process.\n\nEESERR355 - Concurrent processing, please retry.\n\nEESERR636 - Failed to retrieve case ID for the patient.\n\nEESERR647 - Error reading the existing record .\n\nEESERR649 - Error:  ... .\n\nEESERR650 - Error:  ... .\n\nEESERR626 - The record doesn't exist.\n\nEESERR356 - Resource ... doesn't exist.\n\nEESERR481 - Period start date must be before today's date.\n\nEESERR482 - Period end date must be after start date.\n\nEESERR483 - Period start date must be provide if end is provided.\n\nEESERR484 - Period start date must be after patient's birth date.\n\nEESERR616 - A valid reference for a source system must be provided.\n  \nEESERR617 - A valid reference for an original source system must be provided.",
            "schema": {
              "$ref": "#/definitions/DefaultErrorModel"
            }
          },
          "401": {
            "description": "Invalid authentication credentials for the target resource entered.",
            "schema": {
              "$ref": "#/definitions/DefaultErrorModel"
            }
          },
          "500": {
            "description": "An internal server error occurred. Contact your administrator for more information.",
            "schema": {
              "$ref": "#/definitions/DefaultErrorModel"
            }
          },
          "default": {
            "description": "An unexpected error occurred. Check the error message for more information.",
            "schema": {
              "$ref": "#/definitions/DefaultErrorModel"
            }
          }
        }
      },
      "delete": {
        "tags": [
          "Delete an identification"
        ],
        "description": "Deletes a client's identification based on a delete event in the external system that initiates a transfer of information to Merative Integrated Care. Merative Integrated Care identifies the record to be deleted based on the resource ID that the external system provides.\n\n Example request\n \n    cURL\n    \n    curl -X DELETE \"https://host:port/Rest/v1/ees/individual_identifications/8675876\" -H  \"X-WCM-TENANT-ID: Tenant ID\" -H  \"X-WCM-TENANT-INSTANCE: Tenant Instance\" -H  \"Authorization: access_token\" -H  \"X-GRANT-TYPE: client_credentials\" -H  \"accept: application/json\" -H  \"Referer: curam://foundational.app\" -H  \"Authorization: access_token\" -H  \"X-GRANT-TYPE: client_credentials\"  \n    \n    \n    JAVA\n\n    HttpResponse response = Unirest.delete(\"https://host:port/Rest/v1/ees/individual_identifications/8675876\")\n\n        .header(\"accept\", \"application/json\")\n\n        .header(\"Authorization\", \"access_token\")\n\n        .header(\"X-GRANT-TYPE\", \"client_credentials\")\n\n        .header(\"X-WCM-TENANT-INSTANCE\", \"Tenant Instance\")\n\n     .header(\"X-WCM-TENANT-ID\", \"Tenant ID\")\n\n        .header(\"Referer\", \"curam://foundational.app\")\n\n        .asString();",
        "summary": "Delete an identification record for a client who is registered in Merative Integrated Care.",
        "parameters": [
          {
            "in": "header",
            "name": "Referer",
            "type": "string",
            "enum": [
              "curam://foundational.app"
            ],
            "required": true
          },
          {
            "in": "header",
            "name": "X-WCM-TENANT-ID",
            "type": "string",
            "enum": [
              "The tenant ID."
            ],
            "required": true
          },
          {
            "in": "header",
            "name": "X-WCM-TENANT-INSTANCE",
            "type": "string",
            "enum": [
              "The tenant instance."
            ],
            "required": true
          },
          {
            "in": "header",
            "name": "Authorization",
            "type": "string",
            "enum": [
              "The Access Token."
            ],
            "required": true
          },
          {
            "in": "header",
            "name": "X-GRANT-TYPE",
            "type": "string",
            "enum": [
              "client_credentials"
            ],
            "required": true
          },
          {
            "name": "id",
            "in": "path",
            "required": true,
            "description": "Mandatory. \n\nThe \"id\" attribute stores the Identification resource ID to be deleted.",
            "type": "string",
            "maxLength": 64
          }
        ],
        "responses": {
          "204": {
            "description": "The delete request was successful."
          },
          "400": {
            "description": "The data request is invalid. Check the error message for further information and resend the request with the corrected data.\n\nEESERR624 - The record was updated by a Care Manager, so it can't be deleted by an external system.\n\nEESERR638 - Failed to delete a record.\n\nEESERR653 - Failed to delete a record:  ... .\n\nEESERR359 - Resource ... is locked by another process.\n\nEESERR355 - Concurrent processing, please retry.\n\nEESERR636 - Failed to retrieve case ID for the patient.\n\nEESERR647 - Error reading the existing record .\n\nEESERR649 - Error:  ... .\n\nEESERR650 - Error:  ... .\n\nEESERR626 - The record doesn't exist.\n\nEESERR356 - Resource ... doesn't exist.",
            "schema": {
              "$ref": "#/definitions/DefaultErrorModel"
            }
          },
          "500": {
            "description": "An internal server error occurred. Contact your administrator for more information.",
            "schema": {
              "$ref": "#/definitions/DefaultErrorModel"
            }
          },
          "default": {
            "description": "An unexpected error occurred. Check the error message for more information.",
            "schema": {
              "$ref": "#/definitions/DefaultErrorModel"
            }
          }
        }
      }
    }
  },
  "definitions": {
    "IdentificationCr": {
      "type": "object",
      "properties": {
        "resourceType": {
          "description": "Mandatory. \n\nThe expected resource type for Identifications API is \"Identification\".  Any other value will be rejected.",
          "type": "string",
          "enum": [
            "Identification"
          ]
        },
        "value": {
          "description": "Mandatory. \n\n\nThe identification value corresponds to the Identification number in Merative Integrated Care.",
          "type": "string",
          "maxLength": 18,
          "example": 69365799
        },
        "source": {
          "$ref": "#/definitions/CodeableConceptSource"
        },
        "originalSource": {
          "$ref": "#/definitions/CodeableConceptOriginalSource"
        },
        "type": {
          "$ref": "#/definitions/CodeableConceptPI"
        },
        "identifier": {
          "type": "array",
          "description": "Optional.\n\nThe Identifier list of objects stores values of external identifiers for the enclosing record.\n\nIdentifier objects can be usd to create and update records.\n\nAn external system can provide up to 3 identifiers for a record.\n\nWhen a record is created with an external identifier, the same identifier provided can be used to identify a record. Therefore send a PUT request to update the record.\n\n\nFor Example:\nAn Identification record is created providing an identifier with the following values:\n\nidentifier.type.text = \"ExtSys1\"\n\nidentifier.value = \"698368\"\n\nA PUT request with an updated content and identifier as follows:\n\nidentifier.type.text = \"ExtSys1\"\n\nidentifier.value = \"698368\"\n\ncan be sent using the following url:\n\n /Rest/v1/ees/individual_identifications\n\nThe Identification record is updated. ",
          "maxItems": 3,
          "items": {
            "$ref": "#/definitions/Identifier"
          }
        },
        "period": {
          "$ref": "#/definitions/Period"
        },
        "subject": {
          "$ref": "#/definitions/Subject"
        }
      },
      "required": [
        "resourceType",
        "value",
        "type",
        "subject",
        "source"
      ]
    },
    "Period": {
      "type": "object",
      "properties": {
        "start": {
          "description": "Optional. \n\nThe start date of the record. The expected format is yyyy-MM-dd.",
          "type": "string",
          "format": "date"
        },
        "end": {
          "description": "Optional. \n\nThe end date of the record.  If provided, the start date must also be provided.  The expected format is yyyy-MM-dd.",
          "type": "string",
          "format": "date"
        }
      }
    },
    "Identifier": {
      "type": "object",
      "properties": {
        "value": {
          "description": "Optional.\n\n\nThis attribute stores the external identifier value. \n\nIf provided, a type.text value must be provided.",
          "type": "string",
          "maxLength": 100,
          "example": 698368
        },
        "type": {
          "$ref": "#/definitions/CodeableConcept"
        }
      }
    },
    "Subject": {
      "type": "object",
      "properties": {
        "reference": {
          "description": "The Subject object is used to identify an individual in Merative Integrated Care.\n\n\nThe \"reference\" String is expected to contain identifier details that will be used to match an individual in Merative Integrated Care.\n\n\n The string is parsed to extract query parameters and associated values. It can contain a combination of\n\n(1) Merative Integrated Care Patient ID (i.e. Merative Integrated Care Reference Number),\n\n(2) Merative Integrated Care Identification External System Reference and Identification number,\n\n(3) Merative Integrated Care Identification Type and Identification number,\n\n(4) Merative Integrated Care Identification External System Reference and Identification number and birthDate, \n\n(5) Merative Integrated Care Identification Type and Identification number and birthDate.\n\n\nFor example:\n\n(1) Merative Integrated Care Patient ID\n\n    \"subject\":{\n\n        \"reference\" : \"patient/123    \" }   \n\n\n\n(2) Merative Integrated Care Identification External System Reference and Identification number\n\n    \"subject\":{\n\n         \"reference\" : \"patient/identifiercode=xwz, identifiervalue=239\"}  \n\n\n (3) Merative Integrated Care Identification External System Reference and Identification number,\n\n    \"subject\":{\n\n         \"reference\" : \"patient/identifier=Passport, identifiervalue=239\" } \n\n\n(4) Merative Integrated Care Identification External System Reference and Identification number and birthDate,\n\n      \"subject\":{\n\n         \"reference\" : \"patient/identifiercode=xwz, identifiervalue=239, birthDate=19380821\" }    \n\n\n(5) Merative Integrated Care Identification Type and Identification number and birthDate,\n\n       \"subject\":{\n\n         \"reference\" : \"patient/identifiercode=Passport, identifiervalue=239, birthDate=19380821\"  }   ",
          "type": "string",
          "maxLength": 150,
          "example": "patient/identifiercode=xwz, identifiervalue=239"
        }
      },
      "required": [
        "reference"
      ]
    },
    "CodeableConcept": {
      "type": "object",
      "properties": {
        "text": {
          "description": "Optional. \n\nThis attribute stores the value for the identifier type.  It must be provided if an identifier value is provided.",
          "type": "string",
          "maxLength": 100,
          "example": "ExtSys1"
        }
      }
    },
    "CodeableConceptPI": {
      "type": "object",
      "properties": {
        "coding": {
          "type": "array",
          "maxItems": 1,
          "description": "Mandatory. \n\nThe Coding object stores the details of the Identification type to be created for an Individual.\n\nMust be provided if an Identification value is provided.\n\n1 Coding per Identification can be provided.",
          "items": {
            "$ref": "#/definitions/CodingPI"
          }
        }
      },
      "required": [
        "coding"
      ]
    },
    "CodingPI": {
      "type": "object",
      "properties": {
        "system": {
          "description": "Optional. \n\nIf provided, it must be \"http://wcm/identification\" .",
          "type": "string",
          "enum": [
            "http://wcm/identification"
          ]
        },
        "code": {
          "description": "Mandatory. \n\nThis value stores the Identification External System reference that the Merative Integrated Care Admin user configured for an Identification Type. ",
          "type": "string",
          "maxLength": 20,
          "example": "IDESR"
        }
      },
      "required": [
        "code"
      ]
    },
    "CodeableConceptSource": {
      "type": "object",
      "properties": {
        "text": {
          "description": "Optional\n\nTextual description of codeable concept.",
          "type": "string"
        },
        "coding": {
          "type": "array",
          "maxItems": 1,
          "items": {
            "$ref": "#/definitions/CodingSource"
          }
        }
      },
      "required": [
        "coding"
      ]
    },
    "CodingSource": {
      "type": "object",
      "properties": {
        "system": {
          "description": "Required. \n\n\"http://wcm/source\" for source.",
          "type": "string",
          "enum": [
            "http://wcm/source"
          ]
        },
        "code": {
          "description": "Required. \n\nThe \"code\" value describes the source system.\n\nThe value provided maps to Merative Integrated Care Source System",
          "type": "string",
          "maxLength": 20,
          "example": "XWZS"
        }
      },
      "required": [
        "code"
      ]
    },
    "CodeableConceptOriginalSource": {
      "type": "object",
      "properties": {
        "text": {
          "description": "Optional\n\nTextual description of codeable concept.",
          "type": "string"
        },
        "coding": {
          "type": "array",
          "maxItems": 1,
          "items": {
            "$ref": "#/definitions/CodingOriginalSource"
          }
        }
      }
    },
    "CodingOriginalSource": {
      "type": "object",
      "properties": {
        "system": {
          "description": "Optional. If provided, must be  \n\n\"http://wcm/originalsource\" \n\nfor orginal source.",
          "type": "string",
          "enum": [
            "http://wcm/originalsource"
          ]
        },
        "code": {
          "description": "Required. \n\nThe \"code\" value describes the original source system.\n\nThe value provided maps to Merative Integrated Care Original Source System",
          "type": "string",
          "maxLength": 20,
          "example": "OSSXWZ"
        }
      },
      "required": [
        "code"
      ]
    },
    "DefaultErrorModel": {
      "type": "object",
      "properties": {
        "Error": {
          "type": "array",
          "items": {
            "$ref": "#/definitions/Error"
          }
        }
      }
    },
    "Error": {
      "type": "object",
      "properties": {
        "code": {
          "type": "integer",
          "format": "int32",
          "description": "A machine-readable code that identifies the problem. This will not vary with the Accept-Language setting"
        },
        "message": {
          "type": "string",
          "description": "A human-readable message. This message text is localized based on the Accept-Language setting of the request. The contents of this message text may change over time."
        },
        "level": {
          "type": "string",
          "description": "The level of the error."
        }
      },
      "required": [
        "code",
        "message",
        "level"
      ]
    },
    "ModifiedIdentificationCr": {
      "type": "object",
      "properties": {
        "resourceType": {
          "description": "Mandatory. \n\nThe expected resource type for Identifications API is \"Identification\".  Any other value is rejected.",
          "type": "string",
          "enum": [
            "Identification"
          ]
        },
        "value": {
          "description": "Mandatory. \n\n\nThe identification value corresponds to the Identification number in Merative Integrated Care.",
          "type": "string",
          "maxLength": 18,
          "example": 69365799
        },
        "source": {
          "$ref": "#/definitions/CodeableConceptSource"
        },
        "originalSource": {
          "$ref": "#/definitions/CodeableConceptOriginalSource"
        },
        "type": {
          "$ref": "#/definitions/ModifiedCodeableConceptPI"
        },
        "identifier": {
          "type": "array",
          "maxItems": 3,
          "description": "Optional.\n\nThe Identifier list of objects stores values of external identifiers for the enclosing record.\n\nIdentifier objects can be used to create and update records.\n\nAn external system can create record identifiers when creating or updating a record. An external system can provide up to 3 identifiers for a record, for each REST call.\n\nAn individual's record can be identified using external identifiers.\n\nWhen invoking this PUT API, if identifiers provided match an Identification record for this individual, the record is updated. If no record is matched, a new Identification record is created.\n\nFor Example:\n\nAn Identification record that was created providing this identifier:\n\nidentifier.type.text = \"ExtSys1\"\n\nidentifier.value = \"698368\"\n\ncan then be updated invoking this API and providig the same identifier. ",
          "items": {
            "$ref": "#/definitions/Identifier"
          }
        },
        "period": {
          "$ref": "#/definitions/Period"
        },
        "subject": {
          "$ref": "#/definitions/Subject"
        }
      },
      "required": [
        "resourceType",
        "value",
        "subject",
        "source"
      ]
    },
    "ModifiedIdentification": {
      "type": "object",
      "properties": {
        "resourceType": {
          "description": "Mandatory. \n\nThe expected resource type for Identifications API is \"Identification\".  Any other value is rejected.",
          "type": "string",
          "enum": [
            "Identification"
          ]
        },
        "id": {
          "description": "Mandatory. \n\nThe \"id\" attribute stores the Identification resource ID.",
          "type": "string",
          "maxLength": 64,
          "example": 3333333
        },
        "value": {
          "description": "Mandatory. \n\n\nThe identification value corresponds to the Identification number in Merative Integrated Care.",
          "type": "string",
          "maxLength": 18,
          "example": 69365799
        },
        "source": {
          "$ref": "#/definitions/CodeableConceptSource"
        },
        "originalSource": {
          "$ref": "#/definitions/CodeableConceptOriginalSource"
        },
        "type": {
          "$ref": "#/definitions/ModifiedCodeableConceptPI"
        },
        "identifier": {
          "type": "array",
          "maxItems": 3,
          "description": "Optional.\n\nThe Identifier list of objects stores values of external identifiers for the enclosing record.\n\nIdentifier objects can be used to create and update records.\n\nAn external system can create record identifiers when creating or updating a record. An external system can provide up to 3 identifiers for a record, for each REST call.\n\nAn individual's record can be identified using external identifiers.\n\nWhen invoking this PUT API, identifiers are evaluated before they are added to the record to be updated:\n\n- If no other Identifiation record exists with any of these identifiers for this individual, the identifiers are added to this record in Merative Integrated Care.\n\n- If another Identifiation record already exist in Merative Integrated Care for this individual with one of the identifiers provided, the request fails.\n\n- If identifiers already exist for a Identification record for this individual and the resource ID provided is the one of the Identification record, the update is successful.        ",
          "items": {
            "$ref": "#/definitions/Identifier"
          }
        },
        "period": {
          "$ref": "#/definitions/Period"
        },
        "subject": {
          "$ref": "#/definitions/Subject"
        }
      },
      "required": [
        "resourceType",
        "id",
        "value",
        "subject",
        "source"
      ]
    },
    "ModifiedCodeableConceptPI": {
      "type": "object",
      "properties": {
        "coding": {
          "type": "array",
          "maxItems": 1,
          "description": "Optional. \n\nThe Coding object stores the details of the Identification type.\n\n1 Coding per Identification can be provided.",
          "items": {
            "$ref": "#/definitions/ModifiedCodingPI"
          }
        }
      }
    },
    "ModifiedCodingPI": {
      "type": "object",
      "properties": {
        "system": {
          "description": "Optional. \n\nIf provided, it must be \"http://wcm/identification\" .",
          "type": "string",
          "enum": [
            "http://wcm/identification"
          ]
        },
        "code": {
          "description": "Optional. \n\nThis value stores the Identification External System reference that the Merative Integrated Care Admin user configured for an Identification Type. \n\nIn Merative Integrated Care an Identification Type can't be updated.\n\nOn a PUT request, if the \"code\" is not provided, the existing Identification type is used for the update. If the \"code\" is provided and matches a different Identification Type, the update request  fails.",
          "type": "string",
          "maxLength": 20,
          "example": "IDESR"
        }
      }
    }
  }
}
