<XML>
  <EvidenceMapping source="ET10064" target="DET0026010">
    <Mapping source="caseParticipantRoleID" target="caseParticipantRoleID"/>
    <Mapping source="disabilityType" target="disabilityType" sourceCodeTable="DisabilityType" targetCodeTable="DisabilityType">
      <CodeTableValue source="DT10" target="DT10"/>
      <CodeTableValue source="DT4" target="DT4"/>
      <CodeTableValue source="DT26301" target="DT26301"/>
      <CodeTableValue source="DT11" target="DT11"/>
      <CodeTableValue source="DT12" target="DT12"/>
      <CodeTableValue source="DT13" target="DT13"/>
      <CodeTableValue source="DT1" target="DT1"/>
      <CodeTableValue source="DT2" target="DT2"/>
      <CodeTableValue source="DT3" target="DT3"/>
      <CodeTableValue source="DT5" target="DT5"/>
      <CodeTableValue source="DT6" target="DT6"/>
      <CodeTableValue source="DT7" target="DT7"/>
      <CodeTableValue source="DT8" target="DT8"/>
      <CodeTableValue source="DT9" target="DT9"/>
    </Mapping>
    <Mapping source="competencyStatus" target="competencyStatus" sourceCodeTable="CompetencyStatus" targetCodeTable="CompetencyStatus">
      <CodeTableValue source="CS1" target="CS1"/>
      <CodeTableValue source="CS2" target="CS2"/>
      <CodeTableValue source="CS3" target="CS3"/>
      <CodeTableValue source="CS4" target="CS4"/>
      <CodeTableValue source="CS5" target="CS5"/>
    </Mapping>
    <Mapping source="dateCompetencyDetermined" target="dateCompetencyDetermined"/>
    <Mapping source="disabilityStartDate" target="disabilityStartDate"/>
    <Mapping source="disabilityEndDate" target="disabilityEndDate"/>
  </EvidenceMapping>
</XML>
