<XML>
  <EvidenceMapping  source="DET0000257" target="DET0026023">
    <Mapping source="caseParticipantRoleID" target="caseParticipantRoleID"/>
    <Mapping source="recipCaseParticipantRoleID" target="recipCaseParticipantRoleID"/>
    <Mapping source="relationShipType" target="relationShipType" sourceCodeTable="RelationshipType" targetCodeTable= "RelationshipType">
      <CodeTableValue source="RT26301" target="RT26301"/>
      <CodeTableValue source="RT26302" target="RT26302"/>
      <CodeTableValue source="RT26303" target="RT26303"/>
      <CodeTableValue source="RT26304" target="RT26304"/>
      <CodeTableValue source="RT26305" target="RT26305"/>
      <CodeTableValue source="RT26306" target="RT26306"/>
      <CodeTableValue source="RT26307" target="RT26307"/>
      <CodeTableValue source="RT26308" target="RT26308"/>
      <CodeTableValue source="RT26309" target="RT26309"/>
      <CodeTableValue source="RT26310" target="RT26310"/>
      <CodeTableValue source="RT26311" target="RT26311"/>
      <CodeTableValue source="RT26312" target="RT26312"/>
      <CodeTableValue source="RT26313" target="RT26313"/>
      <CodeTableValue source="RT26314" target="RT26314"/>
      <CodeTableValue source="RT26315" target="RT26315"/>
      <CodeTableValue source="RT26316" target="RT26316"/>
      <CodeTableValue source="RT26317" target="RT26317"/>
      <CodeTableValue source="RT26318" target="RT26318"/>
      <CodeTableValue source="RT26319" target="RT26319"/>
      <CodeTableValue source="RT26320" target="RT26320"/>
      <CodeTableValue source="RT26321" target="RT26321"/>
      <CodeTableValue source="RT26322" target="RT26322"/>
      <CodeTableValue source="RT26323" target="RT26323"/>
      <CodeTableValue source="RT26324" target="RT26324"/>
      <CodeTableValue source="RT26325" target="RT26325"/>
      <CodeTableValue source="RT26326" target="RT26326"/>
    </Mapping>
    <Mapping source="endDate" target="endDate"/>
    <Mapping source="startDate" target="startDate"/>
  </EvidenceMapping>
</XML>
