<!--
  In IBM Curam 7011, a <ShareWhen> rule was added to only share when 
  ssnStatus is something other than N/A (SAS3 = N/A).
-->
<XML>
  <EvidenceMapping source="ET10066" target="DET0026031">
    <Mapping source="caseParticipantRoleID" target="participant"/>
    <Mapping source="ssnStatus" target="ssnStatus" sourceCodeTable="SSNApplicationStatus" targetCodeTable="HCSSNApplicationStatus">
      <CodeTableValue source="SAS1" target="SAS26301"/>
      <CodeTableValue source="SAS2" target="SAS26302"/>
    </Mapping>
    <Action/>
    <ShareWhen>
      <Rule> "ET10066.ssnStatus" != "SAS3" </Rule>
    </ShareWhen>
  </EvidenceMapping>
</XML>
