<!--
  In IBM Curam 7011, a <ShareWhen> rule was added to only share when 
  earnedIncomeType is Wages and Salaries.
-->
<XML>
  <EvidenceMapping source="ET10097" target="DET0026030">
    <Mapping source="caseParticipantRoleID" target="caseParticipantRoleID" />
    <Mapping source="empCaseParticipantRoleID" sourceLookUp="name" target="employerName"/>
    <Action />
  </EvidenceMapping>
  <EvidenceMapping source="ET10095" target="DET0026030">
    <Mapping source="seasonalIncomeInd" target="seasonalIncomeInd" />
    <Mapping source="earnedIncomeType" target="incomeType" sourceCodeTable="EarnedIncomeType" targetCodeTable="IncomeType">
      <CodeTableValue source="ET74" target="IT26001"/>
    </Mapping>
    <Mapping source="amount" target="amount" />
    <Mapping source="frequencyCode" target="frequencyCode" sourceCodeTable="FrequencyCode" targetCodeTable="FrequencyCode">
      <CodeTableValue source="FC1" target="FC1"/>
      <CodeTableValue source="FC2" target="FC2"/>
      <CodeTableValue source="FC3" target="FC3"/>
      <CodeTableValue source="FC4" target="FC4"/>
      <CodeTableValue source="FC5" target="FC5"/>
      <CodeTableValue source="FC6" target="FC6"/>
      <CodeTableValue source="FC7" target="FC7"/>
      <CodeTableValue source="FC8" target="FC8"/>
      <CodeTableValue source="FC9" target="FC9"/>
    </Mapping>
    <Mapping source="startDate" target="startDate"/>
    <Mapping source="endDate" target="endDate"/>
    <Action>
      <Set type="DET0026030">
        <Parameter name="source" tableName="HCIncomeSource" type="CODETABLE" value="HCIS01"/>
      </Set>
    </Action>
    <ShareWhen>
      <Rule> "ET10095.earnedIncomeType" == "ET74" </Rule>
    </ShareWhen>
  </EvidenceMapping>
</XML>