<XML>
  <EvidenceMapping source="DET0000257" target="PDC0000265">
    <Mapping source="caseParticipantRoleID" target="participant"/>
    <Mapping source="recipCaseParticipantRoleID" target="relatedParticipant"/>
    <Mapping source="relationShipType" target="relationshipType" sourceCodeTable="RelationshipType" targetCodeTable="RelationshipTypeCode">
      <CodeTableValue source="RT26301" target="RT1"/>
      <CodeTableValue source="RT26302" target="RT10"/>
      <CodeTableValue source="RT26303" target="RT11"/>
      <CodeTableValue source="RT26304" target="RT12"/>
      <CodeTableValue source="RT26305" target="RT13"/>
      <CodeTableValue source="RT26306" target="RT14"/>
      <CodeTableValue source="RT26307" target="RT15"/>
      <CodeTableValue source="RT26308" target="RT16"/>
      <CodeTableValue source="RT26309" target="RT17"/>
      <CodeTableValue source="RT26310" target="RT18"/>
      <CodeTableValue source="RT26311" target="RT19"/>
      <CodeTableValue source="RT26312" target="RT2"/>
      <CodeTableValue source="RT26313" target="RT20"/>
      <CodeTableValue source="RT26314" target="RT21"/>
      <CodeTableValue source="RT26315" target="RT22"/>
      <CodeTableValue source="RT26316" target="RT23"/>
      <CodeTableValue source="RT26317" target="RT24"/>
      <CodeTableValue source="RT26318" target="RT25"/>
      <CodeTableValue source="RT26319" target="RT26"/>
      <CodeTableValue source="RT26320" target="RT3"/>
      <CodeTableValue source="RT26321" target="RT4"/>
      <CodeTableValue source="RT26322" target="RT5"/>
      <CodeTableValue source="RT26323" target="RT6"/>
      <CodeTableValue source="RT26324" target="RT7"/>
      <CodeTableValue source="RT26325" target="RT8"/>
      <CodeTableValue source="RT26326" target="RT9"/>
    </Mapping>
    <Mapping source="endDate" target="toDate"/>
    <Mapping source="startDate" target="fromDate"/>
  </EvidenceMapping>
</XML>
