<XML>
  <EvidenceMapping source="ET10093" target="DET0026014">
    <Mapping source="caseParticipantRoleID" target="caseParticipantRoleID" />
    <Mapping source="benefitType" target="benefitType" sourceCodeTable="BenefitType" targetCodeTable="HCBenefitType">
      <CodeTableValue source="BT9" target="HCBT26308"/>
      <CodeTableValue source="BT4" target="HCBT26309"/>
      <CodeTableValue source="BT5" target="HCBT26310"/>
      <CodeTableValue source="BT36" target="HCBT26319"/>
    </Mapping>
    <Mapping source="state" target="state" sourceCodeTable="StateCodes" targetCodeTable="AddressState">
      <CodeTableValue source="STATE44" target="UT"/>
      <CodeTableValue source="STATE2"  target="AK"/>
      <CodeTableValue source="STATE13" target="IL"/>
      <CodeTableValue source="STATE32" target="NY"/>
      <CodeTableValue source="STATE43" target="TX"/>
      <CodeTableValue source="STATE50" target="WY"/>
      <CodeTableValue source="STATE1"  target="AL"/>
      <CodeTableValue source="STATE3"  target="AZ"/>
      <CodeTableValue source="STATE4"  target="AR"/>
      <CodeTableValue source="STATE5"  target="CA"/>
      <CodeTableValue source="STATE6"  target="CO"/>
      <CodeTableValue source="STATE7"  target="CT"/>
      <CodeTableValue source="STATE8"  target="DE"/>
      <CodeTableValue source="STATE9"  target="FL"/>
      <CodeTableValue source="STATE10" target="GA"/>
      <CodeTableValue source="STATE11" target="HI"/>
      <CodeTableValue source="STATE12" target="ID"/>
      <CodeTableValue source="STATE14" target="IN"/>
      <CodeTableValue source="STATE15" target="IA"/>
      <CodeTableValue source="STATE16" target="KS"/>
      <CodeTableValue source="STATE17" target="KY"/>
      <CodeTableValue source="STATE18" target="LA"/>
      <CodeTableValue source="STATE19" target="ME"/>
      <CodeTableValue source="STATE20" target="MD"/>
      <CodeTableValue source="STATE21" target="MA"/>
      <CodeTableValue source="STATE22" target="MI"/>
      <CodeTableValue source="STATE23" target="MN"/>
      <CodeTableValue source="STATE24" target="MS"/>
      <CodeTableValue source="STATE25" target="MO"/>
      <CodeTableValue source="STATE26" target="MT"/>
      <CodeTableValue source="STATE27" target="NE"/>
      <CodeTableValue source="STATE28" target="NV"/>
      <CodeTableValue source="STATE29" target="NH"/>
      <CodeTableValue source="STATE30" target="NJ"/>
      <CodeTableValue source="STATE31" target="NM"/>
      <CodeTableValue source="STATE33" target="NC"/>
      <CodeTableValue source="STATE34" target="ND"/>
      <CodeTableValue source="STATE35" target="OH"/>
      <CodeTableValue source="STATE36" target="OK"/>
      <CodeTableValue source="STATE37" target="OR"/>
      <CodeTableValue source="STATE38" target="PA"/>
      <CodeTableValue source="STATE39" target="RI"/>
      <CodeTableValue source="STATE40" target="SC"/>
      <CodeTableValue source="STATE41" target="SD"/>
      <CodeTableValue source="STATE42" target="TN"/>
      <CodeTableValue source="STATE45" target="VT"/>
      <CodeTableValue source="STATE46" target="VA"/>
      <CodeTableValue source="STATE47" target="WA"/>
      <CodeTableValue source="STATE48" target="WV"/>
      <CodeTableValue source="STATE49" target="WI"/>
      <CodeTableValue source="STATE51" target="DC"/>
      <CodeTableValue source="STATE52" target="PR"/>
    </Mapping>
    <Mapping source="startDate" target="startDate"/>
    <Mapping source="endDate" target="endDate"/>
    <Action />
    <ShareWhen>
      <OR><Rule> "ET10093.benefitType" == "BT9" </Rule>
        <OR><Rule> "ET10093.benefitType" == "BT4" </Rule>
          <OR><Rule> "ET10093.benefitType" == "BT5" </Rule>
            <OR><Rule> "ET10093.benefitType" == "BT36" </Rule>
            </OR>
          </OR>
        </OR>
      </OR>
    </ShareWhen>
  </EvidenceMapping>
</XML>
