<XML>
  <EvidenceMapping source="DET0026014" target="ET10093">
    <Mapping source="caseParticipantRoleID" target="caseParticipantRoleID" />
    <Mapping source="benefitType" target="benefitType" sourceCodeTable="HCBenefitType" targetCodeTable="BenefitType">
      <CodeTableValue source="HCBT26308" target="BT9"/>
      <CodeTableValue source="HCBT26309" target="BT4"/>
      <CodeTableValue source="HCBT26310" target="BT5"/>
      <CodeTableValue source="HCBT26319" target="BT36"/>
    </Mapping>
    <Mapping source="state" target="state" sourceCodeTable="AddressState" targetCodeTable="StateCodes">
      <CodeTableValue source="UT" target="STATE44"/>
      <CodeTableValue source="AK" target="STATE2"/>
      <CodeTableValue source="IL" target="STATE13"/>
      <CodeTableValue source="NY" target="STATE32"/>
      <CodeTableValue source="TX" target="STATE43"/>
      <CodeTableValue source="WY" target="STATE50"/>
      <CodeTableValue source="AL" target="STATE1"/>
      <CodeTableValue source="AZ" target="STATE3"/>
      <CodeTableValue source="AR" target="STATE4"/>
      <CodeTableValue source="CA" target="STATE5"/>
      <CodeTableValue source="CO" target="STATE6"/>
      <CodeTableValue source="CT" target="STATE7"/>
      <CodeTableValue source="DE" target="STATE8"/>
      <CodeTableValue source="FL" target="STATE9"/>
      <CodeTableValue source="GA" target="STATE10"/>
      <CodeTableValue source="HI" target="STATE11"/>
      <CodeTableValue source="ID" target="STATE12"/>
      <CodeTableValue source="IN" target="STATE14"/>
      <CodeTableValue source="IA" target="STATE15"/>
      <CodeTableValue source="KS" target="STATE16"/>
      <CodeTableValue source="KY" target="STATE17"/>
      <CodeTableValue source="LA" target="STATE18"/>
      <CodeTableValue source="ME" target="STATE19"/>
      <CodeTableValue source="MD" target="STATE20"/>
      <CodeTableValue source="MA" target="STATE21"/>
      <CodeTableValue source="MI" target="STATE22"/>
      <CodeTableValue source="MN" target="STATE23"/>
      <CodeTableValue source="MS" target="STATE24"/>
      <CodeTableValue source="MO" target="STATE25"/>
      <CodeTableValue source="MT" target="STATE26"/>
      <CodeTableValue source="NE" target="STATE27"/>
      <CodeTableValue source="NV" target="STATE28"/>
      <CodeTableValue source="NH" target="STATE29"/>
      <CodeTableValue source="NJ" target="STATE30"/>
      <CodeTableValue source="NM" target="STATE31"/>
      <CodeTableValue source="NC" target="STATE33"/>
      <CodeTableValue source="ND" target="STATE34"/>
      <CodeTableValue source="OH" target="STATE35"/>
      <CodeTableValue source="OK" target="STATE36"/>
      <CodeTableValue source="OR" target="STATE37"/>
      <CodeTableValue source="PA" target="STATE38"/>
      <CodeTableValue source="RI" target="STATE39"/>
      <CodeTableValue source="SC" target="STATE40"/>
      <CodeTableValue source="SD" target="STATE41"/>
      <CodeTableValue source="TN" target="STATE42"/>
      <CodeTableValue source="VT" target="STATE45"/>
      <CodeTableValue source="VA" target="STATE46"/>
      <CodeTableValue source="WA" target="STATE47"/>
      <CodeTableValue source="WV" target="STATE48"/>
      <CodeTableValue source="WI" target="STATE49"/>
      <CodeTableValue source="DC" target="STATE51"/>
      <CodeTableValue source="PR" target="STATE52"/>
    </Mapping>
    <Mapping source="startDate" target="startDate"/>
    <Mapping source="endDate" target="endDate"/>
    <Action/>
    <ShareWhen>
      <OR><Rule> "DET0026014.benefitType" == "HCBT26308" </Rule>
        <OR><Rule> "DET0026014.benefitType" == "HCBT26309" </Rule>
          <OR><Rule> "DET0026014.benefitType" == "HCBT26310" </Rule>
            <OR><Rule> "DET0026014.benefitType" == "HCBT26319" </Rule>
            </OR>
          </OR>
        </OR>
      </OR>
    </ShareWhen>
  </EvidenceMapping>
</XML>