<!--
  In IBM Curam 7011, the <ShareWhen> rule was updated to only share when 
  employerName is specified.
-->
<XML>
  <EvidenceMapping source="DET0026030" target="ET10095">
    <Mapping source="amount" target="amount" />
    <Mapping source="seasonalIncomeInd" target="seasonalIncomeInd" />
    <Mapping source="incomeType" target="earnedIncomeType" sourceCodeTable="IncomeType" targetCodeTable="EarnedIncomeType">
      <CodeTableValue source="IT26001" target="ET74"/>
    </Mapping>
    <Mapping source="amount" target="amount" />
    <Mapping source="frequencyCode" target="frequencyCode" sourceCodeTable="FrequencyCode" targetCodeTable="FrequencyCode">
      <CodeTableValue source="FC1" target="FC1"/>
      <CodeTableValue source="FC2" target="FC2"/>
      <CodeTableValue source="FC3" target="FC3"/>
      <CodeTableValue source="FC4" target="FC4"/>
      <CodeTableValue source="FC5" target="FC5"/>
      <CodeTableValue source="FC6" target="FC6"/>
      <CodeTableValue source="FC7" target="FC7"/>
      <CodeTableValue source="FC8" target="FC8"/>
      <CodeTableValue source="FC9" target="FC9"/>
    </Mapping>
    <Mapping source="startDate" target="startDate"/>
    <Mapping source="endDate" target="endDate"/>
    <!--Share when income is Wages and Salaries and the employer name has been specified -->
    <ShareWhen>
      <AND>
        <Rule>"DET0026030.employerName" != ""</Rule>
        <Rule>"DET0026030.incomeType" == "IT26001"</Rule>
      </AND>
    </ShareWhen>
  </EvidenceMapping>
</XML>
