<!--
  In IBM Curam 7011, the following updates were made to this configuration.

  1. The <ShareWhen> rule was updated to only share when the employerName is specified.
  2. The employmentID attribute is now looked up from the Employment entity based on an employer name match.
  3. The employmentType attribute can be derived either from a lookup of the Employment Working Hours entity
     or from the seasonalIncomeInd flag on the source entity via the new SOURCECASELOOKUP mechanism.
  4. The empCaseParticipantRoleID attribute is now either retrieved from an existing CPR on the case for the 
     employer identified via the employer name match, or from the creation of a CPR of type EMPLOYER for the 
     employer identified via the employer name match.

  2, 3 and 4 are all achieved through the default implementation of a new PaidEmployment EXTERNAL interface.
-->
<XML>
  <EvidenceMapping source="DET0026030" target="ET10097">
    <Mapping source="caseParticipantRoleID" target="caseParticipantRoleID"/>
    <Mapping source="employerName" target="empCaseParticipantRoleID" sourceLookUp="employment"/>
    <Mapping source="employerName" target="employmentID" sourceLookUp="employment"/>
    <Mapping source="employerName" target="employmentType" sourceLookUp="employment"/>
    <Action>
      <Set type="ET10097">
        <Parameter name="employmentType" type="SOURCECASELOOKUP" value="DET0026030" srcAttr="seasonalIncomeInd" tableName="PaidEmploymentType">
          <ParamMapping source="true" target="PE2"/>
        </Parameter>
      </Set>
    </Action>
    <!-- Share when income is Wages and Salaries and the employer name has been specified -->
    <ShareWhen>
      <AND>
        <Rule> "DET0026030.employerName" != "" </Rule>
        <Rule> "DET0026030.incomeType" == "IT26001" </Rule>
      </AND>
    </ShareWhen>
  </EvidenceMapping>
</XML>