<!--
  In IBM Curam 7011, a <ShareWhen> rule was added to only share when 
  dueDate is specified.
-->
<XML>
  <EvidenceMapping source="DET0026008" target="ET10074"> 
    <Mapping source="caseParticipantRoleID" target="caseParticipantRoleID" />
    <Mapping source="dueDate" target="dueDate" />
    <Mapping source="startDate" target="startDate" />
    <Mapping source="pregnancyEndDate" target="endDate" />
    <Action>
      <Create instancetype="ET10125" reftype="DET0026008" refattr="noOfUnborn" >
        <Parameter name="comments" type="STRING" value="BABY" />
	<Parameter name="caseParticipantRoleID" type="GENERATE" />
      </Create>
    </Action>
    <ShareWhen>
      <Rule>"DET0026008.dueDate" != ""</Rule>
    </ShareWhen>
  </EvidenceMapping>
</XML>