<!--
  In IBM Curam 7011, <MaintenanceStyle>ENDDATE</MaintenanceStyle> was moved above the
  <ShareWhen> rule so that the XML configuration adhered to the schema.
-->
<XML>
  <EvidenceMapping source="DET0026031" target="PDC0000259">
    <Mapping source="participant" target="participant"/>
    <Mapping source="alternateID" target="alternateID"/>
    <Mapping source="altIDType" target="altIDType" sourceCodeTable="ConcernRoleAlternateID" targetCodeTable="ConcernRoleAlternateID">
      <CodeTableValue source="CA1" target="CA1"/>
    </Mapping>
    <Mapping source="fromDate" target="fromDate"/>
    <Mapping source="toDate" target="toDate"/>
    <Filter evidence="PDC0000259" attribute="altIDType" codeTableName="ConcernRoleAlternateID" codeTableValue="CA1"/>
    <MaintenanceStyle>ENDDATE</MaintenanceStyle>
    <ShareWhen>
      <AND>
        <Rule> "DET0026031.altIDType" == "CA1" </Rule>
        <Rule> "DET0026031.alternateID" != "" </Rule> 
      </AND>
    </ShareWhen>
  </EvidenceMapping>
</XML>