<!--
  In IBM Curam 7011, a number of changes were made to this configuration.

  1. The citizenStatus attribute is now looked up on the Citizen Status entity on the source case via a new SOURCECASELOOKUP mechanism.
  2. The veteranStatus attribute is now looked up on the Military Status entity on the source case via a new SOURCECASELOOKUP mechanism.
     If no Military Status evidence exists, veteranStatus defaults to 'No Service'.
  3. The attributes whiteOrCaucInd, blkOrAfrAmerInd, asianInd, natAlaskOrAmerInd, natHawOrPaIsInd are now all looked up on the Demographics
     entity on the source case via a new SOURCECASELOOKUP mechanism.
-->
<XML>
  <EvidenceMapping source="DET0026031" target="ET10066">
    <Mapping source="participant" target="caseParticipantRoleID" />
    <Mapping source="fromDate" target="startDate" />
    <Mapping source="ssnStatus" target="ssnStatus" 
      sourceCodeTable="HCSSNApplicationStatus" targetCodeTable="SSNApplicationStatus">
      <CodeTableValue source="SAS26302" target="SAS1" />
      <CodeTableValue source="SAS26301" target="SAS2" />
      <CodeTableValue source="" target="SAS3" />
    </Mapping>
    <Action>
      <Set type="ET10066">
        <Parameter name="citizenStatus" type="SOURCECASELOOKUP" value="DET0026032" srcAttr="citizenStatusCode" tableName="AlienStatus">
          <ParamMapping source="HCCS26001" target="AS1"/>
          <ParamMapping source="HCCS26002" target="AS4"/>
          <ParamMapping source="HCCS26004" target="AS7"/>
        </Parameter>
        <Parameter name="veteranStatus" type="SOURCECASELOOKUP" value="DET0026068" srcAttr="militaryStatusCode" tableName="VeteranStatus">
          <ParamMapping source="MS1" target="VS1"/>
          <ParamMapping source="MS2" target="VS8"/>
          <ParamMapping source="MS3" target="VS8"/>
          <ParamMapping source="MS26003" target="VS6"/>
          <ParamMapping source="MS26001" target="VS19"/>
          <ParamMapping source="" target="VS6"/>
        </Parameter>
        <Parameter name="whiteOrCaucInd" type="SOURCECASELOOKUP" value="DET0026050" srcAttr="whiteOrCaucInd"/>
        <Parameter name="blkOrAfrAmerInd" type="SOURCECASELOOKUP" value="DET0026050" srcAttr="blkOrAfrAmerInd"/>
        <Parameter name="asianInd" type="SOURCECASELOOKUP" value="DET0026050" srcAttr="asianInd"/> 
        <Parameter name="natAlaskOrAmerInd" type="SOURCECASELOOKUP" value="DET0026050" srcAttr="natAlaskOrAmerInd"/>
        <Parameter name="natHawOrPaIsInd" type="SOURCECASELOOKUP" value="DET0026050" srcAttr="natHawOrPaIsInd"/>
      </Set>
    </Action>
  </EvidenceMapping>
</XML>