<!--
  In IBM Curam 7011, the defaulting of Highest Grade Completed to First Grade was removed 
  as well as the removal of the Display tag for schoolType.
-->
<XML>
  <EvidenceMapping source="DET0026007" target="ET10078">
    <Mapping source="caseParticipantRoleID" target="caseParticipantRoleID" />
    <Mapping source="studentStatus" target="studentStatus" sourceCodeTable="StudentStatus" targetCodeTable="StudentStatus">
      <CodeTableValue source="SS1" target="SS1"/>
      <CodeTableValue source="SS2" target="SS2"/>
      <CodeTableValue source="SS3" target="SS3"/>
      <CodeTableValue source="SS4" target="SS4"/>
      <CodeTableValue source="SS5" target="SS5"/>
      <CodeTableValue source="SS6" target="SS6"/>
    </Mapping>
    <Mapping source="schoolType" target="schoolType" sourceCodeTable="SchoolType" targetCodeTable="SchoolType" >
      <CodeTableValue source="ST1" target="ST1"/>
      <CodeTableValue source="ST2" target="ST2"/>
      <CodeTableValue source="ST3" target="ST3"/>
      <CodeTableValue source="ST4" target="ST4"/>
      <CodeTableValue source="ST5" target="ST5"/>
      <CodeTableValue source="ST6" target="ST6"/>
      <CodeTableValue source="ST7" target="ST7"/>
      <CodeTableValue source="ST8" target="ST8"/>
      <CodeTableValue source="ST9" target="ST9"/>
      <CodeTableValue source="ST10" target="ST10"/>
      <CodeTableValue source="ST11" target="ST11"/>
      <CodeTableValue source="ST12" target="ST12"/>
      <CodeTableValue source="ST13" target="ST13"/>
    </Mapping>
    <Mapping source="school" target="schCaseParticipantRoleID"/>
    <Mapping source="studentStartDate" target="studentStartDate"/>
    <Mapping source="studentEndDate" target="studentEndDate"/>
  </EvidenceMapping>
</XML>
