<!--
  In IBM Curam 7011, <MaintenanceStyle>ENDDATE</MaintenanceStyle> was moved above the
  <ShareWhen> rule so that the XML configuration adhered to the schema.
-->
<XML>
  <EvidenceMapping source="PDC0000259" target="DET0026031">
    <Mapping source="participant" target="participant"/>
    <Mapping source="alternateID" target="alternateID"/>
    <Mapping source="altIDType" target="altIDType"  sourceCodeTable="ConcernRoleAlternateID" targetCodeTable="ConcernRoleAlternateID">
      <CodeTableValue source="CA1" target="CA1"/>
    </Mapping>
    <Mapping source="fromDate" target="fromDate"/>
    <Mapping source="toDate" target="toDate"/>
    <MaintenanceStyle>ENDDATE</MaintenanceStyle>
    <ShareWhen>
      <Rule> "PDC0000259.altIDType" == "CA1" </Rule>
    </ShareWhen>
  </EvidenceMapping>
</XML>
