<XML>
  <EvidenceMapping source="PDC0000265" target="DET0026023">
    <Mapping source="participant" target="caseParticipantRoleID"/>
    <Mapping source="relatedParticipant" target="recipCaseParticipantRoleID"/>
    <Mapping source="relationshipType" target="relationShipType"  sourceCodeTable="RelationshipTypeCode" targetCodeTable= "RelationshipType">
      <CodeTableValue source="RT1"  target="RT26301"/>
      <CodeTableValue source="RT10" target="RT26302"/>
      <CodeTableValue source="RT11" target="RT26303"/>
      <CodeTableValue source="RT12" target="RT26304"/>
      <CodeTableValue source="RT13" target="RT26305"/>
      <CodeTableValue source="RT14" target="RT26306"/>
      <CodeTableValue source="RT15" target="RT26307"/>
      <CodeTableValue source="RT16" target="RT26308"/>
      <CodeTableValue source="RT17" target="RT26309"/>
      <CodeTableValue source="RT18" target="RT26310"/>
      <CodeTableValue source="RT19" target="RT26311"/>
      <CodeTableValue source="RT2"  target="RT26312"/>
      <CodeTableValue source="RT20" target="RT26313"/>
      <CodeTableValue source="RT21" target="RT26314"/>
      <CodeTableValue source="RT22" target="RT26315"/>
      <CodeTableValue source="RT23" target="RT26316"/>
      <CodeTableValue source="RT24" target="RT26317"/>
      <CodeTableValue source="RT25" target="RT26318"/>
      <CodeTableValue source="RT26" target="RT26319"/>
      <CodeTableValue source="RT3"  target="RT26320"/>
      <CodeTableValue source="RT4"  target="RT26321"/>
      <CodeTableValue source="RT5"  target="RT26322"/>
      <CodeTableValue source="RT6"  target="RT26323"/>
      <CodeTableValue source="RT7"  target="RT26324"/>
      <CodeTableValue source="RT8"  target="RT26325"/>
      <CodeTableValue source="RT9"  target="RT26326"/>
    </Mapping>
    <Mapping source="toDate" target="endDate"/>
    <Mapping source="fromDate" target="startDate"/>
    <Action>
      <Display changedType="DET0026023" changedAttr="relationshipType"/>
    </Action>
  </EvidenceMapping>
</XML>
