{
  "swagger": "2.0",
  "info": {
    "version": "v1",
    "title": "(Demographics) Name API",
    "description": "By using the protected APIs that follow, you can send name updates for a client from an external system to Merative Integrated Care so that Merative Integrated Care accurately reflects the external system data. The API sends Merative Integrated Care updates for a client's first, middle, and last name, and suffix. The client is identified when Merative Integrated Care receives the Merative Integrated Care client ID or the external ID and type (with or without the client's date of birth). The client's name record is identified when Merative Integrated Care receives an identifier type and record id."
  },
  "host": "host",
  "basePath": "/Rest",
  "schemes": [
    "https"
  ],
  "produces": [
    "application/json"
  ],
  "consumes": [
    "application/json"
  ],
  "paths": {
    "/v1/ees/individual_names": {
      "post": {
        "description": "Creates a client name record based on an event in the external system that initiates a transfer of valid data toMerative Integrated Care.\n\n Example request\n \n    cURL\n    \n    curl -X POST \"https://host:port/Rest/v1/ees/individual_names\" -H  \"X-WCM-TENANT-ID: Tenant ID\" -H  \"X-WCM-TENANT-INSTANCE: Tenant Instance\" -H  \"accept: application/json\" -H  \"Referer: curam://foundational.app\" -H  \"Authorization: access_token\" -H  \"X-GRANT-TYPE: client_credentials\" -H  \"Content-Type: application/json\" -d \"{  \\\"use\\\": \\\"old\\\",  \\\"family\\\": \\\"Smith\\\",  \\\"given\\\": \\\"John\\\",  \\\"prefix\\\": \\\"Mr\\\",  \\\"suffix\\\": \\\"Junior\\\",  \\\"middle\\\": \\\"Walter\\\",  \\\"resourceType\\\": \\\"HumanName\\\",  \\\"source\\\": \\\"Hospital\\\",  \\\"originalSource\\\": \\\"Doctor\\\",  \\\"identifier\\\": [    {      \\\"value\\\": \\\"765\\\",      \\\"type\\\": {        \\\"text\\\": \\\"System 1\\\"      }    }  ],  \\\"subject\\\": {    \\\"reference\\\": \\\"patient\\/123\\\"  }}\"\n    \n    \n    JAVA\n\n    HttpResponse response = Unirest.post(\"https://host:port/Rest/v1/ees/individual_names\")\n\n        .header(\"accept\", \"application/json\")\n\n        .header(\"Authorization\", \"access_token\")\n\n        .header(\"X-GRANT-TYPE\", \"client_credentials\")\n\n        .header(\"X-WCM-TENANT-INSTANCE\", \"Tenant Instance\")\n\n     .header(\"X-WCM-TENANT-ID\", \"Tenant ID\")\n\n        .header(\"Referer\", \"curam://foundational.app\")\n\n        .header(\"Content-Type\", \"application/json\")\n\n        .body(\"{  \\\"use\\\": \\\"old\\\",  \\\"family\\\": \\\"Smith\\\",  \\\"given\\\": \\\"John\\\",  \\\"prefix\\\": \\\"Mr\\\",  \\\"suffix\\\": \\\"Junior\\\",  \\\"middle\\\": \\\"Walter\\\",  \\\"resourceType\\\": \\\"HumanName\\\",  \\\"source\\\": \\\"Hospital\\\",  \\\"originalSource\\\": \\\"Doctor\\\",  \\\"identifier\\\": [    {      \\\"value\\\": \\\"765\\\",      \\\"type\\\": {        \\\"text\\\": \\\"System 1\\\"      }    }  ],  \\\"subject\\\": {    \\\"reference\\\": \\\"patient\\/123\\\"  }}\")\n\n        .asString();",
        "tags": [
          "Create a name"
        ],
        "summary": "Create a name record for a client who is registered in Merative Integrated Care.",
        "parameters": [
          {
            "in": "header",
            "name": "Referer",
            "type": "string",
            "enum": [
              "curam://foundational.app"
            ],
            "required": true
          },
          {
            "in": "header",
            "name": "X-WCM-TENANT-ID",
            "type": "string",
            "enum": [
              "The tenant ID."
            ],
            "required": true
          },
          {
            "in": "header",
            "name": "X-WCM-TENANT-INSTANCE",
            "type": "string",
            "enum": [
              "The tenant instance."
            ],
            "required": true
          },
          {
            "in": "header",
            "name": "Authorization",
            "type": "string",
            "enum": [
              "The Access Token."
            ],
            "required": true
          },
          {
            "in": "header",
            "name": "X-GRANT-TYPE",
            "type": "string",
            "enum": [
              "client_credentials"
            ],
            "required": true
          },
          {
            "name": "body",
            "in": "body",
            "description": "The inbound message that contains the information required to create a client name record.",
            "required": true,
            "schema": {
              "$ref": "#/definitions/NewHumanNameCr"
            }
          }
        ],
        "responses": {
          "201": {
            "description": "The post request was successful.",
            "headers": {
              "Location": {
                "type": "string",
                "description": "The location of the new resource."
              }
            }
          },
          "400": {
            "description": "The data request is invalid. Check the error message for further information and resend the request with the corrected data.\n\n            \nPossible errors message:\n\nEESERR161 - There are no matching individuals based on the ID entered.\n\nEESERR165 - The individual ID value provided, ..., is invalid and not in the correct format.\n\nEESERR180 - The identification details provided match multiple clients.\n\nEESERR182 - The date value provided, ..., is invalid and not in the correct format.\n\nEESERR183 - The date value provided, ..., is invalid.\n\nEESERR193 - A valid reference number or 'identifier' and 'identifierValue' or or 'identifiercode' and 'identifierValue' must be provided.\n\nEESERR614 - Expected resourceType is HumanName.   \n\nEESERR620 - An 'official' name record already exists.\n\nEESERR621 - A 'usual' name record already exists.\n\nEESERR639 - Failed to map values provided to Merative Integrated Care name type.\n\nEESERR629 - External system reference value provided for name suffix matches no record.\n\nEESERR630 - External system reference value provided for name prefix matches no record.\n\nEESERR504 - A subject reference must be provided.\n\nEESERR496 - Values must be provided for 'family', 'given' and 'use' name's attributes.\n\nEESERR500 - Invalid 'use' value provided for name.\n\nEESERR635 - Failed to create a record.\n\nEESERR651 - Failed to create a record: ...\n\nEESERR357 - Values for identifier text and identifier value must be provided if identifier is provided.\n\nEESERR358 - Max number of identifiers to be provided per record is 3.\n\nEESERR350 - Identifiers for a client's record of the same type must be unique.\n\nEESERR353 - Identifier ... - ... matches multiple Name records for this person.\n\nEESERR354 - Resource id and identifier(s) match different Names records for this person.\n\nEESERR352 - Name record with identifier ... - ... already exists for this person.\n\nEESERR359 - Resource ... is locked by another process.\n\nEESERR355 - Concurrent processing, please retry.\n\nEESERR636 - Failed to retrieve case ID for the patient.\n\nEESERR649 - Error:  ... .\n\nEESERR650 - Error:  ... .",
            "schema": {
              "$ref": "#/definitions/DefaultErrorModel"
            }
          },
          "401": {
            "description": "Invalid authentication credentials for the target resource entered.",
            "schema": {
              "$ref": "#/definitions/DefaultErrorModel"
            }
          },
          "500": {
            "description": "An internal server error occurred. Contact your administrator for more information.",
            "schema": {
              "$ref": "#/definitions/DefaultErrorModel"
            }
          },
          "default": {
            "description": "An unexpected error occurred. Check the error message for more information.",
            "schema": {
              "$ref": "#/definitions/DefaultErrorModel"
            }
          }
        }
      },
      "put": {
        "description": "Updates a client's name assuming that a matching record is found when the external system initiates a transfer of valid data toMerative Integrated Care.\n\nMerative Integrated Care identifies the record to be updated based on the external identifiers that the external system provides in the body. If no matching name record is found, Merative Integrated Care creates a new name record for the individual.\n\n Example request\n \n    cURL\n    \n    curl -X PUT \"https://host:port/Rest/v1/ees/individual_names\" -H  \"X-WCM-TENANT-ID: Tenant ID\" -H  \"X-WCM-TENANT-INSTANCE: Tenant Instance\" -H \"accept: application/json\" -H \"Referer: curam://foundational.app\" -H  \"Content-Type: application/json\" -d \"{  \\\"use\\\": \\\"old\\\",  \\\"family\\\": \\\"Smith\\\",  \\\"given\\\": \\\"John\\\",  \\\"prefix\\\": \\\"Mr\\\",  \\\"suffix\\\": \\\"Junior\\\",  \\\"middle\\\": \\\"Walter\\\",  \\\"resourceType\\\": \\\"HumanName\\\",  \\\"source\\\": \\\"Hospital\\\",  \\\"originalSource\\\": \\\"Doctor\\\",  \\\"identifier\\\": [    {      \\\"value\\\": \\\"765\\\",      \\\"type\\\": {        \\\"text\\\": \\\"System 1\\\"      }    }  ],  \\\"subject\\\": {    \\\"reference\\\": \\\"patient\\/123\\\"  }}\"\n    \n    \n    JAVA\n\n    HttpResponse response = Unirest.put(\"https://host:port/Rest/v1/ees/individual_names\")\n\n        .header(\"accept\", \"application/json\")\n\n        .header(\"Authorization\", \"access_token\")\n\n        .header(\"X-GRANT-TYPE\", \"client_credentials\")\n\n        .header(\"X-WCM-TENANT-INSTANCE\", \"Tenant Instance\")\n\n     .header(\"X-WCM-TENANT-ID\", \"Tenant ID\")\n\n        .header(\"Referer\", \"curam://foundational.app\")\n\n        .header(\"Content-Type\", \"application/json\")\n\n        .body(\"{  \\\"use\\\": \\\"old\\\",  \\\"family\\\": \\\"Smith\\\",  \\\"given\\\": \\\"John\\\",  \\\"prefix\\\": \\\"Mr\\\",  \\\"suffix\\\": \\\"Junior\\\",  \\\"middle\\\": \\\"Walter\\\",  \\\"resourceType\\\": \\\"HumanName\\\",  \\\"source\\\": \\\"Hospital\\\",  \\\"originalSource\\\": \\\"Doctor\\\",  \\\"identifier\\\": [    {      \\\"value\\\": \\\"765\\\",      \\\"type\\\": {        \\\"text\\\": \\\"System 1\\\"      }    }  ],  \\\"subject\\\": {    \\\"reference\\\": \\\"patient\\/123\\\"  }}\")\n\n        .asString();",
        "summary": "Update a name record for a client who is registered in Merative Integrated Care.",
        "parameters": [
          {
            "in": "header",
            "name": "Referer",
            "type": "string",
            "enum": [
              "curam://foundational.app"
            ],
            "required": true
          },
          {
            "in": "header",
            "name": "X-WCM-TENANT-ID",
            "type": "string",
            "enum": [
              "The tenant ID."
            ],
            "required": true
          },
          {
            "in": "header",
            "name": "X-WCM-TENANT-INSTANCE",
            "type": "string",
            "enum": [
              "The tenant instance."
            ],
            "required": true
          },
          {
            "in": "header",
            "name": "Authorization",
            "type": "string",
            "enum": [
              "The Access Token."
            ],
            "required": true
          },
          {
            "in": "header",
            "name": "X-GRANT-TYPE",
            "type": "string",
            "enum": [
              "client_credentials"
            ],
            "required": true
          },
          {
            "name": "body",
            "in": "body",
            "description": "The inbound message that contains the information required to update a client name record.",
            "required": true,
            "schema": {
              "$ref": "#/definitions/ModifiedHumanNameCr"
            }
          }
        ],
        "tags": [
          "Update a name"
        ],
        "responses": {
          "200": {
            "description": "The put request was successful.",
            "schema": {
              "$ref": "#/definitions/ModifiedHumanNameExt"
            }
          },
          "400": {
            "description": "The data request is invalid. Check the error message for more information and resend the request with the corrected data.\n\nPossible error messages:\n\nEESERR161 - There are no matching individuals based on the ID entered.\n\nEESERR165 - The individual ID value provided, ..., is invalid and not in the correct format.\n\nEESERR180 - The identification details provided match multiple clients.\n\nEESERR182 - The date value provided, ..., is invalid and not in the correct format.\n\nEESERR183 - The date value provided, ..., is invalid.\n\nEESERR193 - A valid reference number or 'identifier' and 'identifierValue' or or 'identifiercode' and 'identifierValue' must be provided.\n\nEESERR631 - Name 'use' can't be updated with a value different from the existing one.\n\nEESERR639 - Failed to map values provided to Merative Integrated Care name type\n\nEESERR629 - External system reference value provided for name suffix matches no record.\n\nEESERR630 - External system reference value provided for name prefix matches no record.\n\nEESERR614 - Expected resourceType is HumanName.\n\nEESERR504 - A subject reference must be provided.\n\nEESERR496 - Values must be provided for 'family', 'given' and 'use' name's attributes.\n\nEESERR498 - Only 1 'preferred' name can be provided.\n\nEESERR499 - Only 1 'official' name can be provided.\n\nEESERR500 - Invalid 'use' value provided for name.\n\nEESERR357 - Values for identifier text and identifier value must be provided if identifier is provided.\n\nEESERR358 - MAx number of identifiers to be provided per record is 3.\n\nEESERR350 - Identifiers for a client's record of the same type must be unique.\n\nEESERR353 - Identifier ... - ... matches multiple Name records for this person.\n\nEESERR354 - Resource id and identifier(s) match different Name records for this person.\n\nEESERR623 - The record was updated by a Care Manager, so it can't be updated by an external system.\n\nEESERR637 - Failed to update a record.\n\nEESERR652 - Failed to update a record:  ...\n\nEESERR351 - The resource id provided doesn't exist for a %1s record for this person.\n\nEESERR625 - The record was deleted by a Care Manager, so it can't be reactivated by an external system.\n\nEESERR648 - Error reading the existing record .\n\nEESERR359 - Resource ... is locked by another process.\n\nEESERR355 - Concurrent processing, please retry.\n\nEESERR636 - Failed to retrieve case ID for the patient.\n\nEESERR647 - Error reading the existing record .\n\nEESERR649 - Error:  ... .\n\nEESERR650 - Error:  ... .\n\nEESERR626 - The record doesn't exist.\n\nEESERR356 - Resource ... doesn't exist.",
            "schema": {
              "$ref": "#/definitions/DefaultErrorModel"
            }
          },
          "401": {
            "description": "Invalid authentication credentials for the target resource entered.",
            "schema": {
              "$ref": "#/definitions/DefaultErrorModel"
            }
          },
          "500": {
            "description": "An internal server error occurred. Contact your administrator for more information.",
            "schema": {
              "$ref": "#/definitions/DefaultErrorModel"
            }
          },
          "default": {
            "description": "An unexpected error occurred. Check the error message for more information.",
            "schema": {
              "$ref": "#/definitions/DefaultErrorModel"
            }
          }
        }
      }
    },
    "/v1/ees/individual_names/{id}": {
      "put": {
        "description": "Updates a client's name assuming that a matching record is found when the external system initiates a transfer of valid data to Merative Integrated Care.\n\nMerative Integrated Care identifies the record to be updated based on the resource ID that the external system provides in the path and body. \n\n Example request\n \n    cURL\n    \n    curl -X PUT \"https://host:port/Rest/v1/ees/individual_names/123\" -H  \"X-WCM-TENANT-ID: Tenant ID\" -H  \"X-WCM-TENANT-INSTANCE: Tenant Instance\" -H \"accept: application/json\" -H \"Referer: curam://foundational.app\" -H  \"Content-Type: application/json\" -d \"{  \\\"use\\\": \\\"old\\\", \\\"id\\\": \\\"123\\\",  \\\"family\\\": \\\"Smith\\\",  \\\"given\\\": \\\"John\\\",  \\\"prefix\\\": \\\"Mr\\\",  \\\"suffix\\\": \\\"Junior\\\",  \\\"middle\\\": \\\"Walter\\\",  \\\"resourceType\\\": \\\"HumanName\\\",  \\\"source\\\": \\\"Hospital\\\",  \\\"originalSource\\\": \\\"Doctor\\\",  \\\"identifier\\\": [    {      \\\"value\\\": \\\"765\\\",      \\\"type\\\": {        \\\"text\\\": \\\"System 1\\\"      }    }  ],  \\\"subject\\\": {    \\\"reference\\\": \\\"patient\\/123\\\"  }}\"\n    \n    JAVA\n\n    HttpResponse response = Unirest.put(\"https://host:port/Rest/v1/ees/individual_names/123\")\n\n        .header(\"accept\", \"application/json\")\n\n        .header(\"Authorization\", \"access_token\")\n\n        .header(\"X-GRANT-TYPE\", \"client_credentials\")\n\n        .header(\"X-WCM-TENANT-INSTANCE\", \"Tenant Instance\")\n\n     .header(\"X-WCM-TENANT-ID\", \"Tenant ID\")\n\n        .header(\"Referer\", \"curam://foundational.app\")\n\n        .header(\"Content-Type\", \"application/json\")\n\n        .body(\"{\\\"use\\\": \\\"old\\\", \\\"id\\\": \\\"123\\\",\\\"family\\\":\\\"Smith\\\",\\\"given\\\":\\\"John\\\", \\\"prefix\\\":\\\"Mr\\\",\\\"suffix\\\":\\\"Junior\\\",\\\"middle\\\": \\\"Carl\\\",\\\"resourceType\\\":\\\"HumanName\\\",\\\"source\\\":\\\"Hospital\\\",\\\"originalSource\\\":\\\"Doctor\\, \\\"identifier\\\":[{\\\"value\\\":\\\"3674873772\\\",\\\"type\\\": {\\\"text\\\":\\\"Sys3\\\"}}],\\\"subject\\\":{\\\"reference\\\": \\\"Patient/683629\\\"}}\")\n\n        .asString();",
        "summary": "Update a name record for a client who is registered in Merative Integrated Care.",
        "tags": [
          "Update a name (by ID)"
        ],
        "parameters": [
          {
            "in": "header",
            "name": "Referer",
            "type": "string",
            "enum": [
              "curam://foundational.app"
            ],
            "required": true
          },
          {
            "in": "header",
            "name": "X-WCM-TENANT-ID",
            "type": "string",
            "enum": [
              "The tenant ID."
            ],
            "required": true
          },
          {
            "in": "header",
            "name": "X-WCM-TENANT-INSTANCE",
            "type": "string",
            "enum": [
              "The tenant instance."
            ],
            "required": true
          },
          {
            "in": "header",
            "name": "Authorization",
            "type": "string",
            "enum": [
              "The Access Token."
            ],
            "required": true
          },
          {
            "in": "header",
            "name": "X-GRANT-TYPE",
            "type": "string",
            "enum": [
              "client_credentials"
            ],
            "required": true
          },
          {
            "name": "body",
            "in": "body",
            "description": "The inbound message that contains the information required to update a client name record.",
            "required": true,
            "schema": {
              "$ref": "#/definitions/ModifiedHumanNameExt"
            }
          },
          {
            "name": "id",
            "in": "path",
            "required": true,
            "description": "Mandatory. The \"id\" attribute stores the Name resource ID value.",
            "type": "string",
            "maxLength": 64
          }
        ],
        "responses": {
          "200": {
            "description": "The put request was successful.",
            "schema": {
              "$ref": "#/definitions/ModifiedHumanNameExt"
            }
          },
          "400": {
            "description": "The data request is invalid. Check the error message for more information and resend the request with the corrected data.\n\nPossible error messages:\n\nEESERR161 - There are no matching individuals based on the ID entered.\n\nEESERR165 - The individual ID value provided, ..., is invalid and not in the correct format.\n\nEESERR180 - The identification details provided match multiple clients.\n\nEESERR182 - The date value provided, ..., is invalid and not in the correct format.\n\nEESERR183 - The date value provided, ..., is invalid.\n\nEESERR193 - A valid reference number or 'identifier' and 'identifierValue' or or 'identifiercode' and 'identifierValue' must be provided.\n\nEESERR631 - Name 'use' can't be updated with a value different from the existing one.\n\nEESERR639 - Failed to map values provided to Merative Integrated Care name type\n\nEESERR629 - External system reference value provided for name suffix matches no record.\n\nEESERR630 - External system reference value provided for name prefix matches no record.\n\nEESERR614 - Expected resourceType is HumanName.\n\nEESERR504 - A subject reference must be provided.\n\nEESERR496 - Values must be provided for 'family', 'given' and 'use' name's attributes.\n\nEESERR498 - Only 1 'preferred' name can be provided.\n\nEESERR499 - Only 1 'official' name can be provided.\n\nEESERR500 - Invalid 'use' value provided for name.\n\nEESERR357 - Values for identifier text and identifier value must be provided if identifier is provided.\n\nEESERR358 - Max number of identifiers to be provided per record is 3.\n\nEESERR350 - Identifiers for a client's record of the same type must be unique.\n\nEESERR353 - Identifier ... - ... matches multiple Name records for this person.\n\nEESERR354 - Resource id and identifier(s) match different Name records for this person.\n\nEESERR623 - The record was updated by a Care Manager, so it can't be udpated by an external system.\n\nEESERR637 - Failed to update a record.\n\nEESERR652 - Failed to update a record:  ...\n\nEESERR351 - The resource id provided doesn't exist for a %1s record for this person.\n\nEESERR625 - The record was deleted by a Care Manager, so it can't be reactivated by an external system.\n\nEESERR648 - Error reading the existing record .\n\nEESERR359 - Resource ... is locked by another process.\n\nEESERR355 - Concurrent processing, please retry.\n\nEESERR636 - Failed to retrieve case ID for the patient.\n\nEESERR647 - Error reading the existing record .\n\nEESERR649 - Error:  ... .\n\nEESERR650 - Error:  ... .\n\nEESERR626 - The record doesn't exist.\n\nEESERR356 - Resource ... doesn't exist.",
            "schema": {
              "$ref": "#/definitions/DefaultErrorModel"
            }
          },
          "401": {
            "description": "Invalid authentication credentials for the target resource entered.",
            "schema": {
              "$ref": "#/definitions/DefaultErrorModel"
            }
          },
          "500": {
            "description": "An internal server error occurred. Contact your administrator for more information.",
            "schema": {
              "$ref": "#/definitions/DefaultErrorModel"
            }
          },
          "default": {
            "description": "An unexpected error occurred. Check the error message for more information.",
            "schema": {
              "$ref": "#/definitions/DefaultErrorModel"
            }
          }
        }
      },
      "delete": {
        "description": "Deletes a client's name based on a delete event in the external system that initiates a transfer of information to Merative Integrated Care. Merative Integrated Care identifies the record to be deleted based on the resource ID that the external system provides.\n\n Example request\n \n    cURL\n    \n    curl -X DELETE \"https://host:port/Rest/v1/ees/individual_names/123\" -H  \"X-WCM-TENANT-ID: Tenant ID\" -H  \"X-WCM-TENANT-INSTANCE: Tenant Instance\" -H \"accept: application/json\" -H \"Referer: curam://foundational.app\"  \n    \n    \n    JAVA\n\n    HttpResponse response = Unirest.delete(\"https://host:port/Rest/v1/ees/individual_names/123\")\n\n        .header(\"accept\", \"application/json\")\n\n        .header(\"Authorization\", \"access_token\")\n\n        .header(\"X-GRANT-TYPE\", \"client_credentials\")\n\n        .header(\"X-WCM-TENANT-INSTANCE\", \"Tenant Instance\")\n\n     .header(\"X-WCM-TENANT-ID\", \"Tenant ID\")\n\n        .header(\"Referer\", \"curam://foundational.app\")\n\n        .asString();",
        "summary": "Delete a name record for a client who is registered in Merative Integrated Care.",
        "tags": [
          "Delete a name"
        ],
        "parameters": [
          {
            "in": "header",
            "name": "Referer",
            "type": "string",
            "enum": [
              "curam://foundational.app"
            ],
            "required": true
          },
          {
            "in": "header",
            "name": "X-WCM-TENANT-ID",
            "type": "string",
            "enum": [
              "The tenant ID."
            ],
            "required": true
          },
          {
            "in": "header",
            "name": "X-WCM-TENANT-INSTANCE",
            "type": "string",
            "enum": [
              "The tenant instance."
            ],
            "required": true
          },
          {
            "in": "header",
            "name": "Authorization",
            "type": "string",
            "enum": [
              "The Access Token."
            ],
            "required": true
          },
          {
            "in": "header",
            "name": "X-GRANT-TYPE",
            "type": "string",
            "enum": [
              "client_credentials"
            ],
            "required": true
          },
          {
            "name": "id",
            "in": "path",
            "required": true,
            "description": "Mandatory. \n\nThe \"id\" attribute stores the resource ID of the Name record to be deleted.",
            "type": "string",
            "maxLength": 64
          }
        ],
        "responses": {
          "204": {
            "description": "The delete request was successful."
          },
          "400": {
            "description": "The data request is invalid. Check the error message for more information and resend the request with the corrected data.\n\nPossible error messages returned:\n\nEESERR622 - The 'official' name record cannot be deleted.\n\nEESERR624 - The record was updated by a Care Manager, so it can't be deleted by an external system.\n\nEESERR638 - Failed to delete a record.\n\nEESERR653 - Failed to delete a record:  ... .\n\nEESERR359 - Resource ... is locked by another process.\n\nEESERR355 - Concurrent processing, please retry.\n\nEESERR636 - Failed to retrieve case ID for the patient.\n\nEESERR647 - Error reading the existing record .\n\nEESERR649 - Error:  ... .\n\nEESERR650 - Error:  ... .\n\nEESERR626 - The record doesn't exist.\n\nEESERR356 - Resource ... doesn't exist.",
            "schema": {
              "$ref": "#/definitions/DefaultErrorModel"
            }
          },
          "401": {
            "description": "Invalid authentication credentials for the target resource entered.",
            "schema": {
              "$ref": "#/definitions/DefaultErrorModel"
            }
          },
          "500": {
            "description": "An internal server error occurred. Contact your administrator for more information.",
            "schema": {
              "$ref": "#/definitions/DefaultErrorModel"
            }
          },
          "default": {
            "description": "An unexpected error occurred. Check the error message for more information.",
            "schema": {
              "$ref": "#/definitions/DefaultErrorModel"
            }
          }
        }
      }
    }
  },
  "definitions": {
    "NewIdentifier": {
      "type": "object",
      "properties": {
        "value": {
          "description": "Optional.\n\n\nThis attribute stores the external identifier value. \n\nIf provided, a type.text value must be provided.",
          "type": "string",
          "maxLength": 100
        },
        "type": {
          "$ref": "#/definitions/NewCodeableConcept"
        }
      }
    },
    "NewCodeableConcept": {
      "type": "object",
      "properties": {
        "text": {
          "description": "Optional. \n\nThis attribute stores the value for the identifier type.  It must be provided if an identifier value is provided.",
          "type": "string",
          "maxLength": 100
        }
      }
    },
    "CodeableConceptSource": {
      "type": "object",
      "properties": {
        "text": {
          "description": "Optional\n\nTextual description of codeable concept.",
          "type": "string"
        },
        "coding": {
          "type": "array",
          "maxItems": 1,
          "items": {
            "$ref": "#/definitions/CodingSource"
          }
        }
      }
    },
    "CodingSource": {
      "type": "object",
      "properties": {
        "system": {
          "description": "Required. \n\n\"http://wcm/source\" for source.",
          "type": "string",
          "enum": [
            "http://wcm/source"
          ]
        },
        "code": {
          "description": "Required. \n\nThe \"code\" value describes the source system.\n\nThe value provided maps to Merative Integrated Care Source System",
          "type": "string",
          "maxLength": 20
        }
      },
      "required": [
        "code"
      ]
    },
    "CodeableConceptOriginalSource": {
      "type": "object",
      "properties": {
        "text": {
          "description": "Optional\n\nTextual description of codeable concept.",
          "type": "string"
        },
        "coding": {
          "type": "array",
          "maxItems": 1,
          "items": {
            "$ref": "#/definitions/CodingOriginalSource"
          }
        }
      }
    },
    "CodingOriginalSource": {
      "type": "object",
      "properties": {
        "system": {
          "description": "Required. \n\n\"http://wcm/originalsource\" for orginal source.",
          "type": "string",
          "enum": [
            "http://wcm/originalsource"
          ]
        },
        "code": {
          "description": "Required. \n\nThe \"code\" value describes the original source system.\n\nThe value provided maps to Merative Integrated Care Original Source System",
          "type": "string",
          "maxLength": 20
        }
      },
      "required": [
        "code"
      ]
    },
    "ModifiedSubject": {
      "type": "object",
      "properties": {
        "reference": {
          "description": "The Subject object is used to identify an individual in Merative Integrated Care.\n\n\nThe \"reference\" String is expected to contain identifier details that will be used to match an individual in Merative Integrated Care.\n\n\n The string is parsed to extract query parameters and associated values. The string can contain a combination of\n\n(1) Merative Integrated Care Patient ID (that is, the Merative Integrated Care Reference Number),\n\n(2) Merative Integrated Care Identification External System Reference and Identification number,\n\n(3) Merative Integrated Care Identification Type and Identification number,\n\n(4) Merative Integrated Care Identification External System Reference and Identification number and birthDate, \n\n(5) Merative Integrated Care Identification Type and Identification number and birthDate.\n\n\nFor example:\n\n(1) Merative Integrated Care Patient ID\n\n    \"subject\":{\n\n        \"reference\" : \"patient/123    \" }   \n\n\n\n(2) Merative Integrated Care Identification External System Reference and Identification number\n\n    \"subject\":{\n\n         \"reference\" : \"patient/identifiercode=xwz, identifiervalue=239\"}  \n\n\n (3) Merative Integrated Care Identification External System Reference and Identification number,\n\n    \"subject\":{\n\n         \"reference\" : \"patient/identifier=Passport, identifiervalue=239\" } \n\n\n(4) Merative Integrated Care Identification External System Reference and Identification number and birthDate,\n\n      \"subject\":{\n\n         \"reference\" : \"patient/identifiercode=xwz, identifiervalue=239, birthDate=19380821\" }    \n\n\n(5) Merative Integrated Care Identification Type and Identification number and birthDate,\n\n       \"subject\":{\n\n         \"reference\" : \"patient/identifiercode=Passport, identifiervalue=239, birthDate=19380821\"  }   ",
          "type": "string",
          "maxLength": 150
        }
      },
      "required": [
        "reference"
      ]
    },
    "NewSubject": {
      "type": "object",
      "properties": {
        "reference": {
          "description": "The Subject object is used to identify an individual in Merative Integrated Care.\n\n\nThe \"reference\" String is expected to contain identifier details that are used to match an individual in Merative Integrated Care.\n\n\n The string is parsed to extract query parameters and associated values. The string can contain a combination of\n\n(1) Merative Integrated Care Patient ID (that is, the Merative Integrated Care Reference Number),\n(2) Merative Integrated Care Identification External System Reference and Identification number,\n\n(3) Merative Integrated Care Identification Type and Identification number,\n\n(4) Merative Integrated Care Identification External System Reference and Identification number and birthDate, \n\n(5) Merative Integrated Care Identification Type and Identification number and birthDate.\n\n\nFor example:\n\n(1) Merative Integrated Care Patient ID\n\n    \"subject\":{\n\n        \"reference\" : \"patient/123    \" }   \n\n\n\n(2) Merative Integrated Care Identification External System Reference and Identification number\n\n    \"subject\":{\n\n         \"reference\" : \"patient/identifiercode=xwz, identifiervalue=239\"}  \n\n\n (3) Merative Integrated Care Identification External System Reference and Identification number,\n\n    \"subject\":{\n\n         \"reference\" : \"patient/identifier=Passport, identifiervalue=239\" } \n\n\n(4) Merative Integrated Care Identification External System Reference and Identification number and birthDate,\n\n      \"subject\":{\n\n         \"reference\" : \"patient/identifiercode=xwz, identifiervalue=239, birthDate=19380821\" }    \n\n\n(5) Merative Integrated Care Identification Type and Identification number and birthDate,\n\n       \"subject\":{\n\n         \"reference\" : \"patient/identifiercode=Passport, identifiervalue=239, birthDate=19380821\"  }   ",
          "type": "string",
          "maxLength": 150
        }
      },
      "required": [
        "reference"
      ]
    },
    "ModifiedIdentifier": {
      "type": "object",
      "properties": {
        "value": {
          "description": "Optional.\n\nThis attribute stores the external identifier value. If provided, a type.text value must be provided.",
          "type": "string",
          "maxLength": 100
        },
        "type": {
          "type": "object",
          "description": "Opional. This object stores the value for the Identifier type.",
          "$ref": "#/definitions/ModifiedCodeableConcept"
        }
      }
    },
    "ModifiedCodeableConcept": {
      "type": "object",
      "properties": {
        "text": {
          "description": "Optional. \n  \n  \nThis attribute stores the value for the Identification type.  It must be provided if an identifier value is provided.",
          "type": "string",
          "maxLength": 100
        }
      }
    },
    "NewHumanNameCr": {
      "type": "object",
      "properties": {
        "resourceType": {
          "description": "Mandatory. \n\nThe expected resource type for Name API is \"HumanName\".  Any other value is rejected.",
          "type": "string",
          "enum": [
            "HumanName"
          ]
        },
        "use": {
          "description": "Mandatory. \n\nThe \"use\" value describes the purpose of the name record.\n\nAvailable values to be used are listed below, on the right. On the left is the corresponding Merative Integrated Care name Type value, which is          displayed in the Client Data page when viewing the Name record:\n\n\"usual\" > Preferred\n\n\"official\" >  Registered\n\n\"temp\" > Temporary\n\n\"nickname\" > Alias\n\n\"anonymous\" > Anonymous\n\n\"old\" > Old\n\n\"maiden\" > Maiden\n\nAn individual who is registered in Merative Integrated Care can have only  1 Registered name, which must be provided when registering a Client. A POST request for creating an \"official\" name record will fail.\n\nAn individual who is registered in Merative Integrated Care can have only  1 Preferred name. A POST request for creating a \"usual\" name record will fail if the individual already has a preferred name.",
          "type": "string",
          "enum": [
            "usual",
            "official",
            "temp",
            "nickname",
            "anonymous",
            "old",
            "maiden"
          ]
        },
        "family": {
          "description": "Mandatory. \n\nThe \"family\" attribute stores the value for the Merative Integrated Care \"Last Name\".",
          "type": "string",
          "maxLength": 65
        },
        "given": {
          "description": "Mandatory. \n\nThe \"given\" attribute stores the value for the Merative Integrated Care \"First Name\".",
          "type": "string",
          "maxLength": 65
        },
        "prefix": {
          "description": "Optional. \n\nThe \"prefix\" attribute stores the Title External System Reference that is configured by an Admin user in Merative Integrated Care.",
          "type": "string",
          "maxLength": 20
        },
        "suffix": {
          "description": "Optional. \n\nThe \"suffix\" attribute stores the Suffix External System Reference that is onfigured by an Admin user in Merative Integrated Care.",
          "type": "string",
          "maxLength": 20
        },
        "middle": {
          "description": "Optional. \n\nThe \"middle\" attribute stores the value for the Merative Integrated Care \"Middle Name.",
          "type": "string",
          "maxLength": 65
        },
        "source": {
          "$ref": "#/definitions/CodeableConceptSource"
        },
        "originalSource": {
          "$ref": "#/definitions/CodeableConceptOriginalSource"
        },
        "identifier": {
          "type": "array",
          "maxItems": 3,
          "description": "Optional.\n\nThe Identifier list of objects stores values of external identifiers for the enclosing record.\n\nIdentifier objects can be usd to create and update records.\n\nAn external system can provide up to 3 identifiers for a record.\n\nWhen a record is created with an external identifier, the same identifier that is provided can be used to identify a record. Hence send a PUT request to update the record.\n\n\nFor Example:\n\nA name record is created, which provides an identifier with the following values:\n\nidentifier.type.text = \"ExtSys1\"\n\nidentifier.value = \"698368\"\n\nA PUT request with an updated content and identifier as follows:\n\nidentifier.type.text = \"ExtSys1\"\n\nidentifier.value = \"698368\"\n\ncan be sent using the following url:\n\n /Rest/v1/ees/individual_names\n\nThe name record is updated. ",
          "items": {
            "$ref": "#/definitions/NewIdentifier"
          }
        },
        "subject": {
          "$ref": "#/definitions/NewSubject"
        }
      },
      "required": [
        "subject",
        "resourceType",
        "family",
        "given",
        "use"
      ]
    },
    "ModifiedHumanNameCr": {
      "type": "object",
      "properties": {
        "resourceType": {
          "description": "Mandatory. \n\nFor Name APIs, the expected resource type is \"HumanName\". Any other value will fail the validation.",
          "type": "string",
          "enum": [
            "HumanName"
          ]
        },
        "use": {
          "description": "Mandatory. \n\nThe \"use\" value describes the purpose of the name record.\n\nAvailable values to be used are listed below, on the right. On the left is the corresponding Merative Integrated Care name Type value, as it will be displayed in the Client Data page when viewing the Name record:\n\n\"usual\" > Preferred\n\n\"official\" >  Registered\n\n\"temp\" > Temporary\n\n\"nickname\" > Alias\n\n\"anonymous\" > Anonymous\n\n\"old\" > Old\n\n\"maiden\" > Maiden\n\nA name Type cannot be updated in Merative Integrated Care. Therefore, if the 'use' value provided for a PUT request is different from the one used when creating the record, the request fails.\n\nAn individual who is registered in Merative Integrated Care can have only  1 Registered name, which must be provided when registering a client. A PUT request for an \"official\" name that results in a Create operation will fail.\n\nAn individual who is registered in Merative Integrated Care can have only  1 Preferred name. A PUT request for a \"usual\" name that results in a Create operation will hence fail if the individual already has a preferred name.",
          "type": "string",
          "enum": [
            "usual",
            "official",
            "temp",
            "nickname",
            "anonymous",
            "old",
            "maiden"
          ],
          "maxLength": 900
        },
        "family": {
          "description": "Mandatory. \n\nThe \"family\" attribute stores the value for the Merative Integrated Care \"Last Name\".",
          "type": "string",
          "maxLength": 65
        },
        "given": {
          "description": "Mandatory. \n\nThe \"given\" attribute stores the value for the Merative Integrated Care \"First Name\".",
          "type": "string",
          "maxLength": 65
        },
        "prefix": {
          "description": "Optional. \n\nThe \"prefix\" attribute stores the Title External System Reference that is configured by an Admin user in Merative Integrated Care.",
          "type": "string",
          "maxLength": 20
        },
        "suffix": {
          "description": "Optional. \n\nThe \"suffix\" attribute stores the Suffix External System Reference that is configured by an Admin user in Merative Integrated Care.",
          "type": "string",
          "maxLength": 20
        },
        "middle": {
          "description": "Optional. \n\nThe \"middle\" attribute stores the value for the Merative Integrated Care \"Middle Name\".",
          "type": "string",
          "maxLength": 65
        },
        "source": {
          "$ref": "#/definitions/CodeableConceptSource"
        },
        "originalSource": {
          "$ref": "#/definitions/CodeableConceptOriginalSource"
        },
        "identifier": {
          "type": "array",
          "description": "Optional.\n\nThe Identifier list of objects stores values of external identifiers for the enclosing record.\n\nIdentifier objects can be used to create and update records.\n\nAn external system can create record identifiers when creating or updating a record. An external system can provide up to 3 identifiers for a record, for each REST call.\n\nAn individual's record can be identified using external identifiers.\n\nWhen invoking this PUT API, if identifiers provided match a name record for this individual, the record is updated. If no name record is matched, a new name record is created.\n\nFor Example:\n\nA name record that was created providing this identifier:\n\nidentifier.type.text = \"ExtSys1\"\n\nidentifier.value = \"698368\"\n\ncan be updated by invoking this API and providing the same identifier. ",
          "maxItems": 3,
          "items": {
            "$ref": "#/definitions/ModifiedIdentifier"
          }
        },
        "subject": {
          "$ref": "#/definitions/ModifiedSubject"
        }
      },
      "required": [
        "subject",
        "resourceType",
        "family",
        "given"
      ]
    },
    "ModifiedHumanNameExt": {
      "type": "object",
      "properties": {
        "resourceType": {
          "description": "Mandatory. \n\nFor Name APIs, the expected resource type is \"HumanName\". Any other value fails the validation.",
          "type": "string",
          "enum": [
            "HumanName"
          ]
        },
        "use": {
          "description": "Optional. \n\nThe \"use\" value describes the purpose of the name record.\n\nAvailable values to be used are listed below, on the right. On the left is the corresponding Merative Integrated Care name Type value, as it will be displayed in the Client Data page when viewing the Name record:\n\n\"usual\" > Preferred\n\n\"official\" >  Registered\n\n\"temp\" > Temporary\n\n\"nickname\" > Alias\n\n\"anonymous\" > Anonymous\n\n\"old\" > Old\n\n\"maiden\" > Maiden\n\n\n If no value is provided for 'use' when invoking this API, the value of the existing record will be applied for the update.\n \n \nA name Type cannot be updated in Merative Integrated Care. Therefore, if the 'use' value provided for a PUT request is different from the one used when creating the record, the request fails.",
          "type": "string",
          "enum": [
            "usual",
            "official",
            "temp",
            "nickname",
            "anonymous",
            "old",
            "maiden"
          ]
        },
        "family": {
          "description": "Mandatory. \n\nThe \"family\" attribute stores the value for the Merative Integrated Care \"Last Name\".",
          "type": "string",
          "maxLength": 65
        },
        "given": {
          "description": "Mandatory. \n\nThe \"given\" attribute stores the value for the Merative Integrated Care \"First Name\".",
          "type": "string",
          "maxLength": 65
        },
        "prefix": {
          "description": "Optional. \n\nThe \"prefix\" attribute stores the Title External System Reference configured by an Admin user in Merative Integrated Care.",
          "type": "string",
          "maxLength": 20
        },
        "suffix": {
          "description": "Optional. \n\nThe \"suffix\" attribute stores the Suffix External System Reference configured by an Admin user in Merative Integrated Care.",
          "type": "string",
          "maxLength": 20
        },
        "middle": {
          "description": "Optional. \n\nThe \"middle\" attribute stores the value for the Merative Integrated Care \"Middle Name\".",
          "type": "string",
          "maxLength": 65
        },
        "source": {
          "$ref": "#/definitions/CodeableConceptSource"
        },
        "originalSource": {
          "$ref": "#/definitions/CodeableConceptOriginalSource"
        },
        "id": {
          "description": "Mandatory. \n\nThe \"id\" attribute stores the Name resource ID that is generated in Merative Integrated Care when a resource is created.",
          "type": "string",
          "maxLength": 64
        },
        "identifier": {
          "type": "array",
          "description": "Optional.\n\nThe Identifier list of objects stores values of external identifiers for the enclosing record.\n\nIdentifier objects can be used to create and update records.\n\nAn external system can create record identifiers when creating or updating a record. An external system can provide up to 3 identifiers for a record, for each REST call.\n\nAn individual's record can be identified using external identifiers.\n\nWhen invoking this PUT API, identifiers are evaluated before they are added to the record to be updated:\n\n- If no other name record exists with any of these identifiers exist for this individual, the identifiers are added to this record in Merative Integrated Care.\n\n- If another name record already exists in Merative Integrated Care for this individual with one of the identifiers provided, the request fails.\n\n- If identifiers already exist for a name record for this individual and the resource ID provided is the one of the name record, the update is successful.",
          "maxItems": 3,
          "items": {
            "$ref": "#/definitions/ModifiedIdentifier"
          }
        },
        "subject": {
          "$ref": "#/definitions/ModifiedSubject"
        }
      },
      "required": [
        "id",
        "subject",
        "resourceType",
        "family",
        "given"
      ]
    },
    "DefaultErrorModel": {
      "type": "object",
      "properties": {
        "Error": {
          "type": "array",
          "items": {
            "$ref": "#/definitions/Error"
          }
        }
      }
    },
    "Error": {
      "type": "object",
      "properties": {
        "code": {
          "type": "integer",
          "format": "int32",
          "description": "A machine-readable code that identifies the problem. This will not vary with the Accept-Language setting."
        },
        "message": {
          "type": "string",
          "description": "A human-readable message. This message text is localized based on the Accept-Language setting of the request. The contents of this message text may change over time."
        },
        "level": {
          "type": "string",
          "description": "The level of the error."
        }
      },
      "required": [
        "code",
        "message",
        "level"
      ]
    }
  }
}
