{
  "swagger": "2.0",
  "info": {
    "description": "By using the protected APIs that follow, you can retrieve provider service inquiries created for a client from Merative Integrated Care so that extended care team members (who are not Merative Integrated Care users) can view and manage the inquiry in an external system. In addition, you can send updated inquiries from an external system to Merative Integrated Care.",
    "version": "v1",
    "title": "Inquiries API"
  },
  "host": "host",
  "basePath": "/Rest",
  "schemes": [
    "https"
  ],
  "produces": [
    "application/json"
  ],
  "consumes": [
    "application/json"
  ],
  "paths": {
    "/v1/ees/inquiry/{id}": {
      "get": {
        "summary": "Get provider service inquiry details for a client who is registered in Merative Integrated Care.",
        "description": "Retrieves a specific inquiry in Merative Integrated Care that matches the record ID sent from an external system.\n\nExample request\n\n    cURL\n  \n    curl GET -v -k -H\n    'Content-Type: application/json' -H  \"X-WCM-TENANT-ID: Tenant ID\" -H  \"X-WCM-TENANT-INSTANCE: Tenant Instance\" -H  \"Authorization: access_token\" -H  \"X-GRANT-TYPE: client_credentials\" -H 'Referer: curam//foundational.app'\n\n    http://host:port/Rest/v1/ees/inquiry/{id}\n\n  \n    JAVA\n  \n    HttpResponse response = Unirest.put(https://host:port/Rest/v1/ees/inquiry/{id}\n\n      .header(\"accept\", \"application/json\")\n\n        .header(\"X-WCM-TENANT-ID\", \"Tenant ID\")\n\n      .header(\"X-WCM-TENANT-INSTANCE\", \"Tenant Instance\")\n\n    .header(\"Authorization\", \"access_token\")\n\n        .header(\"X-GRANT-TYPE\", \"client_credentials\")\n\n        .header(\"Referer\", \"curam.//foundationalapp\")    .asString();",
        "tags": [
          "Get inquiry (by ID)"
        ],
        "parameters": [
          {
            "in": "header",
            "name": "Referer",
            "type": "string",
            "enum": [
              "curam://foundational.app"
            ],
            "required": true
          },
          {
            "in": "header",
            "name": "X-WCM-TENANT-ID",
            "type": "string",
            "enum": [
              "The tenant ID."
            ],
            "required": true
          },
          {
            "in": "header",
            "name": "X-WCM-TENANT-INSTANCE",
            "type": "string",
            "enum": [
              "The tenant instance."
            ],
            "required": true
          },
          {
            "in": "header",
            "name": "Authorization",
            "type": "string",
            "enum": [
              "The Access Token."
            ],
            "required": true
          },
          {
            "in": "header",
            "name": "X-GRANT-TYPE",
            "type": "string",
            "enum": [
              "client_credentials"
            ],
            "required": true
          },
          {
            "name": "id",
            "in": "path",
            "required": true,
            "description": "Internal record ID/Merative Integrated Care ID of the inquiry.",
            "type": "string"
          }
        ],
        "responses": {
          "200": {
            "description": "The get request was successful.",
            "schema": {
              "$ref": "#/definitions/GetInquiryMessage"
            }
          },
          "400": {
            "description": "The data request is invalid. Check the error message for further information and resend the request with the corrected data.\n\n Possible error messages:\n\nEESERR2056  - Inquiry not found.",
            "schema": {
              "$ref": "#/definitions/DefaultErrorModel"
            }
          },
          "500": {
            "description": "An internal server error occurred. Contact your administrator for more information.",
            "schema": {
              "$ref": "#/definitions/DefaultErrorModel"
            }
          },
          "default": {
            "description": "An unexpected error occurred. Check the error message for further information.",
            "schema": {
              "$ref": "#/definitions/DefaultErrorModel"
            }
          }
        }
      }
    },
    "/v1/ees/inquiry": {
      "put": {
        "summary": "Update a provider service inquiry for a client who is registered in Merative Integrated Care.",
        "description": "Updates a specific inquiry in Merative Integrated Care. Merative Integrated Care identifies the record to be updated based on the inquiry identifiers that the external system provides in the body. \n\n  \n \n    cURL\n    \n    curl -X POST \"https://host:port/Rest/v1/ees/inquiry\" -H  \"X-WCM-TENANT-ID: Tenant ID\" -H  \"X-WCM-TENANT-INSTANCE: Tenant Instance\" -H  \"Authorization: access_token\" -H  \"X-GRANT-TYPE: client_credentials\" -H  \"accept: application/json\" -H  \"Referer: curam://foundational.app\" -H  \"Authorization: access_token\" -H  \"X-GRANT-TYPE: client_credentials\" -H  \"Content-Type: application/json\" -d \" { \"resourceType\": \"Parameters\", \"parameter\": [{\"name\": \"inquiry\",\"resource\": {\"resourceType\":\"Parameters\",\"implicitRules\": \"Inquiry\",\"id\": \"1126999418470656\",\"parameter\": [{\"name\": \"ExpectedStartDate\",\"valueString\": \"2021-09-10\"},{\"name\": \"Status\", \"valueString\": \"openesr\"},  {\"name\": \"ReceivedDate\",\"valueString\": \"2020-10-29\"},{\"name\": \"LastUpdatedBy\",\"valueString\": \"Susan Brown\"},{\"name\": \"LastUpdated\",\"valueString\": \"2021-05-29T12:43:45+02:00\"}, { \"name\": \"Comments\", \"valueString\":\"update Comment\" },{ \"name\": \"Source\", \"valueString\": \"\",\"valueCodetableConcept\": {\"text\": \"description of source\",\"coding\": [ {\"system\": \"http://wcm/source\",\"code\": \"code of source\" }]}},{ \"name\": \"OriginalSource\",\"valueString\": \"\", \"valueCodetableConcept\": {\"text\": \"description of original source\",\"coding\": [ { \"system\": \"http://wcm/originalsource\", \"code\": \"code of original source\" } ] }} ]}}]}\n      \n    \n\n      \n    \n    JAVA\n\n    HttpResponse response = Unirest.post(\"https://host:port/Rest/v1/ees/inquiry\")\n\n        .header(\"accept\", \"application/json\")\n\n        .header(\"Authorization\", \"access_token\")\n\n        .header(\"X-GRANT-TYPE\", \"client_credentials\")\n\n        .header(\"X-WCM-TENANT-INSTANCE\", \"Tenant Instance\")\n\n     .header(\"X-WCM-TENANT-ID\", \"Tenant ID\")\n\n        .header(\"Referer\", \"curam://foundational.app\")\n\n        .header(\"Content-Type\", \"application/json\")\n       \n        .asString();",
        "tags": [
          "Update inquiry"
        ],
        "parameters": [
          {
            "in": "header",
            "name": "Referer",
            "type": "string",
            "enum": [
              "curam://foundational.app"
            ],
            "required": true
          },
          {
            "in": "header",
            "name": "X-WCM-TENANT-ID",
            "type": "string",
            "enum": [
              "The tenant ID."
            ],
            "required": true
          },
          {
            "in": "header",
            "name": "X-WCM-TENANT-INSTANCE",
            "type": "string",
            "enum": [
              "The tenant instance."
            ],
            "required": true
          },
          {
            "in": "header",
            "name": "Authorization",
            "type": "string",
            "enum": [
              "The Access Token."
            ],
            "required": true
          },
          {
            "in": "header",
            "name": "X-GRANT-TYPE",
            "type": "string",
            "enum": [
              "client_credentials"
            ],
            "required": true
          },
          {
            "name": "body",
            "in": "body",
            "description": "The inquiry details.",
            "required": true,
            "schema": {
              "$ref": "#/definitions/ModifiedInquiry"
            }
          }
        ],
        "responses": {
          "200": {
            "description": "The put request was successful.",
            "schema": {
              "$ref": "#/definitions/ModifiedInquiry"
            }
          },
          "400": {
            "description": "The data request is invalid. Check the error message for further information and resend the request with the corrected data.\n\n Possible error messages:\n\nEESERR2051 - It is mandatory to specify 'inquiry ID'.\n\nEESERR2052 - It is mandatory to specify 'status'.\n\nEESERR2054 - It is mandatory to specify 'last updatedBy'.\n\nEESERR2055 - It is mandatory to specify 'last updated'.\n\nEESERR2056  - Inquiry not found.\n\nEESERR2057 - The value string entered for 'Inquiry ID' is too long, maximum allowed characters is 18.\n\nEESERR2058  -  Invalid value entered for 'status'.\n\nEESERR2059 -  The value string entered for 'status' is too long, maximum allowed characters is 20.\n\nEESERR2060 - The value string entered for 'Comments' is too long, maximum allowed characters is 2000.\n\nEESERR2061  - The 'source' entered is too long, maximum allowed is 100.\n\nEESERR2062  - The 'originalSource' entered is too long, maximum allowed is 100.\n\nEESERR2063  - Invalid 'system' entered for 'source'. \n\nEESERR2064  -  Invalid 'code' entered for 'source'.\n\nEESERR2065  -  Invalid 'system' entered for 'originalSource'.\n\nEESERR2066  - Invalid 'code' entered for 'originalSource'.\n\nEESERR2067  - Invalid date string entered for 'expectedStartDate'.\n\nEESERR2068  - Invalid date string entered for 'receivedDate'.\n\nEESERR2069 -  The value string entered for 'lastUpdatedBy' is too long, maximum allowed characters is 64.\n\nEESERR2070 -  Invalid 'Date Time' entered for 'lastUpdated'.\n\nEESERR2071 -  Invalid 'value' entered for 'ResourceType'.\n\nEESERR2072 -  Invalid 'value' entered for 'Parameter Name'.\n\nEESERR2073 -  Invalid 'value' entered for 'implicitRules'.",
            "schema": {
              "$ref": "#/definitions/DefaultErrorModel"
            }
          },
          "500": {
            "description": "An internal server error occurred. Contact your administrator for more information.",
            "schema": {
              "$ref": "#/definitions/DefaultErrorModel"
            }
          },
          "default": {
            "description": "An unexpected error occurred. Check the error message for further information.",
            "schema": {
              "$ref": "#/definitions/DefaultErrorModel"
            }
          }
        }
      }
    }
  },
  "definitions": {
    "GetInquiryMessage": {
      "type": "object",
      "properties": {
        "resourceType": {
          "description": "All inquiries are of resource type Parameters.",
          "type": "string"
        },
        "parameter": {
          "description": "Parameter of inquiry response holds inquiry details.",
          "type": "object",
          "$ref": "#/definitions/ModifiedParameter"
        }
      }
    },
    "ModifiedInquiry": {
      "type": "object",
      "properties": {
        "resourceType": {
          "description": "All inquiries are of resource type Parameters. This is a mandatory field.",
          "type": "string",
          "maxLength": 300
        },
        "parameter": {
          "type": "object",
          "description": "Contains the inquiry details. This is a mandatory field.",
          "$ref": "#/definitions/ModifiedParameter"
        }
      }
    },
    "ModifiedParameter": {
      "type": "object",
      "properties": {
        "name": {
          "description": "All inquiries parameter are of name inquiry. This is a mandatory field.",
          "type": "string",
          "maxLength": 300
        },
        "resource": {
          "type": "object",
          "description": "Mandatory. This object holds the resource for the Parameter.",
          "$ref": "#/definitions/ModifiedResource"
        }
      }
    },
    "ModifiedResource": {
      "type": "object",
      "properties": {
        "resourceType": {
          "description": "All inquiries are of resource type Parameters. This is a mandatory field.",
          "type": "string",
          "maxLength": 300
        },
        "implicitRules": {
          "description": "All implicitRules are Inquiry. This is a mandatory field.",
          "type": "string",
          "maxLength": 300
        },
        "id": {
          "description": "Identifier to retrieve the inquiry to update. This is a mandatory field.",
          "type": "string",
          "maxLength": 18
        },
        "parameter": {
          "type": "array",
          "items": {
            "$ref": "#/definitions/ModifiedParameters"
          }
        }
      }
    },
    "ModifiedParameters": {
      "type": "object",
      "properties": {
        "name": {
          "description": "This attribute holds the name for the Parameter. List of Mandatory names for PUT Rest call are Status LastUpdatedBy and LastUpdated. \n\nlist of optional names are ExpectedStartDate ReceivedDate Comments Source OriginalSource .",
          "type": "string",
          "maxLength": 2000
        },
        "valueString": {
          "description": "This attribute holds the value for the Parameter. List of Mandatory values for PUT Rest call are Status LastUpdatedBy and LastUpdated. \n\nlist of optional names are ExpectedStartDate ReceivedDate Comments Source OriginalSource .",
          "type": "string",
          "maxLength": 2000
        },
        "valueCodetableConcept": {
          "type": "object",
          "description": "Object to hold source and original source details.",
          "$ref": "#/definitions/Sources"
        }
      }
    },
    "Sources": {
      "type": "object",
      "properties": {
        "text": {
          "type": "string",
          "maxLength": 100
        },
        "coding": {
          "type": "object",
          "description": "Mandatory. This object holds the resource for the Parameter.",
          "$ref": "#/definitions/ModifiedCoding"
        }
      }
    },
    "ModifiedCoding": {
      "type": "object",
      "properties": {
        "system": {
          "type": "string",
          "maxLength": 100
        },
        "code": {
          "type": "string",
          "maxLength": 100
        }
      }
    },
    "DefaultErrorModel": {
      "type": "object",
      "properties": {
        "Error": {
          "type": "array",
          "items": {
            "$ref": "#/definitions/Error"
          }
        }
      }
    },
    "Error": {
      "type": "object",
      "properties": {
        "code": {
          "type": "integer",
          "format": "int32",
          "description": "A machine-readable code that identifies the problem. This code does not vary with the Accept-Language setting."
        },
        "message": {
          "type": "string",
          "description": "A human-readable message. This message text is localized based on the Accept-Language setting of the request. The contents of this message text may change over time."
        },
        "level": {
          "type": "string",
          "description": "The level of the error."
        }
      },
      "required": [
        "code",
        "message",
        "level"
      ]
    }
  }
}
