{
  "swagger": "2.0",
  "info": {
    "version": "v1",
    "title": "Client Registration API",
    "description": "By using the protected APIs that follow, client registration data can be shared between Merative Integrated Care and external systems. An external system can receive client registration data, such as the client's demographic and identification information, through the client registration API when a new client is registered in Merative Integrated Care. Similarly, an external system can register a new client in Merative Integrated Care through the client registration API, thereby eliminating the need for the care team to manually register the client in Merative Integrated Care."
  },
  "host": "host",
  "basePath": "/Rest",
  "produces": [
    "application/json"
  ],
  "consumes": [
    "application/json"
  ],
  "paths": {
    "/v1/ees/individuals": {
      "post": {
        "tags": [
          "Register a client"
        ],
        "description": "Register a client in Merative Integrated Care based on an update in the external system that initiates a transfer of valid data to Merative Integrated Care.\n\n Example request\n \n    cURL\n    \n    curl -X POST \"https://host:port/Rest/v1/ees/individuals\" -H  \"X-WCM-TENANT-ID: Tenant ID\" -H  \"X-WCM-TENANT-INSTANCE: Tenant Instance\" -H  \"accept: application/json\" -H  \"Referer: curam://foundational.app\" -H  \"Authorization: access_token\" -H  \"X-GRANT-TYPE: client_credentials\" -H  \"Content-Type: application/json\" -d \"{ \\\"resourceType\\\": \\\"Patient\\\", \\\"active\\\": true, \\\"gender\\\": \\\"male\\\", \\\"birthDate\\\": \\\"1970-01-03\\\", \\\"deceasedBoolean\\\": false, \\\"deceasedDate\\\": \\\"\\\", \\\"source\\\": { \\\"text\\\": \\\"Office\\\", \\\"coding\\\": [ { \\\"system\\\": \\\"http://wcm/source\\\", \\\"code\\\": \\\"ABC\\\" } ] }, \\\"originalSource\\\": { \\\"text\\\": \\\"Mentioned by client\\\", \\\"coding\\\": [ { \\\"system\\\": \\\"http://wcm/originalsource\\\", \\\"code\\\": \\\"DEF\\\" } ] }, \\\"address\\\": [ { \\\"use\\\": \\\"home\\\", \\\"state\\\": \\\"NY\\\", \\\"country\\\": \\\"US\\\", \\\"source\\\": { \\\"text\\\": \\\"Office\\\", \\\"coding\\\": [  { \\\"system\\\": \\\"http://wcm/source\\\", \\\"code\\\": \\\"ABC\\\"  } ] }, \\\"originalSource\\\": { \\\"text\\\": \\\"Mentioned by client\\\", \\\"coding\\\": [  { \\\"system\\\": \\\"http://wcm/originalsource\\\", \\\"code\\\": \\\"DEF\\\"  } ] }, \\\"city\\\": \\\"New York\\\", \\\"line1\\\": \\\"31\\\", \\\"line2\\\": \\\"Park Avenue\\\", \\\"line3\\\": \\\"\\\", \\\"postalCode\\\": \\\"12345678\\\", \\\"identifier\\\": [ {  \\\"value\\\": \\\"123\\\",  \\\"type\\\": { \\\"text\\\": \\\"ExternalIdentifier\\\"  } } ], \\\"period\\\": { \\\"start\\\": \\\"2019-01-03\\\", \\\"end\\\": \\\"\\\" } } ], \\\"maritalStatus\\\": { \\\"coding\\\": [ { \\\"system\\\": \\\"http://hl7.org/fhir/v3/MaritalStatus\\\", \\\"code\\\": \\\"D\\\" } ], \\\"period\\\": { \\\"start\\\": \\\"2019-01-03\\\", \\\"end\\\": \\\"\\\" } }, \\\"telecom\\\": [ { \\\"system\\\": \\\"phone\\\", \\\"value\\\": \\\"090909\\\", \\\"use\\\": \\\"home\\\", \\\"source\\\": { \\\"text\\\": \\\"Office\\\", \\\"coding\\\": [  { \\\"system\\\": \\\"http://wcm/source\\\", \\\"code\\\": \\\"ABC\\\"  } ] }, \\\"originalSource\\\": { \\\"text\\\": \\\"Mentioned by client\\\", \\\"coding\\\": [  { \\\"system\\\": \\\"http://wcm/originalsource\\\", \\\"code\\\": \\\"DEF\\\"  } ] }, \\\"identifier\\\": [ {  \\\"value\\\": \\\"456\\\",  \\\"type\\\": { \\\"text\\\": \\\"ExternalIdentifier\\\"  } } ], \\\"period\\\": { \\\"start\\\": \\\"2019-01-03\\\", \\\"end\\\": \\\"\\\" } } ], \\\"name\\\": [ { \\\"use\\\": \\\"official\\\", \\\"family\\\": \\\"Smith\\\", \\\"given\\\": \\\"Carl\\\", \\\"prefix\\\": \\\"\\\", \\\"suffix\\\": \\\"\\\", \\\"middle\\\": \\\"\\\", \\\"source\\\": { \\\"text\\\": \\\"Office\\\", \\\"coding\\\": [  { \\\"system\\\": \\\"http://wcm/source\\\", \\\"code\\\": \\\"ABC\\\"  } ] }, \\\"originalSource\\\": { \\\"text\\\": \\\"Mentioned by client\\\", \\\"coding\\\": [  { \\\"system\\\": \\\"http://wcm/originalsource\\\", \\\"code\\\": \\\"DEF\\\"  } ] }, \\\"identifier\\\": [ {  \\\"value\\\": \\\"789\\\",  \\\"type\\\": { \\\"text\\\": \\\"ExternalIdentifier\\\"  } } ] } ], \\\"identifier\\\": [ { \\\"value\\\": \\\"12349876\\\", \\\"source\\\": { \\\"text\\\": \\\"Office\\\", \\\"coding\\\": [  { \\\"system\\\": \\\"http://wcm/source\\\", \\\"code\\\": \\\"ABC\\\"  } ] }, \\\"originalSource\\\": { \\\"text\\\": \\\"Mentioned by client\\\", \\\"coding\\\": [  { \\\"system\\\": \\\"http://wcm/originalsource\\\", \\\"code\\\": \\\"DEF\\\"  } ] }, \\\"type\\\": { \\\"coding\\\": [  { \\\"system\\\": \\\"http://wcm/identification\\\", \\\"code\\\": \\\"GHIL\\\"  } ] }, \\\"period\\\": { \\\"start\\\": \\\"2019-01-03\\\", \\\"end\\\": \\\"\\\" } } ], \\\"headerSources\\\": { \\\"birthDeathSource\\\": { \\\"text\\\": \\\"Office\\\", \\\"coding\\\": [ {  \\\"system\\\": \\\"http://wcm/source\\\",  \\\"code\\\": \\\"ABC\\\" } ] }, \\\"genderSource\\\": { \\\"text\\\": \\\"Office\\\", \\\"coding\\\": [ {  \\\"system\\\": \\\"http://wcm/source\\\",  \\\"code\\\": \\\"ABC\\\" } ] }, \\\"maritalStatusSource\\\": { \\\"text\\\": \\\"Office\\\", \\\"coding\\\": [ {  \\\"system\\\": \\\"http://wcm/source\\\",  \\\"code\\\": \\\"ABC\\\" } ] }, \\\"birthDeathOriginalSource\\\": { \\\"text\\\": \\\"Mentioned by client\\\", \\\"coding\\\": [ {  \\\"system\\\": \\\"http://wcm/originalsource\\\",  \\\"code\\\": \\\"DEF\\\" } ] }, \\\"genderOriginalSource\\\": { \\\"text\\\": \\\"Mentioned by client\\\", \\\"coding\\\": [ {  \\\"system\\\": \\\"http://wcm/originalsource\\\",  \\\"code\\\": \\\"DEF\\\" } ] }, \\\"maritalStatusOriginalSource\\\": { \\\"text\\\": \\\"Mentioned by client\\\", \\\"coding\\\": [ {  \\\"system\\\": \\\"http://wcm/originalsource\\\",  \\\"code\\\": \\\"DEF\\\" } ] } }\"\n    \n    \n    JAVA\n\n    HttpResponse response = Unirest.post(\"https://host:port/Rest/v1/ees/individuals\")\n\n        .header(\"accept\", \"application/json\")\n\n        .header(\"Authorization\", \"access_token\")\n\n        .header(\"X-GRANT-TYPE\", \"client_credentials\")\n\n        .header(\"X-WCM-TENANT-INSTANCE\", \"Tenant Instance\")\n\n     .header(\"X-WCM-TENANT-ID\", \"Tenant ID\")\n\n        .header(\"Referer\", \"curam://foundational.app\")\n\n        .header(\"Content-Type\", \"application/json\")\n\n        .body(\"{ \\\"resourceType\\\": \\\"Patient\\\", \\\"active\\\": true, \\\"gender\\\": \\\"male\\\", \\\"birthDate\\\": \\\"1970-01-03\\\", \\\"deceasedBoolean\\\": false, \\\"deceasedDate\\\": \\\"\\\", \\\"source\\\": { \\\"text\\\": \\\"Office\\\", \\\"coding\\\": [ { \\\"system\\\": \\\"http://wcm/source\\\", \\\"code\\\": \\\"ABC\\\" } ] }, \\\"originalSource\\\": { \\\"text\\\": \\\"Mentioned by client\\\", \\\"coding\\\": [ { \\\"system\\\": \\\"http://wcm/originalsource\\\", \\\"code\\\": \\\"DEF\\\" } ] }, \\\"address\\\": [ { \\\"use\\\": \\\"home\\\", \\\"state\\\": \\\"NY\\\", \\\"country\\\": \\\"US\\\", \\\"source\\\": { \\\"text\\\": \\\"Office\\\", \\\"coding\\\": [  { \\\"system\\\": \\\"http://wcm/source\\\", \\\"code\\\": \\\"ABC\\\"  } ] }, \\\"originalSource\\\": { \\\"text\\\": \\\"Mentioned by client\\\", \\\"coding\\\": [  { \\\"system\\\": \\\"http://wcm/originalsource\\\", \\\"code\\\": \\\"DEF\\\"  } ] }, \\\"city\\\": \\\"New York\\\", \\\"line1\\\": \\\"31\\\", \\\"line2\\\": \\\"Park Avenue\\\", \\\"line3\\\": \\\"\\\", \\\"postalCode\\\": \\\"12345678\\\", \\\"identifier\\\": [ {  \\\"value\\\": \\\"123\\\",  \\\"type\\\": { \\\"text\\\": \\\"ExternalIdentifier\\\"  } } ], \\\"period\\\": { \\\"start\\\": \\\"2019-01-03\\\", \\\"end\\\": \\\"\\\" } } ], \\\"maritalStatus\\\": { \\\"coding\\\": [ { \\\"system\\\": \\\"http://hl7.org/fhir/v3/MaritalStatus\\\", \\\"code\\\": \\\"D\\\" } ], \\\"period\\\": { \\\"start\\\": \\\"2019-01-03\\\", \\\"end\\\": \\\"\\\" } }, \\\"telecom\\\": [ { \\\"system\\\": \\\"phone\\\", \\\"value\\\": \\\"090909\\\", \\\"use\\\": \\\"home\\\", \\\"source\\\": { \\\"text\\\": \\\"Office\\\", \\\"coding\\\": [  { \\\"system\\\": \\\"http://wcm/source\\\", \\\"code\\\": \\\"ABC\\\"  } ] }, \\\"originalSource\\\": { \\\"text\\\": \\\"Mentioned by client\\\", \\\"coding\\\": [  { \\\"system\\\": \\\"http://wcm/originalsource\\\", \\\"code\\\": \\\"DEF\\\"  } ] }, \\\"identifier\\\": [ {  \\\"value\\\": \\\"456\\\",  \\\"type\\\": { \\\"text\\\": \\\"ExternalIdentifier\\\"  } } ], \\\"period\\\": { \\\"start\\\": \\\"2019-01-03\\\", \\\"end\\\": \\\"\\\" } } ], \\\"name\\\": [ { \\\"use\\\": \\\"official\\\", \\\"family\\\": \\\"Smith\\\", \\\"given\\\": \\\"Carl\\\", \\\"prefix\\\": \\\"\\\", \\\"suffix\\\": \\\"\\\", \\\"middle\\\": \\\"\\\", \\\"source\\\": { \\\"text\\\": \\\"Office\\\", \\\"coding\\\": [  { \\\"system\\\": \\\"http://wcm/source\\\", \\\"code\\\": \\\"ABC\\\"  } ] }, \\\"originalSource\\\": { \\\"text\\\": \\\"Mentioned by client\\\", \\\"coding\\\": [  { \\\"system\\\": \\\"http://wcm/originalsource\\\", \\\"code\\\": \\\"DEF\\\"  } ] }, \\\"identifier\\\": [ {  \\\"value\\\": \\\"789\\\",  \\\"type\\\": { \\\"text\\\": \\\"ExternalIdentifier\\\"  } } ] } ], \\\"identifier\\\": [ { \\\"value\\\": \\\"12349876\\\", \\\"source\\\": { \\\"text\\\": \\\"Office\\\", \\\"coding\\\": [  { \\\"system\\\": \\\"http://wcm/source\\\", \\\"code\\\": \\\"ABC\\\"  } ] }, \\\"originalSource\\\": { \\\"text\\\": \\\"Mentioned by client\\\", \\\"coding\\\": [  { \\\"system\\\": \\\"http://wcm/originalsource\\\", \\\"code\\\": \\\"DEF\\\"  } ] }, \\\"type\\\": { \\\"coding\\\": [  { \\\"system\\\": \\\"http://wcm/identification\\\", \\\"code\\\": \\\"GHIL\\\"  } ] }, \\\"period\\\": { \\\"start\\\": \\\"2019-01-03\\\", \\\"end\\\": \\\"\\\" } } ], \\\"headerSources\\\": { \\\"birthDeathSource\\\": { \\\"text\\\": \\\"Office\\\", \\\"coding\\\": [ {  \\\"system\\\": \\\"http://wcm/source\\\",  \\\"code\\\": \\\"ABC\\\" } ] }, \\\"genderSource\\\": { \\\"text\\\": \\\"Office\\\", \\\"coding\\\": [ {  \\\"system\\\": \\\"http://wcm/source\\\",  \\\"code\\\": \\\"ABC\\\" } ] }, \\\"maritalStatusSource\\\": { \\\"text\\\": \\\"Office\\\", \\\"coding\\\": [ {  \\\"system\\\": \\\"http://wcm/source\\\",  \\\"code\\\": \\\"ABC\\\" } ] }, \\\"birthDeathOriginalSource\\\": { \\\"text\\\": \\\"Mentioned by client\\\", \\\"coding\\\": [ {  \\\"system\\\": \\\"http://wcm/originalsource\\\",  \\\"code\\\": \\\"DEF\\\" } ] }, \\\"genderOriginalSource\\\": { \\\"text\\\": \\\"Mentioned by client\\\", \\\"coding\\\": [ {  \\\"system\\\": \\\"http://wcm/originalsource\\\",  \\\"code\\\": \\\"DEF\\\" } ] }, \\\"maritalStatusOriginalSource\\\": { \\\"text\\\": \\\"Mentioned by client\\\", \\\"coding\\\": [ {  \\\"system\\\": \\\"http://wcm/originalsource\\\",  \\\"code\\\": \\\"DEF\\\" } ] } }\")\n\n        .asString();",
        "summary": "Create a client registration in Merative Integrated Care.",
        "parameters": [
          {
            "in": "header",
            "name": "Referer",
            "type": "string",
            "enum": [
              "curam://foundational.app"
            ],
            "required": true
          },
          {
            "in": "header",
            "name": "X-WCM-TENANT-ID",
            "type": "string",
            "enum": [
              "The tenant ID."
            ],
            "required": true
          },
          {
            "in": "header",
            "name": "X-WCM-TENANT-INSTANCE",
            "type": "string",
            "enum": [
              "The tenant instance."
            ],
            "required": true
          },
          {
            "in": "header",
            "name": "Authorization",
            "type": "string",
            "enum": [
              "The Access Token."
            ],
            "required": true
          },
          {
            "in": "header",
            "name": "X-GRANT-TYPE",
            "type": "string",
            "enum": [
              "client_credentials"
            ],
            "required": true
          },
          {
            "name": "body",
            "in": "body",
            "description": "The inbound message that contains the information required to create a client registration.",
            "required": true,
            "schema": {
              "$ref": "#/definitions/PatientRegistration"
            }
          }
        ],
        "responses": {
          "201": {
            "description": "The post request was successful.",
            "headers": {
              "Location": {
                "type": "string",
                "description": "The location of the new resource."
              }
            }
          },
          "400": {
            "description": "The data request is invalid. Check the error message for more information and resend the request with the corrected data.\n\nPossible error messages:\n\n  EESERR610 - Expected resourceType is Patient.\n  \n  EESERR605 - Can't register a dead patient.\n\n  EESERR606 - Maximum number of names to be provided is 5.\n  \n  EESERR607 - Maximum number of addresses to be provided is 5.\n\n  EESERR608 - Maximum number of patient identifiers to be provided is 10.\n\n  EESERR609 - Maximum number of contact points to be provided is 5.\n  \n  EESERR503 - Patient's status must be active.\n\n  EESERR485 - Patient's birth date must be provided.\n\n  EESERR486 - Patien's birth date must be before today's date.\n  \n  EESERR488 - Deceased date can't be before the date of birth.\n  \n  EESERR489 - Deceased date can't be in the future.\n\n  EESERR490 - A gender value must be provided.\n\n  EESERR491 - Invalid code provided for 'gender'.\n\n  EESERR492 - Patient's status must be active.\n  \n  EESERR493 - Only accepted system for marital status code is FHIR marital status.\n\n  EESERR494 - A marital status code must be provided when marital status is provided.\n\n  EESERR495 - Invalid code provided for 'marital status'.\n\n  EESERR480 - A name must be provided.\n  \n  EESERR481 - Period start date must be before today's date.\n\n  EESERR482 - Period end date must be after start date.\n\n  EESERR483 - Period start date must be provide if end is provided.\n\n  EESERR484 - Period start date must be after patient's birth date.\n\n  EESERR357 - Values for identifier text and identifier value must be provided if identifier is provided.\n\n  EESERR358 - Maximum number of identifiers to be provided per record is 3.\n\n  EESERR350 - Identifiers for a client's record of the same type must be unique.\n  \n  EESERR353 - Identifier ... - ... matches multiple ... records for this person.\n\n  EESERR359 - Resource ... is locked by another process.\n\n  EESERR355 - Concurrent processing, please retry.\n\n  EESERR636 - Failed to retrieve case ID for the patient.\n\n  EESERR635 - Failed to create a record.\n  \n  EESERR651 - Failed to create a record:  ...\n\n  EESERR641 - Failed to map values provided to Merative Integrated Care address type.\n\n  EESERR518 - Only US addresses are supported.\n  \n  EESERR519 - Address details must be provided if an address is provided.\n\n  EESERR600 - Invalid 'use' provided for address.\n\n  EESERR601 - Invalid 'state' provided for address.\n\n  EESERR628 - External system reference value provided for patient identifier code matches no record.\n\n  EESERR646 - Failed to map values provided to Merative Integrated Care identification type.\n\n  EESERR513 - An identification external system reference 'code' is mandatory for patient identifier.\n\n  EESERR514 - Only 1 coding object can be provided for patient identifier.\n\n  EESERR515 - Only Merative Integrated Care system is supported for patient identifier codes.\n\n  EESERR516 - A 'value' must be provided if patient identifier is provided.\n\n  EESERR517 - The 'value' for patient identifier must not exceed 18 characters.\n  \n  EESERR520 - A valid reference for a source system must be provided. \n\n  EESERR504 - A subject reference must be provided.\n\n  EESERR603 - The 'code' for patient identifier must not exceed 20 characters.\n\n  EESERR639 - Failed to map values provided to Merative Integrated Care name type.\n  \n  EESERR629 - External system reference value provided for the name suffix matches no record.\n\n  EESERR630 - External system reference value provided for the name prefix matches no record.\n\n  EESERR496 - Values must be provided for 'family', 'given', and 'use' name attributes.\n\n  EESERR497 - An 'official' name must be provided.\n\n  EESERR498 - Only 1 'preferred' name can be provided.\n\n  EESERR499 - Only 1 'official' name can be provided.\n\n  EESERR500 - Invalid 'use' value provided for name.\n\n  EESERR640 - Failed to map values provided to Merative Integrated Care birth/death type.\n\n  EESERR634 - Invalid request.\n\n  EESERR644 - Failed to map values provided to Merative Integrated Care gender type.\n\n  EESERR645 - Failed to map values provided to Merative Integrated Care marital status type.\n\n  EESERR642 - Failed to map values provided to Merative Integrated Care email type.\n\n  EESERR509 - The 'use' provided for contact point 'email' is not supported.\n\n  EESERR505 - Invalid 'system' provided for contact point record.\n  \n  EESERR506 - The 'system' provided for contact point is not supported.\n\n  EESERR507 - A 'value' must be provided if contact point is provided.\n\n  EESERR508 - A 'use' for contact point must be provided if contact point is provided.\n\n  EESERR602 - A 'system' must be specified if contact point is provided.\n\n  EESERR643 - Failed to map values provided to Merative Integrated Care phone type.\n\n  EESERR511 - The 'use' provided for contact point 'phone' is not supported.\n\n  EESERR512 - The 'value' for contact point 'phone' must not exceed 20 characters.\n\n  EESERR505 - Invalid 'system' provided for contact point record.\n\n  EESERR506 - The 'system' provided for the contact point is not supported.\n\n  EESERR507 - A 'value' must be provided if a contact point is provided.\n\n  EESERR602 - A 'system' must be specified if a contact point is provided.\n  \n  EESERR616 - A valid reference for a source system must be provided.\n  \n  EESERR617 - A valid reference for an original source system must be provided.",
            "schema": {
              "$ref": "#/definitions/DefaultErrorModel"
            }
          },
          "401": {
            "description": "Invalid authentication credentials for the target resource entered.",
            "schema": {
              "$ref": "#/definitions/DefaultErrorModel"
            }
          },
          "500": {
            "description": "An internal server error occurred. Contact your administrator for more information.",
            "schema": {
              "$ref": "#/definitions/DefaultErrorModel"
            }
          },
          "default": {
            "description": "An unexpected error occurred. Check the error message for more information.",
            "schema": {
              "$ref": "#/definitions/DefaultErrorModel"
            }
          }
        }
      }
    },
    "/v1/ees/individuals/{id}": {
      "get": {
        "tags": [
          "Client registration details"
        ],
        "description": "Retreive the registration details of a client in Merative Integrated Care based on the input ID.\n\n Example request\n \n    cURL\n    \n    curl -X POST \"https://host:port/Rest/v1/ees/individuals/12345\" -H  \"X-WCM-TENANT-ID: Tenant ID\" -H  \"X-WCM-TENANT-INSTANCE: Tenant Instance\" -H  \"accept: application/json\" -H  \"Referer: curam://foundational.app\" -H  \"Authorization: access_token\" -H  \"X-GRANT-TYPE: client_credentials\" -H  \"Content-Type: application/json\" \"\n    \n    \n    JAVA\n\n    HttpResponse response = Unirest.post(\"https://host:port/Rest/v1/ees/individuals/12345\")\n\n        .header(\"accept\", \"application/json\")\n\n        .header(\"Authorization\", \"access_token\")\n\n        .header(\"X-GRANT-TYPE\", \"client_credentials\")\n\n        .header(\"X-WCM-TENANT-INSTANCE\", \"Tenant Instance\")\n\n        .header(\"X-WCM-TENANT-ID\", \"Tenant ID\")\n\n        .header(\"Referer\", \"curam://foundational.app\")\n\n        .header(\"Content-Type\", \"application/json\")\n\n        .asString();",
        "summary": "Retreive the registration details of a client in Merative Integrated Care.",
        "parameters": [
          {
            "in": "header",
            "name": "Referer",
            "type": "string",
            "enum": [
              "curam://foundational.app"
            ],
            "required": true
          },
          {
            "in": "header",
            "name": "X-WCM-TENANT-ID",
            "type": "string",
            "enum": [
              "The tenant ID."
            ],
            "required": true
          },
          {
            "in": "header",
            "name": "X-WCM-TENANT-INSTANCE",
            "type": "string",
            "enum": [
              "The tenant instance."
            ],
            "required": true
          },
          {
            "in": "header",
            "name": "Authorization",
            "type": "string",
            "enum": [
              "The Access Token."
            ],
            "required": true
          },
          {
            "in": "header",
            "name": "X-GRANT-TYPE",
            "type": "string",
            "enum": [
              "client_credentials"
            ],
            "required": true
          },
          {
            "in": "path",
            "name": "id",
            "type": "string",
            "description": "The resource ID, which uniquely identifies the program record.",
            "required": true
          }
        ],
        "responses": {
          "201": {
            "description": "The get request was successful.",
            "schema": {
              "$ref": "#/definitions/GetPatientRegistration"
            }
          },
          "400": {
            "description": "The data request is invalid. Check the error message for more information and resend the request with the corrected data.\n\nPossible error messages:\n\n  EESERR161 - There are no matching individuals based on the ID entered.",
            "schema": {
              "$ref": "#/definitions/DefaultErrorModel"
            }
          },
          "401": {
            "description": "Invalid authentication credentials for the target resource entered.",
            "schema": {
              "$ref": "#/definitions/DefaultErrorModel"
            }
          },
          "500": {
            "description": "An internal server error occurred. Contact your administrator for more information.",
            "schema": {
              "$ref": "#/definitions/DefaultErrorModel"
            }
          },
          "default": {
            "description": "An unexpected error occurred. Check the error message for more information.",
            "schema": {
              "$ref": "#/definitions/DefaultErrorModel"
            }
          }
        }
      }
    }
  },
  "definitions": {
    "PatientRegistration": {
      "type": "object",
      "properties": {
        "resourceType": {
          "description": "Mandatory. \n\nFor Individual registration, the expected resource type is \"patient\". Any other value is rejected.",
          "type": "string",
          "enum": [
            "Patient"
          ]
        },
        "active": {
          "description": "Mandatory. \n\n\nThe \"active\" boolean attribute stores the status of the individual. Only individuals with an Active status are accepted on registration in Merative Integrated Care. ",
          "type": "boolean",
          "default": true
        },
        "gender": {
          "description": "Mandatory. \n\nThe \"gender\" attribute is used to submit the individual's gender. ",
          "type": "string",
          "enum": [
            "male",
            "female",
            "other",
            "unknown"
          ]
        },
        "birthDate": {
          "description": "Mandatory. \n\nThe \"birthDate\" represents the date of birth of the individual. Accepted format is yyyy-MM-dd.",
          "type": "string",
          "format": "date"
        },
        "deceasedBoolean": {
          "description": "Optional. \n\nThe \"deceasedBoolean\" boolean attribute communicates the deceased status of an individual. Merative Integrated Care supports registration of live individuals only.",
          "type": "boolean",
          "default": false
        },
        "deceasedDate": {
          "description": "Optional. \n\nThe \"deceasedDate\" is the date of death of the individual. Merative Integrated Care supports registration of live individuals only. Accepted format is yyyy-MM-dd.",
          "type": "string",
          "format": "date",
          "default": ""
        },
        "source": {
          "$ref": "#/definitions/CodeableConceptSource"
        },
        "originalSource": {
          "$ref": "#/definitions/CodeableConceptOriginalSource"
        },
        "address": {
          "type": "array",
          "maxItems": 5,
          "description": "Optional. \n\nList of addresses for the individual. Up to 5 records can be provided.",
          "items": {
            "$ref": "#/definitions/Address"
          }
        },
        "maritalStatus": {
          "type": "object",
          "description": "Marital (civil) status of an individual.",
          "$ref": "#/definitions/CodeableConceptMS"
        },
        "telecom": {
          "type": "array",
          "maxItems": 5,
          "description": "Optional. \n\nA contact detail for the individual. Up to 5 records can be provided.",
          "items": {
            "$ref": "#/definitions/ContactPoint"
          }
        },
        "name": {
          "type": "array",
          "maxItems": 5,
          "description": "Mandatory. \n\nName records for the individual.\n\nUp to 5 records can be provided.\n\nOne of the name records must be of 'official' use.",
          "items": {
            "$ref": "#/definitions/HumanName"
          }
        },
        "identifier": {
          "type": "array",
          "maxItems": 10,
          "description": "Optional.\n\nList of identification records to be created when registering an individual.\n\nUp to 10 identifications can be provided on registration.",
          "items": {
            "$ref": "#/definitions/PatientIdentifier"
          }
        },
        "headerSources": {
          "$ref": "#/definitions/HeaderSources"
        }
      },
      "required": [
        "active",
        "gender",
        "resourceType",
        "name",
        "birthDate",
        "source"
      ]
    },
    "GetPatientRegistration": {
      "type": "object",
      "properties": {
        "resourceType": {
          "description": "Mandatory. \n\nFor individual registration, the expected resource type is \"patient\". Any other value is rejected.",
          "type": "string",
          "enum": [
            "Patient"
          ]
        },
        "gender": {
          "description": "Mandatory. \n\nThe \"gender\" attribute is used to submit the individual's gender. ",
          "type": "string",
          "enum": [
            "male",
            "female",
            "other",
            "unknown"
          ]
        },
        "birthDate": {
          "description": "Mandatory. \n\nThe \"birthDate\" represents the date of birth of the individual. Accepted format is yyyy-MM-dd.",
          "type": "string",
          "format": "date"
        },
        "name": {
          "type": "array",
          "maxItems": 5,
          "description": "Mandatory. \n\nName records for the individual.\n\nUp to 5 records can be provided.\n\nOne of the name records must be of 'official' use.",
          "items": {
            "$ref": "#/definitions/HumanName"
          }
        },
        "identifier": {
          "type": "array",
          "maxItems": 1,
          "description": "This list of identifications will include one record, the reference number for the client.",
          "items": {
            "$ref": "#/definitions/PatientIdentifier"
          }
        }
      },
      "required": [
        "gender",
        "resourceType",
        "name",
        "birthDate"
      ]
    },
    "PatientIdentifier": {
      "type": "object",
      "properties": {
        "value": {
          "description": "Optional. \n\nThe identification value corresponds to the identification number in Merative Integrated Care.\n\nIf an identfication resource is provided, a value must be provided.",
          "type": "string",
          "maxLength": 18
        },
        "source": {
          "$ref": "#/definitions/CodeableConceptSource"
        },
        "originalSource": {
          "$ref": "#/definitions/CodeableConceptOriginalSource"
        },
        "type": {
          "type": "object",
          "$ref": "#/definitions/CodeableConceptPI"
        },
        "period": {
          "type": "object",
          "description": "Optional. \n\nA period object stores the start and the end date of the enclosing record.",
          "$ref": "#/definitions/Period"
        }
      }
    },
    "Period": {
      "type": "object",
      "properties": {
        "start": {
          "description": "Optional. \n\nThe start date of the record. \n\nThe expected format is yyyy-MM-dd.",
          "type": "string",
          "format": "date"
        },
        "end": {
          "description": "Optional. \n\nThe end date of the record.\n\nIf provided, the start date must also be provided.  \n\nThe expected format is yyyy-MM-dd.",
          "type": "string",
          "format": "date"
        }
      }
    },
    "CodeableConceptPI": {
      "type": "object",
      "properties": {
        "coding": {
          "type": "array",
          "maxItems": 1,
          "description": "Optional. \n\nThe coding object stores the details of the identification type to be created for an individual.\n\nIt must be provided if an identification value is provided.\n\nOne coding per identification record can be provided.",
          "items": {
            "$ref": "#/definitions/CodingPI"
          }
        }
      }
    },
    "CodingPI": {
      "type": "object",
      "properties": {
        "system": {
          "description": "Optional. \n\nIf provided, it must be \"http://wcm/identification\".",
          "type": "string",
          "enum": [
            "http://wcm/identification"
          ]
        },
        "code": {
          "description": "Optional. \n\nThis value stores the identification external system reference that a Merative Integrated Care administrator user configured for an identification type. \n\nIt must be provided if an identification value is provided.",
          "type": "string",
          "maxLength": 20
        }
      }
    },
    "Address": {
      "type": "object",
      "properties": {
        "use": {
          "description": "Optional. \n\nThe \"use\" value describes the purpose of the address record.\n\nThe values provided map to Merative Integrated Care address type attribute, as follows:\n\n\"home\" > Residential\n\n\"work\" >  Work\n\n\"temp\" > Temporary\n\n\"old\" > Old\n\n\"mailing\" > Mailing\n\n\"other\" > Other\n\nIf no value is provided, the Merative Integrated Care default value of Residential will be applied.",
          "type": "string",
          "enum": [
            "home",
            "work",
            "temp",
            "old",
            "mailing",
            "other"
          ]
        },
        "state": {
          "description": "Optional. \n\nThis attribute stores the value for the US State. If provided, it must match one of the values of the enumeration.",
          "type": "string",
          "enum": [
            "AL",
            "AK",
            "AZ",
            "AR",
            "AS",
            "CA",
            "CT",
            "CO",
            "DE",
            "DC",
            "FL",
            "GA",
            "GU",
            "HI",
            "ID",
            "IL",
            "IN",
            "IA",
            "KS",
            "KY",
            "LA",
            "ME",
            "MD",
            "MA",
            "MI",
            "MN",
            "MS",
            "MO",
            "MP",
            "MT",
            "NE",
            "NV",
            "NH",
            "NJ",
            "NM",
            "NY",
            "NC",
            "ND",
            "OH",
            "OK",
            "OR",
            "PA",
            "PR",
            "RI",
            "SC",
            "SD",
            "TN",
            "TX",
            "UT",
            "VI",
            "VT",
            "VA",
            "WA",
            "WV",
            "WI",
            "WY"
          ]
        },
        "country": {
          "description": "Optional. \n\n\nThis attribute stores the value for country.\n\nIf provided, it must be US.",
          "type": "string",
          "enum": [
            "US"
          ]
        },
        "source": {
          "$ref": "#/definitions/CodeableConceptSource"
        },
        "originalSource": {
          "$ref": "#/definitions/CodeableConceptOriginalSource"
        },
        "city": {
          "description": "Optional. \n\nThis attribute stores the value for city. This value is displayed in Merative Integrated Care with the same name.",
          "type": "string",
          "maxLength": 100
        },
        "line1": {
          "description": "Optional. \n\nThis attribute stores the value for the first of the 3 lines provided for address details.",
          "type": "string",
          "maxLength": 100
        },
        "line2": {
          "description": "Optional. \n\nThis attribute stores the value for the second of the 3 lines provided for address details.",
          "type": "string",
          "maxLength": 100
        },
        "line3": {
          "description": "Optional. \n\nThis attribute stores the value for the third of the 3 lines provided for address details.",
          "type": "string",
          "maxLength": 100
        },
        "postalCode": {
          "description": "Optional. \n  \n  \nThis attribute stores the value for the postal code.",
          "type": "string",
          "maxLength": 100
        },
        "identifier": {
          "type": "array",
          "maxItems": 3,
          "description": "Optional.\n\nThe identifier list of objects stores values of external identifiers for the enclosing record.\n\nIdentifier objects can be used to create and update records.\n\nAn external system can provide up to 3 identifiers for a record on registration.\n\nFor Example:\n\nAn address record that is created on registration, providing the following identifier:\n\nidentifier.type.text = \"ExtSys1\"\n\nidentifier.value = \"698368\"\n\ncan then be updated by invoking the Address PUT API and providing the identifier. ",
          "items": {
            "$ref": "#/definitions/Identifier"
          }
        },
        "period": {
          "type": "object",
          "description": "Optional. \n\nA period object stores the start and the end date of the enclosing record.",
          "$ref": "#/definitions/Period"
        }
      }
    },
    "Identifier": {
      "type": "object",
      "properties": {
        "value": {
          "description": "Optional.\n\nThis attribute stores the external identifier value.  If provided, a type.text value must be provided.",
          "type": "string",
          "maxLength": 100
        },
        "type": {
          "type": "object",
          "description": "Optional. This object stores the value for the identifier type.",
          "$ref": "#/definitions/CodeableConcept"
        }
      }
    },
    "CodeableConcept": {
      "type": "object",
      "properties": {
        "text": {
          "description": "Optional. \n\nThis attribute stores the value for the identification type.  It must be provided if an identifier value is provided.",
          "type": "string",
          "maxLength": 100
        }
      }
    },
    "HumanName": {
      "type": "object",
      "properties": {
        "use": {
          "description": "Mandatory. \n\nThe \"use\" value describes the purpose of the name record.\n\nAvailable values to be used for the corresponding corresponding Merative Integrated Care name type values are listed below. The Merative Integrated Care name type values are displayed as they appear on the Client Data page when you view the name record:\n\n\"usual\" > Preferred\n\n\"official\" >  Registered\n\n\"temp\" > Temporary\n\n\"nickname\" > Alias\n\n\"anonymous\" > Anonymous\n\n\"old\" > Old\n\n\"maiden\" > Maiden\n\nAn individual who is registered in Merative Integrated Care must have  1 registered name. A POST request for registering an individual fails if a name with 'official' use is not provided.\n\nAn individual who is registered in Merative Integrated Care can have only  1 preferred name.  A POST request for registering an individual fails if more than 1 names with 'usual' use are provided.",
          "type": "string",
          "enum": [
            "usual",
            "official",
            "temp",
            "nickname",
            "anonymous",
            "old",
            "maiden"
          ]
        },
        "family": {
          "description": "Mandatory. \n\nThe \"family\" attribute stores the value for the Merative Integrated Care \"Last Name\".",
          "type": "string",
          "maxLength": 65
        },
        "given": {
          "description": "Mandatory. \n\nThe \"given\" attribute holds the value for the Merative integrated Care \"First Name\".",
          "type": "string",
          "maxLength": 65
        },
        "prefix": {
          "description": "Optional. \n\nThe \"prefix\" attribute stores the title external system reference that a Merative Integrated Care administrator user configured.",
          "type": "string",
          "maxLength": 20
        },
        "suffix": {
          "description": "Optional. \n\nThe \"suffix\" attribute stores the suffix external system reference that a Merative Integrated Care administrator user configured.",
          "type": "string",
          "maxLength": 20
        },
        "middle": {
          "description": "Optional. \n\nThe \"middle\" attribute stores the value for the Merative Integrated Care \"Middle Name\".",
          "type": "string",
          "maxLength": 65
        },
        "source": {
          "$ref": "#/definitions/CodeableConceptSource"
        },
        "originalSource": {
          "$ref": "#/definitions/CodeableConceptOriginalSource"
        },
        "identifier": {
          "type": "array",
          "maxItems": 3,
          "description": "Optional.\n\nThe identifier list of objects stores values of external identifiers for the enclosing record.\n\nIdentifier objects can be used to create and update records.\n\nAn external system can provide up to 3 identifiers for a record on registration.\n\nFor Example:\n\nA name record that is created on registration, providing the following identifier:\n\nidentifier.type.text = \"ExtSys1\"\n\nidentifier.value = \"698368\"\n\ncan then be updated by invoking the Names PUT API and providing the identifier. ",
          "items": {
            "$ref": "#/definitions/Identifier"
          }
        }
      },
      "required": [
        "family",
        "given",
        "use"
      ]
    },
    "ContactPoint": {
      "type": "object",
      "properties": {
        "system": {
          "description": "Optional. \n\nThis attribute defines the communications system that is required to make use of the contact.\n\nIt must be provided if a telecom record is provided.\n\nThe \"system\" determines whether the record is a Merative Integrated Care email or phone data type.\n\nIf 'phone' is provided, this corresponds to a Merative Integrated Care phone record.\n\nIf 'email' is provided, this corresponds to a Merative Integrated Care email record.",
          "type": "string",
          "enum": [
            "phone",
            "email"
          ]
        },
        "value": {
          "description": "Optional. \n\nIt must be provided if a telecom record is provided.\n\nThis attribute holds the actual contact point details. If the \"system\" is 'phone', the value must not exceed 20 characters.",
          "type": "string",
          "maxLength": 256
        },
        "use": {
          "description": "Optional. \n\nThe \"use\" attribute describes the purpose of the telecom record.\n\nIf the \"system\" is 'phone', the use value is mapped to a phone type, as follows: \n\n\"home\" > Home\n\n\"work\" > Work\n\n\"temp\" > Temporary\n\n\"mobile\" > Mobile\n\n\"old\" > Old\n\nIf no value is provided, the Merative Integrated Care default value of Home is applied to the phone type.\n\n\nIf the \"system\" is 'email', the use value is mapped to an email type, as follows: \n\n\"home\" > Personal\n\n\"work\" > Work\n\n\"temp\" > Temporary\n\n\"old\" > Old\n\nIf no value is provided, the Merative Integrated Care default value of Personal is applied to the email type.  A mobile \"use\" for an email is rejected.",
          "type": "string",
          "enum": [
            "home",
            "work",
            "temp",
            "mobile",
            "old"
          ]
        },
        "source": {
          "$ref": "#/definitions/CodeableConceptSource"
        },
        "originalSource": {
          "$ref": "#/definitions/CodeableConceptOriginalSource"
        },
        "identifier": {
          "type": "array",
          "maxItems": 3,
          "description": "Optional.\n\nThe identifier list of objects stores values of external identifiers for the enclosing record.\n\nIdentifier objects can be used to create and update records.\n\nAn external system can provide up to 3 identifiers for a record on registration.\n\nFor Example:\n\nAn email record that is created on registration, providing the following identifier:\n\nidentifier.type.text = \"ExtSys1\"\n\nidentifier.value = \"698368\"\n\ncan then be updated by invoking the Telecoms PUT API and providing the identifier. ",
          "items": {
            "$ref": "#/definitions/Identifier"
          }
        },
        "period": {
          "type": "object",
          "description": "Optional. \n\nA period object stores the start and the end date of the enclosing record.",
          "$ref": "#/definitions/Period"
        }
      }
    },
    "CodeableConceptMS": {
      "type": "object",
      "properties": {
        "coding": {
          "type": "array",
          "maxItems": 1,
          "items": {
            "$ref": "#/definitions/CodingMS"
          }
        },
        "period": {
          "type": "object",
          "description": "Optional. \n\nA Period object stores the start and the end date of the enclosing record.",
          "$ref": "#/definitions/Period"
        }
      }
    },
    "CodingMS": {
      "type": "object",
      "properties": {
        "system": {
          "description": "Optional. \n\nIf provided, it must be \"http://hl7.org/fhir/v3/MaritalStatus\" .",
          "type": "string",
          "enum": [
            "http://hl7.org/fhir/v3/MaritalStatus"
          ]
        },
        "code": {
          "description": "Optional. \n\nThe \"code\" value describes the civil marital status of the individual.\n\nThe value provided maps to Merative Integrated Care marital status attribute, as follows:\n\n\"L\" > Legally Separated\n\n\"M\" > Married\n\n\"T\" > Life Partner\n\n\"S\" > Single\n\n\"U\" > Single\n\n\"W\" > Widowed\n\n\"UNK\" > Not Disclosed / Unknown\n\n\"A\" > Annulled\n\n\"I\" > Interlocutory\n\n\"P\" > Polygamous",
          "type": "string",
          "enum": [
            "D",
            "L",
            "M",
            "T",
            "S",
            "U",
            "W",
            "UNK",
            "A",
            "I",
            "P"
          ]
        }
      }
    },
    "CodeableConceptSource": {
      "type": "object",
      "properties": {
        "text": {
          "description": "Optional\n\nTextual description of codeable concept.",
          "type": "string"
        },
        "coding": {
          "type": "array",
          "maxItems": 1,
          "items": {
            "$ref": "#/definitions/CodingSource"
          }
        }
      }
    },
    "CodingSource": {
      "type": "object",
      "properties": {
        "system": {
          "description": "Required. \n\n\"http://wcm/source\" for source.",
          "type": "string",
          "enum": [
            "http://wcm/source"
          ]
        },
        "code": {
          "description": "Required. \n\nThe \"code\" value describes the source system.\n\nThe value provided maps to Merative Integrated Care source system.",
          "type": "string",
          "maxLength": 20
        }
      },
      "required": [
        "code"
      ]
    },
    "CodeableConceptOriginalSource": {
      "type": "object",
      "properties": {
        "text": {
          "description": "Optional\n\nTextual description of codeable concept.",
          "type": "string"
        },
        "coding": {
          "type": "array",
          "maxItems": 1,
          "items": {
            "$ref": "#/definitions/CodingOriginalSource"
          }
        }
      }
    },
    "CodingOriginalSource": {
      "type": "object",
      "properties": {
        "system": {
          "description": "Required. \n\n\"http://wcm/originalsource\" for orginal source.",
          "type": "string",
          "enum": [
            "http://wcm/originalsource"
          ]
        },
        "code": {
          "description": "Required. \n\nThe \"code\" value describes the original source system.\n\nThe value provided maps to Merative Integrated Care original source system.",
          "type": "string",
          "maxLength": 20
        }
      },
      "required": [
        "code"
      ]
    },
    "HeaderSources": {
      "type": "object",
      "properties": {
        "birthDeathSource": {
          "$ref": "#/definitions/CodeableConceptSource"
        },
        "genderSource": {
          "$ref": "#/definitions/CodeableConceptSource"
        },
        "maritalStatusSource": {
          "$ref": "#/definitions/CodeableConceptSource"
        },
        "birthDeathOriginalSource": {
          "$ref": "#/definitions/CodeableConceptOriginalSource"
        },
        "genderOriginalSource": {
          "$ref": "#/definitions/CodeableConceptOriginalSource"
        },
        "maritalStatusOriginalSource": {
          "$ref": "#/definitions/CodeableConceptOriginalSource"
        }
      }
    },
    "DefaultErrorModel": {
      "type": "object",
      "properties": {
        "Error": {
          "type": "array",
          "items": {
            "$ref": "#/definitions/Error"
          }
        }
      }
    },
    "Error": {
      "type": "object",
      "properties": {
        "code": {
          "type": "integer",
          "format": "int32",
          "description": "A machine-readable code that identifies the problem. This does vary with the Accept-Language setting."
        },
        "message": {
          "type": "string",
          "description": "A human-readable message. This message text is localized based on the Accept-Language setting of the request. The contents of this message text may change over time."
        },
        "level": {
          "type": "string",
          "description": "The level of the error."
        }
      },
      "required": [
        "code",
        "message",
        "level"
      ]
    }
  }
}